:04000005180177BDAA
:020000041800E2
:1000000070130A00BD77011815E3021889770118EB
:10001000897701188977011889770118897701187C
:100020000000000000000000000000003570011812
:1000300089770118000000009D6F0118B9A401180C
:100040001BE70218E9700118E9700118E97001183E
:10005000E9700118E9700118E9700118E9700118D8
:10006000E9700118E9700118E9700118E9700118C8
:10007000E9700118E9700118E9700118E9700118B8
:10008000E9700118E9700118E9700118E9700118A8
:10009000E9700118E9700118E9700118E970011898
:1000A000E9700118E9700118E9700118E970011888
:1000B000E9700118E9700118E9700118E970011878
:1000C00048720100445005000000001801000000C3
:1000D00056454E55535F52544F53000000000000E8
:1000E0000000000000000000000000000000000010
:1000F000000000000000000000000000A504134004
:1001000081F0004102E000BF83F0004330B54FEAC8
:1001100041044FEA430594EA050F08BF90EA020F35
:100120001FBF54EA000C55EA020C7FEA645C7FEAC8
:10013000655C00F0E2804FEA5454D4EB5555B8BFEB
:100140006D420CDD2C4480EA020281EA030382EA5C
:10015000000083EA010180EA020281EA0303362DEE
:1001600088BF30BD11F0004F4FEA01314FF4801CC1
:100170004CEA113102D0404261EB410113F0004FD3
:100180004FEA03334CEA133302D0524263EB43038A
:1001900094EA050F00F0A780A4F10104D5F1200E28
:1001A0000DDB02FA0EFC22FA05F2801841F1000183
:1001B00003FA0EF2801843FA05F359410EE0A5F157
:1001C00020050EF1200E012A03FA0EFC28BF4CF088
:1001D000020C43FA05F3C01851EBE37101F000453E
:1001E00007D54FF0000EDCF1000C7EEB00006EEB4B
:1001F0000101B1F5801F1BD3B1F5001F0CD34908D5
:100200005FEA30004FEA3C0C04F101044FEA44522B
:1002100012F5800F80F09A80BCF1004F08BF5FEAB2
:10022000500C50F1000041EB045141EA050130BD92
:100230005FEA4C0C404141EB0101013C28BFB1F5A4
:10024000801FE9D291F0000F04BF01460020B1FAEF
:1002500081F308BF2033A3F10B03B3F120020CDAC2
:100260000C3208DD02F1140CC2F10C0201FA0CF0A0
:1002700021FA02F10CE002F11402D8BFC2F1200C05
:1002800001FA02F120FA0CFCDCBF41EA0C019040BB
:10029000E41AA2BF01EB0451294330BD6FEA040404
:1002A0001F3C1CDA0C340EDC04F11404C4F12002EF
:1002B00020FA04F001FA02F340EA030021FA04F301
:1002C00045EA030130BDC4F10C04C4F1200220FA58
:1002D00002F001FA04F340EA0300294630BD21FA96
:1002E00004F0294630BD94F0000F83F4801306BF5C
:1002F00081F480110134013D4EE77FEA645C18BF50
:100300007FEA655C29D094EA050F08BF90EA020FE6
:1003100005D054EA000C04BF1946104630BD91EADE
:10032000030F1EBF0021002030BD5FEA545C05D1E1
:100330004000494128BF41F0004130BD14F5800420
:100340003CBF01F5801130BD01F0004545F0FE4194
:1003500041F470014FF0000030BD7FEA645C1ABFC9
:10036000194610467FEA655C1CBF0B46024650EA00
:10037000013406BF52EA033591EA030F41F400212C
:1003800030BD00BF90F0000F04BF0021704730B5B2
:100390004FF4806404F132044FF000054FF0000187
:1003A00050E700BF90F0000F04BF0021704730B548
:1003B0004FF4806404F1320410F0004548BF40421D
:1003C0004FF000013EE700BF42004FEAE2014FEA72
:1003D00031014FEA02701FBF12F07F4393F07F4F4D
:1003E00081F06051704732F07F4208BF704793F050
:1003F0007F4F04BF41F40021704730B54FF4607463
:1004000001F0004521F000411CE700BF50EA010265
:1004100008BF704730B54FF000050AE050EA01020E
:1004200008BF704730B511F0004502D5404261EB7E
:1004300041014FF4806404F132045FEA915C3FF4BF
:10044000D8AE4FF003025FEADC0C18BF03325FEA5C
:10045000DC0C18BF033202EBDC02C2F1200300FA0D
:1004600003FC20FA02F001FA03FE40EA0E0021FA32
:1004700002F11444BDE600BF70B54FF0FF0C4CF420
:10048000E06C1CEA11541DBF1CEA135594EA0C0FD2
:1004900095EA0C0F00F0DEF82C4481EA030621EA0D
:1004A0004C5123EA4C5350EA013518BF52EA033548
:1004B00041F4801143F4801338D0A0FB02CE4FF0FA
:1004C0000005E1FB02E506F00042E0FB03E54FF02A
:1004D0000006E1FB03569CF0000F18BF4EF0010E22
:1004E000A4F1FF04B6F5007F64F5407404D25FEA1E
:1004F0004E0E6D4146EB060642EAC62141EA5551D1
:100500004FEAC52040EA5E504FEACE2EB4F1FD0C12
:1005100088BFBCF5E06F1ED8BEF1004F08BF5FEA90
:10052000500E50F1000041EB045170BD06F0004642
:1005300046EA010140EA020081EA0301B4EB5C04EF
:10054000C2BFD4EB0C0541EA045170BD41F48011E7
:100550004FF0000E013C00F3AB8014F1360FDEBF0C
:10056000002001F0004170BDC4F10004203C35DAE8
:100570000C341BDC04F11404C4F1200500FA05F36B
:1005800020FA04F001FA05F240EA020001F000420C
:1005900021F0004110EBD37021FA04F642EB060182
:1005A0005EEA430E08BF20EAD37070BDC4F10C04AC
:1005B000C4F1200500FA04F320FA05F001FA04F270
:1005C00040EA020001F0004110EBD37041F100015C
:1005D0005EEA430E08BF20EAD37070BDC4F1200567
:1005E00000FA05F24EEA020E20FA04F301FA05F2CF
:1005F00043EA020321FA04F001F0004121FA04F277
:1006000020EA020000EBD3705EEA430E08BF20EA46
:10061000D37070BD94F0000F0FD101F00046400080
:1006200041EB010111F4801F08BF013CF7D041EA02
:10063000060195F0000F18BF704703F00046520006
:1006400043EB030313F4801F08BF013DF7D043EAD7
:100650000603704794EA0C0F0CEA135518BF95EA8D
:100660000C0F0CD050EA410618BF52EA4306D1D114
:1006700081EA030101F000414FF0000070BD50EA33
:10068000410606BF1046194652EA430619D094EABD
:100690000C0F02D150EA013613D195EA0C0F05D1A7
:1006A00052EA03361CBF104619460AD181EA0301FB
:1006B00001F0004141F0FE4141F470014FF00000B3
:1006C00070BD41F0FE4141F4780170BD70B54FF04E
:1006D000FF0C4CF4E06C1CEA11541DBF1CEA1355CE
:1006E00094EA0C0F95EA0C0F00F0A7F8A4EB0504B0
:1006F00081EA030E52EA03354FEA013100F08880A7
:100700004FEA03334FF0805545EA131343EA12636F
:100710004FEA022245EA111545EA10654FEA002624
:100720000EF000419D4208BF964244F1FD0404F5DD
:10073000407402D25B084FEA3202B61A65EB030539
:100740005B084FEA32024FF480104FF4002CB6EBF6
:10075000020E75EB030E22BFB61A754640EA0C0076
:100760005B084FEA3202B6EB020E75EB030E22BFB6
:10077000B61A754640EA5C005B084FEA3202B6EBF7
:10078000020E75EB030E22BFB61A754640EA9C00B6
:100790005B084FEA3202B6EB020E75EB030E22BF86
:1007A000B61A754640EADC0055EA060E18D04FEA44
:1007B000051545EA16754FEA06164FEAC30343EAE4
:1007C00052734FEAC2025FEA1C1CC0D111F4801FB1
:1007D0000BD141EA00014FF000004FF0004CB6E7AA
:1007E00011F4801F04BF01430020B4F1FD0C88BF49
:1007F000BCF5E06F3FF6AFAEB5EB030C04BFB6EB54
:10080000020C5FEA500C50F1000041EB045170BD46
:100810000EF0004E4EEA113114EB5C04C2BFD4EB73
:100820000C0541EA045170BD41F480114FF0000EF7
:10083000013C90E645EA060E8DE60CEA135594EA73
:100840000C0F08BF95EA0C0F3FF43BAF94EA0C0F76
:100850000AD150EA01347FF434AF95EA0C0F7FF4EB
:1008600025AF104619462CE795EA0C0F06D152EA3F
:1008700003353FF4FDAE1046194622E750EA410623
:1008800018BF52EA43067FF4C5AE50EA41047FF434
:100890000DAF52EA43057FF4EBAE12E74FF0FF3C99
:1008A00006E000BF4FF0010C02E000BF4FF0010C6A
:1008B0004DF804CD4FEA410C7FEA6C5C4FEA430CE3
:1008C00018BF7FEA6C5C1BD001B050EA410C0CBF32
:1008D00052EA430C91EA030F02BF90EA020F002094
:1008E000704710F1000F91EA030F58BF994208BFFB
:1008F00090422CBFD8176FEAE37040F001007047B8
:100900004FEA410C7FEA6C5C02D150EA013C07D10E
:100910004FEA430C7FEA6C5CD6D152EA033CD3D059
:100920005DF8040B704700BF8446104662468C4653
:100930001946634600E000BF01B5FFF7B7FF002886
:1009400048BF10F1000F01BD4DF808EDFFF7F4FFAF
:100950000CBF012000205DF808FB00BF4DF808ED3A
:10096000FFF7EAFF34BF012000205DF808FB00BF5D
:100970004DF808EDFFF7E0FF94BF012000205DF87F
:1009800008FB00BF4DF808EDFFF7CEFF94BF012034
:1009900000205DF808FB00BF4DF808EDFFF7C4FF2D
:1009A00034BF012000205DF808FB00BF4FEA410280
:1009B00012F5001215D211D56FF47873B3EB6252B1
:1009C00012D94FEAC12343F0004343EA505311F0D8
:1009D000004F23FA02F018BF404270474FF000006A
:1009E000704750EA013005D111F0004008BF6FF0A8
:1009F000004070474FF00000704700BF4A0011D21E
:100A000012F5001211D20DD56FF47873B3EB625268
:100A10000ED44FEAC12343F0004343EA505323FA74
:100A200002F070474FF00000704750EA013002D1E9
:100A30004FF0FF3070474FF0000070474FEA41021F
:100A4000B2F1E04324BFB3F5001CDCF1FE5C0DD92C
:100A500001F0004C4FEAC0024CEA5070B2F1004F76
:100A600040EB830008BF20F00100704711F0804F79
:100A700021D113F13872BCBF01F00040704741F43E
:100A800080114FEA5252C2F11802C2F1200C10FA42
:100A90000CF320FA02F018BF40F001004FEAC12326
:100AA0004FEAD32303FA0CFC40EA0C0023FA02F3CA
:100AB0004FEA4303CCE77FEA625307D150EA0133A0
:100AC0001EBF4FF0FE4040F44000704701F0004070
:100AD00040F0FE4040F40000704700BF7BB972B99F
:100AE0000029BEBF00204FF0004106E008BF0028EB
:100AF0001CBF6FF000414FF0FF3000F057B8ADF170
:100B0000080C6DE904CE002909DB002B1ADB00F08C
:100B100031FFDDF804E0DDE9022304B07047404214
:100B200061EB4101002B1BDB00F024FFDDF804E04A
:100B3000DDE9022304B0404261EB4101524263EB24
:100B400043037047524263EB430300F013FFDDF8A9
:100B500004E0DDE9022304B0404261EB410170474B
:100B6000524263EB430300F005FFDDF804E0DDE9EA
:100B7000022304B0524263EB4303704753B94AB9AE
:100B8000002908BF00281CBF4FF0FF314FF0FF3095
:100B900000F00CB8ADF1080C6DE904CE00F0EAFEEF
:100BA000DDF804E0DDE9022304B07047704700BFC0
:100BB000844641EA000313F0030349D1403A23D3AA
:100BC0000B6803604B6843608B688360CB68C360CD
:100BD0000B6903614B6943618B698361CB69C361B5
:100BE0000B6A03624B6A43628B6A8362CB6AC3629D
:100BF0000B6B03634B6B43638B6B8363CB6BC36385
:100C000040304031403ADBD230320BD30B680360C6
:100C10004B6843608B688360CB68C36010301031D1
:100C2000103AF3D20C3205D351F8043B40F8043BA0
:100C3000043AF9D2043208D0D2071CBF11F8013BA4
:100C400000F8013B01D30B8803806046704700BF6A
:100C5000082A13D38B07B1D010F00303AED0C3F131
:100C60000403D21ADB071CBF11F8013B00F8013B5B
:100C7000A4D331F8023B20F8023B9FE7043AD9D3D2
:100C8000013A11F8013B00F8013BF9D20B780370EF
:100C90004B7843708B7883706046704780EA010C14
:100CA0001CF0030F37D110F0030C20F0030021F0EB
:100CB000030150F8042B08BF51F8043B0ED08CF010
:100CC000030C6FF07F434FEACC0C23FA0CFC51F875
:100CD000043B42EA0C0243EA0C0300BFA2F1013CD0
:100CE0009A4201BF2CEA020C1CF0803F50F8042B02
:100CF00051F8043BF2D04FEA02604FEA1222012879
:100D000028BFB0EB036F08BF1B0AF4D003F0FF034A
:100D1000000EC01A704710F0030F0AD010F8012B14
:100D200011F8013B012A28BF9A42F4D0A2EB03003C
:100D300070474DF8045D50F8042B01F0030521F0D5
:100D4000030151F8043B022D26D04DD822F07F45F7
:100D5000B5EB132FA2F1013C2CEA020C0DD11CF0D3
:100D6000803C08BF51F8043B0AD185EA0205B5EB87
:100D7000036F0CD150F8042BE8E74FEA13235BE034
:100D80003CF07F4C54D10B784FEA126554E04FEAA7
:100D9000126503F0FF034FE04FEA0245A2F1013C68
:100DA0004FEA15452CEA020CB5EB134F18D11CF095
:100DB000803C08BF51F8043B07D185EA0205B5EB3A
:100DC000034F09D150F8042BE6E75FEA0C4C2FD112
:100DD0000B884FEA12452FE04FEA03434FEA1245D2
:100DE0004FEA134328E000BF02F0FF05B5EB136F95
:100DF000A2F1013C2CEA020C0DD11CF0803C08BF92
:100E000051F8043B0AD185EA0205B5EB032F0AD15C
:100E100050F8042BE8E74FEA13630DE012F0FF0FE0
:100E200006D051F8043B4FEA122523F07F4303E03C
:100E30004FF0000020BC704705F0FF0203F0FF00F8
:100E4000012828BF904204BF2D0A1B0AF4D0A2EB50
:100E5000000020BC704700BF4FEA410C7FEA6C5C89
:100E600002D150EA013C0AD14FEA430C7FEA6C5CA4
:100E700002D152EA033C02D14FF0000070474FF01C
:100E80000100704703685A004CBF43F0004323F051
:100E90000043184470472DE9F0470646174641B312
:100EA00001394FF00009884609EB080404EBD474BB
:100EB000641006EBC4054FEAC40A2846FFF7E2FFB8
:100EC000A14204D1B84204D82846BDE8F087B84210
:100ED00004D9A1450DD004F1FF38E5E70AF1080077
:100EE0003044FFF7CFFF0138B842EDD204F10109D9
:100EF000DAE70025E8E7012806D0022806D0002816
:100F0000034818BF002070470248704702487047E6
:100F10001115001815150018191500181F4B37B5B5
:100F200004468D1E4BB101A92846AFF3008048B995
:100F300000230920236103B030BD1948194B1B1A47
:100F4000DB10019301992A46FFF7A5FF014600280F
:100F5000EED0FFF797FF4B68A064012B1AD0002B4F
:100F600001F1040010DBFFF78DFF0023C4E9130338
:100F70000368002B0ADAC3F30360FFF7BCFF0346E4
:100F80000028D5D00020D5E70123EFE7FFF77AFF4F
:100F90000346F7E700230520CCE700BF0000000070
:100FA000B84A0318B04C03180368DA0710B50446B2
:100FB00005D49B0700F1480018D500F0F7FB236823
:100FC000590703D404F1D00000F0F8FB23681A0796
:100FD00003D404F5A87000F0F9FB2368DB0608D4FD
:100FE00004F5E870BDE8104000F034BC00F0D6FB1A
:100FF000E5E710BD092070470346006800B11844BA
:101000007047704770B505460C46216C2846FFF7BF
:1010100085FF064608B116F011FF236C22462946CB
:1010200001206B612B6998470828EED00728F2D180
:101030003046216CFFF7E5FF201D00F0A3FB2DE9F2
:10104000F0470C1DADF5727DD0F80C900746D0F836
:1010500018A0164603AD0DF108080FCC0FC50FCC34
:101060000FC50FCC0FC594E80F0085E80F000025D1
:10107000C8F800500936D8F840103846FFF74EFF40
:101080000446F6B268BBD8F840304FF4F0724146DF
:101090007AA87B61FFF78CFD3B697AAA3946304616
:1010A0009847889B0546C8F844303A463B46314647
:1010B0000120CDE9008AC847C0B9C4B94FF4F07225
:1010C0007AA940462646FFF773FD082DD2D0072D9A
:1010D0000CD12046D8F84010FFF793FF03A800F08A
:1010E00051FB46F01006D8F83830DCE709242046DA
:1010F0000DF5727DBDE8F087406C7047F0B5CB6BA5
:10110000F9B00D1D06460B640F4601AC0FCD0FC4A0
:101110000FCD0FC40FCD0FC495E80F0084E80F006A
:101120004FF0FF33009310993046FFF7F7FE78B980
:1011300033696A463146984708280446F3D0684622
:10114000FFF732FF062C03D139463046FFF75AFF2E
:10115000092079B0F0BD10B48261DA6BC160194624
:101160001A64002210BC6AE770B543690446C66879
:101170000D460B6426B10122FFF761FF16F05EFEFB
:1011800003690A46014602209847072805D0082827
:10119000F4D129462046FFF735FF3046296CFFF78A
:1011A00030FF281D00F0EEFAC26802B9A6E7CA6B4C
:1011B0000A64002243E77047836801460BB10120AF
:1011C00018477047012910B50446084605D005D9CF
:1011D000C81E01288CBF0220012010BD43B90F2A70
:1011E00006D804EB8204029A184661681160F4E79D
:1011F0000220F2E71FB503AB0A460093002319460D
:10120000FFF7E0FF039805B05DF804FB012910B576
:101210000446084605D005D9C81E01288CBF022007
:10122000012010BD43B90F2A06D8029904EB8204AD
:10123000184609686160F4E70220F2E71FB503ABC6
:1012400003920A46009300231946FFF7DFFF05B01B
:101250005DF804FBF0B5D36BADF50F7D141D0646AC
:1012600013640F4617AD0FCC0FC50FCC0FC50FCCB5
:101270000FC594E80F0085E80F004FF0FF33169379
:1012800026996846FFF74AFE90B90C2116A86A46CF
:10129000FFF7D4FF394616A8B04748B9049B16AAF1
:1012A0006946082098470528044602D00928E7D156
:1012B000092416A8FFF778FE20460DF50F7DF0BD36
:1012C0002DE9F04FCD6C87B017460C4655F8042B2E
:1012D00000F003099A4604953BBB12028DF81530C5
:1012E00003230392B9F1020F8DF81430236D08BF68
:1012F000A56B13F0010322D100F0080800932B68BE
:1013000043BB03A9384600F0A8FC002840F0FB804E
:10131000009BDBB10F213846FFF76CFF0E21024620
:101320003846FFF78BFF794A55E0130C12048DF80D
:101330001530DBB2039205EB83050223D2E703A944
:10134000384600F08AFC002840F0DD80082007B015
:10135000BDE8F08FBAF1020FA26C4FF00F013846D2
:1013600007BFD5F804B005F10806B5F802B02E1D88
:1013700018BF2B882BF0010501931544FFF73AFFA6
:10138000019B854229D823F001022A44824294BF5E
:10139000002201224FEA4B0003F0010300F002009B
:1013A00040EA0305012D1AD0022D5ED0002D40F039
:1013B000AA80351DB9F1000FA1D0002A9FD0304678
:1013C000FFF760FDA5630646204632F040FF002887
:1013D00000F0998032460F213FE00022DAE7B9F1B0
:1013E000000F26D1002A3DD073683268991C4FEA5D
:1013F000D27200F0888004F158010133029109D0C3
:10140000301DFFF7F9FD02AB0146204623F0CCFD6D
:10141000054638B30D213846FFF7ECFE022D029B3E
:10142000206202D1E36204F12C030620C4E90936EC
:101430008DE7256A0D213846FFF7DCFE854211D184
:10144000A36A9E420ED13046FFF71CFD0F210246D3
:101450003846FFF7F3FE224600213846FFF7EEFE3E
:10146000072074E706F1080549E7356825F00045CF
:10147000B9F1000F2AD1A2B1B8F1000F19D085B986
:10148000CB4617E00BF1010B019B002206EB8B0012
:101490000293FFF7B1FD02AB0146204623F084FD25
:1014A00058B13368002B00DA0436013506EB8505A8
:1014B00025E7C34604F158030193AB45E2D10D2162
:1014C0003846FFF797FE029B2062AEE7D4F820B0C3
:1014D0000D213846FFF78EFE8345E2D1A36A9E4276
:1014E000DFD14FF0000B0423A562C4E90BB3F3185E
:1014F000636333685B4503DA681C06EB8000A3E78F
:1015000001230093D1E7092021E700BFC955021844
:101510000023D5E60123D3E60223D1E62DE9F041ED
:101520000546C2B014461E46042925D8DFE811F04E
:1015300005001C002400D6000301EEB9836B92B2B3
:101540000121043001FA06F717421CBF53F8047B4F
:1015500040F826700136102EF4D1A60400D4AB63F7
:10156000002042B0BDE8F081012E4FEA124794B24C
:1015700004D13B19102B41D90220F2E7052EFBD1F3
:1015800007EB0408B8F1200FF6D80F2F4DD9002C27
:10159000E6D00368A046580708D523F00403284680
:1015A00040F8D03B00F00EF90F2F48D9684600F004
:1015B00009F9AB6B102F3A4642A94FEA480838BFE9
:1015C00010221C4608F1FF3801EBC2024FEA8801E5
:1015D000A2F5C472101F02EB880254F804CB40F845
:1015E00004CF8242F9D10A1D012E134417D00F2FC8
:1015F000AB636FD9684600F0E1F8B1E7102FBBD0BC
:101600000368DA0705D523F0030340F8483B00F0F0
:10161000C9F820A800F0C6F8AB6B002C3FD104330A
:1016200020A8AB6300F0BAF89AE7B8F1100F03688E
:101630002DD9DC07A8F1100842D45807ADD420A852
:10164000C7F1100400F0B6F8684600F0BBF820AA15
:101650006400AB6B02EBC702013C101FA10002EB60
:1016600084021C4654F804CB40F804CF9042F9D1D0
:101670000A1D1344B8F1000F9CD1012ECFD00F2FBB
:10168000AB633FF66DAF20A800F090F868E7D9078C
:101690000DD420A800F08EF8AB6B002CF3D06400C2
:1016A00020AA4FF0000802EBC702013CD5E723F067
:1016B000010343F0020340F8483B00F07BF8E8E701
:1016C00023F0010343F0020340F8483B00F072F8B6
:1016D0002B68B2E720A800F069F88BE7032E7FF4AF
:1016E0004BAF97B2160C07EB1244102C3FF644AFE9
:1016F0000368190706D523F00803036000F5A870F6
:1017000000F086F820A800F083F820ABAA6BF9005F
:1017100003EBC60303EBC707D41ABB4203EB040079
:1017200005D10A4420A8AA6300F050F818E7006821
:1017300043F8040BF1E7002E7FF41EAF102A3FF6AA
:101740001BAF0368DA0606D523F01003036000F52B
:10175000E87000F089F820AE304600F085F8AB6BF9
:101760000022012101FA02F020421CBF53F8040BB1
:1017700046F822000132042AF4D13046AB6300F06F
:1017800069F8EDE600F1340191E838009C46A64680
:101790004CF8045D90E8FF0FE54600BD90EC210B8E
:1017A000704700BF80EC210B704700BF90EC200B0E
:1017B000704700BF80EC200B704700BFD0EC200BBF
:1017C000704700BFC0EC200B704700BFF0EC020177
:1017D000F0EC0211F0EC0221F0EC0231F0EC0241ED
:1017E000F0EC0251F0EC0261F0EC0271F0EC0281DD
:1017F000F0EC0291F0EC02A1F0EC02B1F0EC02C1CD
:10180000F0EC02D1F0EC02E1F0EC02F1704700BF25
:10181000E0EC0201E0EC0211E0EC0221E0EC02312C
:10182000E0EC0241E0EC0251E0EC0261E0EC02711C
:10183000E0EC0281E0EC0291E0EC02A1E0EC02B10C
:10184000E0EC02C1E0EC02D1E0EC02E1E0EC02F1FC
:10185000704700BFB0FC0181B0FC0191B0FC01A158
:10186000B0FC01B1704700BFA0FC0181A0FC019158
:10187000A0FC01A1A0FC01B1704700BFEC4600B57F
:101880002DE900502DE9FF1F4FF000032DE90C005A
:1018900001A9FFF733FCDDF840E012B0704700BF4C
:1018A000EC4600B52DE900502DE9FF1F4FF0000375
:1018B0002DE90C0001A9FFF757FCDDF840E012B05C
:1018C000704700BFEC4600B52DE900502DE9FF1F21
:1018D0004FF000032DE90C0001A9FFF765FCDDF8CE
:1018E00040E012B0704700BFEC4600B52DE9005053
:1018F0002DE9FF1F4FF000032DE90C0001ABFFF7AE
:101900002AFCDDF840E012B0704700BFEC4600B59D
:101910002DE900502DE9FF1F4FF000032DE90C00C9
:1019200001AAFFF797FCDDF840E012B0704700BF56
:10193000430803F05533C01A00F03333800800F039
:10194000333018444FF0013300EB101000F00F302B
:101950005843000E704780EA104046F6961380EA1E
:10196000102080EA101000F00F0043FA00F000F0A1
:10197000010070472DE9F04786468C460846089ED0
:10198000154674461946002B40F0C1808542B2FAD4
:1019900082F245D94AB1C2F1200300FA02FC954017
:1019A00094402EFA03F343EA0C0C4FEA154EA8B20A
:1019B000230CBCFBFEF80EFB18CC08FB00F943EA35
:1019C0000C43994528D9EB1808F1FF3704D2994503
:1019D00002D9A8F102072B44A3EB0903A4B2B3FB7D
:1019E000FEFC0EFB1C330CFB00F044EA0344A04257
:1019F00014D92C190CF1FF3304D2A04202D9ACF156
:101A000002032C44241A43EA07401EB1D4400023A9
:101A100034607360BDE8F0874746DDE76346F1E771
:101A200092BB431B01214FEA154EAFB2200CB3FB12
:101A3000FEFC0EFB1C330CFB07F840EA0343984501
:101A400061D9EB180CF1FF3004D2984502D9ACF102
:101A500002002B44A3EB0803A4B2B3FBFEFC0EFB75
:101A60001C330CFB07F744EA0344A7424DD92C1959
:101A70000CF1FF3304D2A74202D9ACF102032C448B
:101A8000E41B43EA0040C0E7C2F1200395409440C4
:101A900020FA03F12EFA03F34FEA154E9040AFB24D
:101AA0000343B1FBFEFC0EFB1C10190C0CFB07F8EA
:101AB00041EA0041884522D969180CF1FF3004D26F
:101AC000884502D9ACF102002944A1EB08019BB280
:101AD000B1FBFEFC0EFB1C110CFB07F743EA0143B4
:101AE0009F420ED9EB180CF1FF3104D29F4202D96C
:101AF000ACF102012B44DB1B41EA004193E7604655
:101B0000E3E76146F7E76046A4E76346B8E7834248
:101B100006D916B9002108467CE7C6E900E0F9E7D6
:101B2000B3FA83F78FB9834201D3724508D8BEEB6D
:101B3000020460EB030301209C461EB9002169E703
:101B40003846FAE7C6E9004CF8E7C7F1200CBB407D
:101B50000EFA07F522FA0CF42EFA0CF1BA401C43E7
:101B600020FA0CF3B8404FEA144901431FFA84FEEF
:101B7000B3FBF9F809FB18300B0C08FB0EFA43EA2B
:101B800000439A4540D9E31808F1FF3004D29A4542
:101B900002D9A8F102002344A3EB0A0389B2B3FBE4
:101BA000F9F809FB183308FB0EFE41EA03418E45A4
:101BB0002CD9611808F1FF3304D28E4502D9A8F15F
:101BC0000203214443EA0040A1EB0E01A0FB02986E
:101BD0004145CE46434602D306D14D4504D2013895
:101BE000B9EB020E68EB0403002EA7D0B5EB0E0292
:101BF00061EB030101FA0CFC22FA07F3F9404CEA0D
:101C00000303C6E9003199E74046C5E74346D9E7F3
:101C1000027A03467AB9427A82B1013A4272426844
:101C2000111D12680260032241601A721A68100EB8
:101C300012021A607047013AD2B2F6E7B02070473C
:101C40001FB503AB0C22009300231946FFF7BAFA25
:101C5000039805B05DF804FBF2E72DE9F043054673
:101C600085B00E464FF000083046FFF7D1FFB02890
:101C7000044615D1B8F1000F0ED103AC43460E2235
:101C8000414628460094FFF79DFA43460F224146FD
:101C900028460094FFF7BAFA002005B0BDE8F083AB
:101CA00002061DD44FEA8009002303AF0D225FFA1C
:101CB00089F9194628460097FFF784FA09F10409C3
:101CC000039B14F0400F14BFA3EB09034B44039391
:101CD000002300970D2219462846FFF797FAC3E71D
:101CE00000F0F003802B18D104023046FFF790FF7C
:101CF0000443B4F5004F01D10920CEE724010023AD
:101D00002846A2B21946FFF709FC0028F4D114F4C2
:101D1000004F18BF4FF00108A6E7902B0DD100F03F
:101D20000D030D2BE8D003AF002300F00F0228466F
:101D300019460097FFF746FACAE7A02B13D1C34311
:101D40004FF47F6203F007031A41030702F47F6236
:101D500001D542F48042002319462846FFF7DEFBF6
:101D6000002881D0C8E7B02B46D1B12808D1304631
:101D7000FFF74EFF431E0246DBB20E2BEBD9BBE74B
:101D8000B22820D1002303AC0D2228461946009426
:101D90000227FFF717FA3046FFF73AFF00F07F01FE
:101DA00010F08003039A01FA07F105D102F50172E0
:101DB00000940A4403928DE70A44304607370392A1
:101DC000FFF726FFEAE7B3280BD13046FFF720FFE5
:101DD0000123020300F00F0002F4702201300243DD
:101DE000BAE700F0FC03B42B86D000F00702012311
:101DF000013242F40022AFE7C02B44D1C6280AD1F9
:101E00003046FFF705FF0323020300F00F0002F442
:101E100070220130E3E7C7280BD13046FFF7F8FE08
:101E2000431E0246DBB20E2B3FF666AF00230421B1
:101E300093E700F0F803C02B06D100F00F02032354
:101E4000013242F4202287E7C8280DD13046FFF73F
:101E5000DFFE00F0F00200F00F0005231032013029
:101E600040EA0232012178E7C9287FF445AF3046C5
:101E7000FFF7CEFE0523020300F00F0002F47022EC
:101E800001300243EEE700F0F803D02B7FF434AFCB
:101E900000F007020523013242F40022E2E71FB5F9
:101EA00003460846DA6C53680832190202921B0E88
:101EB0000322019101A98DF80C208DF80D30FFF758
:101EC000CCFE05B05DF804FB08B5FFF7C5FE806CDD
:101ED00008BD08B5FFF7C0FEC06CC379023300EB44
:101EE000830008BD000000002DE9F04F89B00546D1
:101EF000164604910593836806AA5B6898470028F4
:101F000032DBDDE9064A204B4FF0FF39A4FB03B278
:101F100003FB0A230393584619A3D3E9002303992B
:101F2000FEF72CFEDFF86480039BD94578EB0303B2
:101F300007461CD312A3D3E90023A6FB04B406FB77
:101F40000A4458462146FEF719FED94578EB0404A9
:101F500003460CD38742AA680CD305992846009102
:101F6000146804993A46A04709B0BDE8F08F6FF0B5
:101F70008500F9E76FF01500F6E700BFAFF30080CA
:101F800000CA9A3B0000000040420F00FFC99A3B84
:101F9000F7B50B7A0446012B0D4659D906468389BD
:101FA00002F00F025BBA23F0780141F0200161F3E7
:101FB00007035BBA8381C37B42F0100203F00F0377
:101FC00063F01F03C3738273B5F86820264F62F372
:101FD0004303C37395F96720DBB262F30003C37355
:101FE000B5F8663006F8103FA86D1BA3D3E90023AF
:101FF00080FB0701FEF772FD19A3D3E900230090CF
:10200000E86D80FB0701FEF769FD0DF10302019009
:102010000DF1070304F1130112F8010D06F8010F89
:1020200013F8010D8E42F070F6D1B5F862305B0006
:102030009AB2C3F30B136376A37E62F30713A376FE
:10204000B5F9603003F5FA735B005BBAA4F817309A
:1020500003B0F0BDAFF30080804A5D0500000000D2
:102060000095BA0A00000000FFFF7F00000000009A
:102070002DE9F3470646C568076840F2DC6008F0C2
:10208000E9FA0446002858D0B7F5FA5F08D0B7F54A
:102090007A5F3AD0A021484B484A494825F0FAF9DE
:1020A000C0E90075B5F5A07F50DC052395FBF3F57D
:1020B00000264FF00008DFF8149105F1FF3A04F113
:1020C0000807B54246DC4FF4A062002104F5847095
:1020D00025F0BEFF002204F5C1631A6004F20C6310
:1020E0001A600021C02204F5C26025F0B1FF002370
:1020F0004FF400701A4619462BF02EFDC4F8D00696
:10210000E0B9C4212F4B2D4AC7E7C0E900757068BC
:102110003030800008F09EFA00230021C4F8D40675
:10212000D4F8D4261A440433C02B1160F8D1D4F863
:10213000D4363BB9204629F0DCFA0024204602B010
:10214000BDE8F08705EBD5756D10ABE7B6211E4BEA
:102150001A4AA2E73046FEF725F915A3D3E9002372
:10216000FEF78AF9CDE900015046FEF71BF9024659
:102170000B46DDE90001FEF7A9FAFEF75FFC00EE71
:10218000100A23F0D7FA10EE100AFEF71DF94246A6
:102190004B46FEF771F902460B4640464946FDF7AD
:1021A000B3FFFEF74BFC013647F8040B89E700BF8D
:1021B00050455254FB211940F6CF04189DD0041805
:1021C00014D004184ED0041842D004180000E03F88
:1021D0002DE9F04F2DED048B1C464FF4206383B0A6
:1021E00093FBF2FA109BDFED4A8AD3ED007A9FED64
:1021F000499A67EEA87A87EE898A05468DED010A2D
:10220000BDEEC88A0227DFED449A009494FBF7F0F4
:1022100050450CDADDED007AB8EEE70A20EE090A47
:1022200080EE280A03B0BDEC048BBDE8F08FFEF70A
:10223000B9F84FF03332394B80468946FEF71CF926
:10224000FEF7B4FB2CA3D3E90023494606464046DB
:10225000FEF712F9FEF7AAFB5045B8BF5046834679
:102260000198FEF7B1F818EE103A9B458046894672
:102270002CDAB3422ADA22A3D3E90023FEF7FCF8D2
:10228000FEF7DCFB5B4607EE100AF0EE697AB3421C
:1022900022DDB4EEE77AF1EE10FA15D50BF100531A
:1022A000013B05EBC30393ED007AB4EEE77AF1EE60
:1022B00010FA09D593ED047AB4EE677AF1EE10FACC
:1022C000009B48BF5B46009301379FE740460EA343
:1022D000D3E900234946D1E705EBC302D2ED006AFA
:1022E000F4EEE76AF1EE10FAD4BFF0EE676A9B46AF
:1022F000F0EE667A0133CAE79A9999999999E93F7C
:10230000333333333333C33F333333333333D33F55
:10231000000020450000FA45000000003333F33F81
:102320002DE9F04F2DED028BADF5815D81B002AF4F
:1023300014460546FB6030B940F20F11BA4BBB4A58
:10234000BB4825F0A7F8D0E90026B2F5FA5FA6EB66
:10235000040340F0A38003F1420201EB830100EB90
:102360008202B342C0F29280A6EB040909F142084E
:1023700005EB8808C246F7EE008A05F20C63C7F841
:10238000149005F5C16B3B617B699E4200F3EC80C4
:10239000CA469FEDA88A05F5C26305F2146B56453F
:1023A00000F30D8107F1180B5B460022D84601327D
:1023B000B2F5007F83ED008A83ED018A03F1080303
:1023C000F5D1052305F5847A96FBF3F65A46514676
:1023D000002305F108009E4201F1140102F10802F8
:1023E00000F30B815946D5F8D0062BF0BBFB5B46BA
:1023F0000022D3ED017A93ED007A67EEA77A1946B1
:1024000047EE077A0132B2F5007FC1ED007A03F1A1
:102410000803EED110229FED870A1346DBED207AE8
:10242000F4EEC07AF1EE10FAC8BF134602F10102D1
:1024300037FE800A812A0BF1080BEFD107F5825293
:1024400010321268142100924046A022FFF7C0FE0D
:102450000023423405EB84044B45C0F2D880D5ED0F
:10246000007AF8EEE77A87EE807AFB6883ED007AEF
:1024700007F5825310331B6807F580571C3783ED2F
:10248000000ABD46BDEC028BBDE8F08FF1EC017A8D
:1024900067EEA77A0133E2EC017A62E7B2F57A5F80
:1024A000E94636D1002201EB8301A242D5F8D436A9
:1024B00034DB04EBD4746410A200073222F007026C
:1024C000ADEB020D02A98E46002006EBD676761003
:1024D00003F1C402844229DC03EBC40203F1C0000F
:1024E00052F804CB43F804CB8342F9D1321B104697
:1024F00002F1420305EB8303B0422BDB9642ACBFF3
:10250000234600239C422DDA40F233114A4B474ABE
:1025100016E740F22111494B444A11E751F8040BE8
:1025200003EB8203C3F8C0000132BEE79446DFED3F
:10253000417ADFF81081A2F1C00A3CED017AF8EC93
:10254000016AD44546EE877AF7D1EEEC017A013084
:102550000832BFE7F1EC017A67EEA77A0130E3ECCD
:10256000017AC9E7CD46FFE69AED008ADBED007AF5
:1025700078EE677A17EE900AFDF726FF3B69C7E908
:1025800000011868FDF720FF25A3D3E90023FDF71C
:1025900073FF0B460246D7E90001FDF7B7FDFEF7D2
:1025A0004DFA07EE900A77EEA87A3B698BED008A28
:1025B00018607B69EAEC017A01337B61E4E6BC22B6
:1025C0005946184625F0C4FCDFED1A7AD8F80010F9
:1025D00005F2CC6211601A490346024605F5DA603D
:1025E000F2EC016AB1EC017A824246EE877AF7D1C9
:1025F000E8EC017A0AF1010AD1E6B0EC017A51ED7A
:10260000057A67EE877A013342ED027AE3E654F801
:10261000042B01334AF8042B1EE700BFAFF3008000
:10262000666666666666EE3F63D004188DD0041851
:1026300014D004180000000086D0041875D00418C7
:10264000886A0418486B04182DE9F04F07EE900AC9
:102650002DED048BF8EEE77AD1ED006A92ED007A69
:1026600007EEA67AADF20C5D17EE100A16460D467F
:102670001C46FDF7A9FE44A3D3E900238046894602
:10268000FEF724F80022464BFDF740FDFEF7D6F991
:1026900007EE900AFBFE677A17EE900AFDF794FEAC
:1026A00039A3D3E90023FDF7E7FE02460B46404677
:1026B00049460FF2DC09D9E90089FDF725FDFEF74F
:1026C000BDF9EA460127306005F5247B6B68BB4203
:1026D00005DA0DF20C5DBDEC048BBDE8F08FD5F88A
:1026E0001035C3B307EE107AD6ED007AF8EEC78A3C
:1026F00068EEA78AB0EE680A23F01CF8B0EE408AB4
:10270000B0EE680A23F060F8D4ED039A94ED029AD3
:1027100069EE807A59EE087AF0EE408A8AED030A73
:1027200017EE900A8AED028AFDF74EFE42464B46AE
:10273000FDF7ECFCFEF782F929EE280A00EE900A7C
:1027400009EE880A23F0BAF80137ABEC010A0AF166
:10275000080A0834BAE712F0A5FA07EE900AF8EE74
:10276000E77A17EE900AFDF72FFE07A3D3E90023BF
:10277000FDF782FE08A3D3E90023FDF7A7FFFEF7CC
:102780005DF908EE900AB5E744174154FB21194062
:1027900011EA2D819997713D00000000C0FFDF40D4
:1027A0000000E03F000000002DE9F04F93000733E8
:1027B00023F0070389B002AFADEB030D0DF1080A5A
:1027C000ADEB030D154602AAADEB030DBA6002AAEC
:1027D000ADEB030D0DF1080BADEB030D02AB0C4699
:1027E0007A60FB601A464FF07E5100233860AB429E
:1027F00012DBD0460026AE4212DB4FF07E5300249F
:10280000FA68BE68DFF8B88079681360AC4216DBFE
:102810001C37BD46BDE8F08F42F8041B0133E6E7E4
:1028200054F8040BFDF7D0FD23A3D3E90023FDF7F3
:1028300023FEFEF703F9013648F8040BDBE784B307
:102840000AEB8403D3ED007A16ED017A77EEC77AAE
:10285000C1ED007A07F11403D8F80C900193D8F871
:10286000083048460093D8F80030FA6811F000FEAE
:102870003A6842F82400584309EB800999ED007A40
:102880000BEB840383ED007A84B156ED017A77EE89
:10289000877AC6ED007A0134043608F11008043155
:1028A000B4E7DAF800307A681360D3E7DBF8003079
:1028B000BA681360EFE700BFA6E52B4BF5E4934041
:1028C000086C0418000000002DE9F04F9300073356
:1028D00083B023F0070300AFADEB030DC7F804D0BE
:1028E000ADEB030DEA4689460546D34600247E68D3
:1028F000DFF86C803A603B689C4203DB0C37BD46D6
:10290000BDE8F08F59F82430D8F800205A43D8F8A1
:102910000C3003EB820393ED007AABEC017AB4B197
:1029200056ED017A77EE877AC6ED007A56F8040BF9
:10293000FDF74AFD08A3D3E90023FDF79DFDFEF74F
:102940007DF8013445F8040B08F11008D3E7DAF8F4
:1029500000307A681360E9E793E099B665BC493FB7
:10296000086C0418000000002DE9F04F2DED048BD9
:102970001546ADF5A05D85B099460DF5A2534FF40F
:10298000006280460C460DF5816000210C33B0EEEC
:10299000608A1E68F0EE409AF0EE418A25F058FBFE
:1029A0002A4652F8043B0DF5826747F8083CF0EEE2
:1029B000487A01230DF20C474B4577DD0DF60842AE
:1029C00040460DF581610DF6084512F0D3FC2B460B
:1029D0000022D3ED017A93ED007A67EEA77A1946CB
:1029E00047EE077A0132B2F5807FC1ED007A03F13C
:1029F0000803EED10DF104092746CB46A24604F5A3
:102A000080682B46BAEC010AD3ED007A20EE270A43
:102A100023F02AF8C245ABEC010A05F10805F0D114
:102A200023469FED299AF3EC017A434539EE279A24
:102A3000F9D125469FED248AF0EE690AB9EC010A26
:102A400022F074FF95ED007A60EE007A67EE877AE7
:102A5000E5EC017A454538EE278AEDD1C9EE087AD2
:102A6000234627EEA81AD3ED007A67EE817AE3ECCD
:102A7000017A4345F7D196B10FF24409D9E90089AB
:102A800004F580743868FDF79FFC42464B46FDF71D
:102A9000F3FCFDF7D3FF47F8040BBC42F2D10DF570
:102AA000A05D05B0BDEC048BBDE8F08FB2EC017AFF
:102AB00027EE277A0133A7EC017A67EE887A7BE765
:102AC0005B8FC2F5285CFF3F17B7D13800000000CC
:102AD0002DE9F04F2DED048B164689468046ADF664
:102AE000140D04ACA2464FF40062002104A8B0EE1D
:102AF000408AF0EE608AB0EE419A9B46DDF8547849
:102B000025F0A6FA731C06F101024FEA820249463B
:102B1000B8BF002204A8FEF74BF84046DDF85C2859
:102B200004A912F027FCDDF85C5805F50063029358
:102B3000D5ED017A95ED007A67EEA77A47EE077A30
:102B400017EE900AFDF740FC72A3D3E90023FDF7CE
:102B5000DDFA0B4602466A490020FDF7B7FDFDF796
:102B60006DFF029B08359D424AF8040BE0D18FB3FC
:102B7000DDF85838B0EE481A0193DDF84C38F0EE25
:102B8000490A0093B0EE680A33464A46404604A913
:102B9000FFF7EAFEDFED5B8A9FED5B9A4FF00109DC
:102BA00000245A4D0BF10C0ADBF804304B451CDABB
:102BB00089EE280A22F084FEF2EE047A20EE270A3B
:102BC000DDF8483883ED000A0DF6140DBDEC048BDA
:102BD000BDE8F08FD4ED007A67EE887A0137B7F55B
:102BE000807FE4EC017AF5D1D4E74846FDF7DAFBC3
:102BF0000646DBF800000F46FDF7E6FB2246CDE96E
:102C000002012B4630463946FDF77EFADDE9022304
:102C1000FDF732FC34A3D3E90023FDF757FD22462C
:102C20002B46FDF773FAFDF7C1FE224680462B4680
:102C300030463946FDF76AFADDE90223FDF71CFC50
:102C400029A3D3E90023FDF741FD2B462246FDF7DA
:102C50005DFAFDF7ABFEB0F5807FA8BF4FF4807042
:102C60009FED2B0A04AB03EB8803404535DC22F0D3
:102C7000FBFE9AED008A78EE407ADDF8503808EED7
:102C8000089A47EEA78A1BB3B4EEC08AF1EE10FA99
:102C90000CD510EE100AFDF797FB15A3D3E900231E
:102CA000FDF7EAFBFDF7CAFE00EE100AB4EEC08A9B
:102CB000F1EE10FA0CDD10EE100AFDF785FB0EA305
:102CC000D3E90023FDF7D8FBFDF7B8FE00EE100AAC
:102CD000AAEC010A09F1010966E7F3EC017A08F1AF
:102CE000010830EE270AC0E700000060FB21893FA1
:102CF000666666666666E63F666666666666F63FB2
:102D00000000F03F1FB14F0A6042A20D0000E03FFB
:102D1000000000008DEDB5A0F7C6B03E0000000039
:102D20002DE9F84F2DED028B00AFD7E90CC40E460C
:102D30004FEA8C01073121F00701ADEB010D05468B
:102D40006846A1000B3121F00701ADEB010DE8460B
:102D500086469FED557A0021614514DBB5EE407A39
:102D6000F1EE10FA3AD10FF2381BDBE900AB002686
:102D7000A64214DB9FED4C8AB0EE480ABD46BDEC7E
:102D8000028BBDE8F88FF2EC017AF3EC016A67EE92
:102D9000A67A0131EEEC017A07EEA77ADCE720464D
:102DA000FDF700FB02460B4650465946FDF78EFCE8
:102DB00007EE906AF8EEE77A804617EE900A8946A9
:102DC000FDF702FB02460B4640464946FDF754FB21
:102DD000FDF734FE013645F8040BC9E72346624689
:102DE000414611F017FA22463146404611F030FABA
:102DF000B14632469FED2C8A0023A34235DD4FF0C9
:102E00000008DFED2A8AA04537DD9FED290A05235A
:102E10002A462146304611F079FD8442ACD00FF2AB
:102E2000800BDBE900AB0026A642A5DA2046FDF7C1
:102E3000B9FA02460B4650465946FDF747FC07EEE5
:102E4000906AF8EEE77A804617EE900A8946FDF719
:102E5000BBFA02460B4640464946FDF70DFBFDF71F
:102E6000EDFD013645F8040BDEE7B2EC017AF8EC33
:102E7000017A013307EE278ABFE707EE908AB0EEAA
:102E8000680AF8EEE70A22F051FDD9ED007A67EE04
:102E9000807A08F10108E9EC017AB4E7AFF3008029
:102EA00050455254FB21094000000000C9767E3F86
:102EB0000AD7233C0000000010B504460068FDF767
:102EC00083FA09A3D3E90023FDF748FD50B1E06878
:102ED000FDF77AFA06A3D3E90023FDF7CDFAFDF753
:102EE000ADFDE06010BD00BF2D53FC31C728BE3FD3
:102EF000FCA9F1D24D62A03F2DE970432DED028B6C
:102F000000F10C060D4604463146DFED497A0122F8
:102F1000436893420ADAF5EEC07AF1EE10FA0BDC60
:102F20007321444B444A454824F0B4FAB1EC017A89
:102F3000013247EE077AECE707EE103AB8EEC70A1F
:102F400087EE800A22F0BCFCF2EE047A20EE278A9B
:102F5000DFED3B7AB4EEE78AF1EE10FA1ED5D4F835
:102F60001035DBB92868FDF72FFA2BA3D3E900232E
:102F7000FDF782FA804618EE100A8946FDF724FA1A
:102F800027A3D3E90023FDF777FA02460B46404614
:102F90004946FDF7BBF8FDF751FD28602868FDF7AD
:102FA00013FA0022274BFDF7B1F8274B0022FDF75B
:102FB0008DFBFDF743FD00EE100A22F0FFFBD4F875
:102FC0001035B0EE408A0BBBBDEC028BBDE87083C0
:102FD000F6EC017AF4EEC87AF1EE10FA11D511F0A0
:102FE00061FE07EE900AF8EEE77A17EE900AFDF719
:102FF000EBF942464B46FDF73FFAFDF71FFDC6F8D9
:10300000800201356368AB42E2DADDE701250FF2A9
:103010001809D9E90089F5E7CDCCCCCCCCCCEC3F74
:103020009A9999999999B93F7D489C982D22293F61
:10303000CCBC8C2BA8D00418E5D00418B0D0041850
:103040000000204200001840000034400000000052
:103050002DE9F04F2DED028B05468BB0A0BB41F260
:10306000301007F0F7FA044670B307466E469FED3E
:10307000AE0A4FF4FA5147F8045B8246684600F006
:10308000EFFA0FCE0FC70FCE0FC796E8030087E801
:103090000300A6686368D4F810804FEAC609484662
:1030A000E3622663C4F8348007F0D4FA271DC4F81D
:1030B000440848B1484607F0CDFAC4F8640858B946
:1030C000D4F8440828F015FB4FF0000A50460BB026
:1030D000BDEC028BBDE8F08F4FEA8809484607F047
:1030E000B9FA206430B9D4F8440828F002FBD4F8C7
:1030F0006408E7E7484607F0ADFAC4F84C08002832
:1031000040F0D980D4F8440828F0F3FAD4F86408E1
:1031100028F0EFFA206CD5E7D4F84C2802EB8302B4
:10312000116001339845F7DC9FED808A04F6540363
:1031300083ED008A04F5056383ED008A00237600A1
:103140009E4200F3BC800FF2D019D9E90089002318
:103150004FF400701A4619462AF0FEFC0023A063C3
:103160001A4619464FF400702AF0F8FC226C04F15C
:103170004403A16BE063384600F02EFB3846D4F8D8
:10318000441811F017FD002301211A464FF4007076
:103190002AF0E4FCC4F860082AF0A4FC644A04F5B0
:1031A00007631A6004F66C0383ED008A04F6680373
:1031B00083ED008A4FF42072002104F5086024F0AA
:1031C00047FFA069FDF7EEF802460B4654A1D1E98E
:1031D0000001FDF77BFAFDF731FC04F6740318607B
:1031E000FDF7F2F802460B464BA1D1E90001FDF7CD
:1031F0006DFAFDF7DBFB0026C4F87808C4F8846D8F
:1032000004F6885B3046FDF7CDF842464B46FDF7A5
:1032100033F90022474BFDF759FAFDF70FFC013651
:103220000A2E4BF8040BEDD14FF07E5204F55B6390
:1032300038461A60FEF71CFFC4F8580800283FF40F
:1032400043AF01233C4904F6BC52C4F8B43DC4F872
:10325000B83D11604FF07C5104F55C62116004F6DA
:10326000C85282ED008A04F6C45282ED008A04F549
:103270005D6282ED008A04F6CC5282ED008A002263
:1032800004F68C61C4F8D42D81ED008A206BC4F85B
:10329000902E0001C4F8942EC4F8983E00F5CA7030
:1032A00007F0D8F9C4F84808C0B9D621234B244AFE
:1032B000244824F0EFF82B464FF07E5132E7D4F843
:1032C000642802EB830282ED008A013338E7D4F8E8
:1032D000483803EB850383ED008A0135236B1933EE
:1032E000B5EB830FF3DD01230022C4F85C3804F54D
:1032F0008053C4F8D82DC3E94722C3E94A22226883
:10330000002A7FF4E3AE104AC3F824210F4AC3F821
:103310002821DBE6AFF3008050455254FB210940E1
:1033200044174154FB2119400AD7233C00000000F8
:103330000000484200002640CDCC4C3EF0D004189E
:1033400001D2041804D10418A14701185133001800
:103350002DE9F04F2DED028B0026ADF5D95D83B040
:103360000DF62835A5F604331746044606911E606F
:10337000002800F0D9804FF42072314643A824F091
:1033800067FE4FF4207231460DF5C46024F060FEF4
:10339000012209A938462AF0D6FCA5F62828C8F843
:1033A0001005012209A938462AF0CDFC072245F86C
:1033B000040C09A938462AF0C6FC07220146201D44
:1033C0002AF0B3FBA5F2145383ED000A10EE100AA5
:1033D000FCF7FAFF0B4602465CA1D1E90001FDF7BC
:1033E00075F9FDF7E3FA0522C8F8180509A938466A
:1033F0002AF0A9FC052111F09FF80DF13008B0EE7C
:10340000408A8DED0B0AC146304611F029F809A912
:10341000024638462AF097FC01360A2E48F8040B7B
:10342000F2D120AF32464946384604F67408FFF719
:103430004BFA41460DF2146240A894ED070A2AF0B7
:10344000FBFB04F55B63F0EE480A93ED000A2AF0FB
:10345000F9FB33468DED0A0A3A46B6EE000A04F649
:10346000885116A811F02EFC00264FF02C0B0DF100
:10347000280A28202AAB0BFB063116AB00FB0630CE
:103480000A22079111F00AFB0595D4F8B80D40F215
:1034900014590490D4F8B40D40AB0390002009FBFC
:1034A0000637CDE9010008A8009004F55C6204F637
:1034B000BC5392ED001AD3ED000ABAEC010A3B4668
:1034C0000A220799E06BFFF703FB3846FFF7F4FC8D
:1034D000216B06987143B7EE000A00EB41012B46C1
:1034E0003A46204611F0C2F82EB3A5F214514A46CE
:1034F0004046FDF75DFB04F55B6383ED008A1AAB84
:1035000020AD04F6885440332A4603CA9A4220600C
:103510006160154604F10804F6D10DF5D95D03B0DC
:10352000BDEC028BBDE8F08F4FF41471044B054ADB
:10353000054823F0AFFF01269BE700BFAFF30080F3
:1035400035D10418ACD1041804D104185045525494
:10355000FB210940000000002DE9F0430023044650
:10356000ADF5805D0D46D0E90C8187B04FEA880645
:10357000A1EB08019942D4F84C0853DC00208900E3
:103580004045D4F84C3855DB226C06AE04F10409F2
:103590000092A16B324648462AF003FB04F144072F
:1035A00004F50763CDE9017300964246D4F84C1840
:1035B000D4F85808331FFEF7B3FE56F8040CFCF796
:1035C00003FF02460B4622A1D1E90001FDF77EF878
:1035D000FDF734FA2860FCF7F7FE0B4602461EA101
:1035E000D1E90001FDF772F8FDF7E0F904F5805428
:1035F000686032462946484600F04AFAD4F81C3141
:1036000003B101233A463146284600F021FB3B46F0
:1036100032462946484600F0B3FB0DF5805D07B001
:10362000BDE8F08387193F6800EB83000760013332
:1036300004369FE732F910600B4407EE906AF8EE0B
:10364000E77A0130C3ED007A043199E7AFF30080E7
:1036500044174154FB21194050455254FB21094065
:10366000B1F5FA5F2DE9F04F0D4618BF4FF47A55CA
:1036700007EE905AF8EEE77A2DED028B67EE807A2E
:1036800083B0044617EE900AFCF79EFE41EC100B47
:1036900022F002F851EC100BFDF788F9834628461A
:1036A000FCF780FE02460B46CDE9002347A3D3E991
:1036B0000023FCF7E1FE02460B4643EC182B0022E8
:1036C000414BFCF7D9FE41EC100B02F0C5F851EC70
:1036D000100BFDF76BF934A3D3E900238246DDE933
:1036E0000001FCF7C9FE41EC100B02F0B5F851ECFB
:1036F000100BFDF75BF9B0EE480AF0EE680A0746DA
:1037000002F0AAF851EC100BFDF750F928A3D3E909
:1037100000230646DDE90001FCF7AEFE41EC100B8C
:1037200002F09AF851EC100BFDF740F98146304653
:10373000FCF738FE02460B461FA1D1E90001FCF759
:10374000C5FFFDF77BF980463846FCF72BFE0246A5
:103750000B4619A1D1E90001FCF7B8FFFDF76EF99E
:1037600040F2FF1240F21713B5F5FA5F18BF134687
:10377000E061C4E9005BC4E902A9C4E90476C4F8C5
:10378000188023620EA3D3E90023DDE90001FCF7D2
:1037900073FEFDF70BF96062204603B0BDEC028BAF
:1037A000BDE8F08FAFF300807B14AE47E17A643F51
:1037B0007B14AE47E17AA43F44174154FB211940E2
:1037C0007B14AE47E17A743F0000E03F7B14AE47C4
:1037D000E17A943F000000002DE9F04F2DED028BBF
:1037E00014464FF0000B9FED648AD0F82080C76824
:1037F000ADF5005D87B008EBD8760393761007EB44
:10380000D7735A107542C6EB6306009226EAE67239
:10381000029120460021920024F01AFC009B04EB48
:103820008609CDF80490A3EB050A08F1FF380BEBED
:1038300006039A4551DCA7EB0A0292005745B8BF30
:103840000022002104EB8A0024F002FC9FED4B0AC9
:1038500028EE000A22F008F9F7EE007A224687EEF9
:10386000807A0023BB426CDB06AB1A460020194667
:1038700000260130B0F5007F1660566002F10802A4
:10388000F7D1009A684204EB82040022824203F1DD
:1038900008035EDB05F50075B5F5007F5FDB0DF510
:1038A0008052183202982AF0FBF9039B0DF58052E2
:1038B000183203F5806102F50060006843F8040BDC
:1038C00052F8080B9942C3F8FC03F4D10DF5005DE2
:1038D00007B0BDEC028BBDE8F08F5846FCF762FDE7
:1038E00023A3D3E90023FCF7C7FDCDE9040140463B
:1038F000FCF758FD02460B46DDE90401FCF7E6FE45
:10390000FDF79CF800EE100A21F014FF10EE100AEB
:10391000FCF75AFD00221A4BFCF7AEFD0B4602469F
:1039200017490020FCF7F0FBFDF788F807EE900A36
:10393000019B07EEA78A43F8040B01930BF1010BDF
:1039400075E7D2ED007A67EE877A0133E2EC017A0F
:1039500088E754F8046B013243F8086C96E759F88D
:10396000042B01EBC5031A60013595E7AFF3008026
:1039700044174154FB21194000000000000000449E
:103980000000E03F000000002DE9F0472DED088B1E
:10399000056804462846B0EE408AF0EE609AF0EEE4
:1039A00041AA8A46FCF710FD02460B4634A1D1E934
:1039B0000001FCF78BFEFCF7F9FF9FED2FAA0646EE
:1039C0009FED2EBA4FF00008DFF8BC906060B4EEB7
:1039D000E98AF1EE10FA04D92560BDEC088BBDE848
:1039E000F08718EE100AFCF7EFFC02460B4620A108
:1039F000D1E90001FCF76AFEFDF720F89FED1E9A61
:103A000008EE900A0127BE420FDAB4EECA9AF1EE30
:103A100010FADCBFB0EE4A9A08EE905A38EE2A8AC5
:103A2000B0EE49AA18EE905AD1E707EE907AF8EE78
:103A3000E77A67EEA87A67EE8B7A17EE900AFCF7C2
:103A4000C3FC42464B46FCF761FBFCF7AFFF0AEBB9
:103A5000C000D0ED017A90ED007A67EEA77A47EECC
:103A6000077A013739EE279ACDE700BFAFF3008020
:103A700044174154FB2119400000000083F9A24281
:103A800050455254FB2109400000E03F0000000077
:103A90002DE9F8432DED028B054608680C461646C5
:103AA000FCF792FC02460B465DA1D1E90001FCF750
:103AB0000DFE0022604B80468946FCF727FBFCF791
:103AC000BDFF00225C4B08EE100A49464046FCF759
:103AD0001BFBFCF7B3FFF0EE480A00EE100AB7EE4E
:103AE000001A31462046FFF74FFF2068FCF76CFCB8
:103AF00002460B464AA1D1E90001FCF7E7FD00228E
:103B00004E4B80468946FCF701FBFCF797FF0022ED
:103B10004A4B08EE100A49464046FCF7F5FAFCF716
:103B20008DFFB5EE001A00EE100AF0EE480A31469D
:103B30002046FFF729FF6869FCF734FC02460B4674
:103B400037A1D1E90001FCF7C1FD06460F46206808
:103B5000FCF73AFC32463B46FCF700FF20B130460A
:103B60003946FCF76BFF20602869FCF71BFC024616
:103B70000B462BA1D1E90001FCF7A8FD06460F4634
:103B80002068FCF721FC32463B46FCF705FF20B1DC
:103B900030463946FCF752FF206094ED008A18EE5B
:103BA000100AFCF711FC02460B461FA1D1E90001E7
:103BB000FCF78CFDFCF742FF07EE900AFBFE677AEC
:103BC000FDEEE77A17EE905AF8EEE77A67EE887A1C
:103BD00017EE900AFCF7F8FB15A3D3E90023FCF7D6
:103BE000D1FE00B1013D07EE905AF8EEE77A67EE9C
:103BF000887A656017EE900AFCF7E6FB0AA3D3E922
:103C00000023FCF7ABFE30B940F24B110C4B0D4AD0
:103C10000D4823F03FFCBDEC028BBDE8F88300BFEC
:103C200044174154FB21194050455254FB2109408F
:103C3000D8C1E75C48E00740000014400000F03FB6
:103C40000FD2041856D2041827D20418000000001E
:103C50002DE9F04F2DED028B06460F469B460125C0
:103C60004FF00008DFED428ADFF80C9185B000F1DB
:103C70000C0A7368AB4204DA05B0BDEC028BBDE8F8
:103C8000F08F2846FCF78EFB96ED008ACDE9000107
:103C900018EE100AFCF798FB42464B46CDE90201AC
:103CA000DDE90001FCF730FADDE90223FCF7E4FB73
:103CB0002DA3D3E90023FCF7DFFB42464B46FCF77C
:103CC00025FAFCF773FE42460446DDE900014B4647
:103CD000FCF71CFADDE90223FCF7CEFB22A3D3E9B3
:103CE0000023FCF7C9FB4B464246FCF70FFAFCF7F2
:103CF0005DFE9FED200A07EBC403844203F1080335
:103D000024DB21F0B1FEAAEC010ABBF1000F1BD0AD
:103D100007EE905AF8EEE77A67EE887AC7EEA87A4F
:103D200017EE900AFCF750FB42464B46FCF7EEF9C3
:103D3000FCF73CFE07EBC000D0ED000A90ED010A55
:103D400021F0BCFD8AEDA00A013592E753ED017A1E
:103D500013ED027A67EEA77A47EE077A013430EE68
:103D6000270ACAE7AFF3008000000060305F5440CC
:103D7000DB0F493C000000000000E03F00000000B5
:103D80002DE9F04F2DED048B824687B04868CDE9D0
:103D900004230C46FCF706FB02460B46CDE9002344
:103DA0000022B54BFCF768FB0646DAF800000F4628
:103DB00000EBD0704010FCF7F5FA02460B46304697
:103DC0003946FCF783FCFCF7F1FD04F10C08814651
:103DD00042469FEDAA9A01234B4540F39080D4EDD3
:103DE000008A9FEDA68A4FF0010BDFEDA59ACB4527
:103DF00040F38B8089EE080A21F062FDB2EE049A4E
:103E0000F1EE089A20EE098AB4EEE98AF1EE10FA92
:103E1000CCBF01230023C4F81035DAF8000000EB12
:103E2000D0704010FCF7BEFA06460F46DDE90001EF
:103E30000022944BFCF720FB32463B46FCF746FC45
:103E4000FCF7B4FD0022904B0546DDE90001FCF7CC
:103E500013FB3B463246FCF739FCFCF7A7FD9FED10
:103E6000870A0123AB4240F3F180DFED847AAB1C7B
:103E700004EB8303854240F3EF8080EE270A21F0B4
:103E80001FFDB4EEE98AF1EE10FA20EE090A07DC14
:103E9000B4EEC90AF1EE10FA2ADD0123C4F8103598
:103EA000FAEE047AB4EEE70AF1EE10FA02D5002336
:103EB000C4F81035F9EE007AB4EEE70AF1EE10FA24
:103EC000DAF8000014D5FCF76DFA02460B4666A13D
:103ED000D1E90001FCF7FAFBFCF7B0FD07EE900A10
:103EE000F4EEE78AF1EE10FA02D80023C4F8103598
:103EF000B0EE480A07B0BDEC048BBDE8F08FF2ECE1
:103F0000017A013307EEA79A66E75846FCF74AFAAA
:103F1000CDE9020118EE900AFCF756FA06460F4664
:103F2000DDE902010022594BFCF7EEF832463B4630
:103F3000FCF7A2FA00224FF08143FCF79DFA4CA354
:103F4000D3E90023FCF7C2FBFCF778FD07EE900AEB
:103F5000DDE90201FAFE677AFDEEE77A00224B4BBB
:103F600017EE905AFCF7D2F832463B46FCF784FA3B
:103F700000224FF08143FCF77FFA3DA3D3E90023F1
:103F8000FCF7A4FBFCF75AFD07EE900AFAFE677AED
:103F9000FDEEE77A17EE907A07EE90BAF8EEE77A40
:103FA00067EEA87A67EEA97A049B17EE900A03EBF6
:103FB000C506FCF709FA2EA3D3E90023FCF786FB1C
:103FC00002460B4600203249FCF79EF800222F4B98
:103FD000FCF79CF8FCF7EAFCDFED2E7A059B284401
:103FE00003EB8000014633462A46B0EE676AB0EE26
:103FF000677ABA4203F108030ADBC6EE075A87EE76
:10400000876ABD4206F1080610DB0BF1010BEEE6F4
:10401000F1EC016A53ED025A06EEA56A53ED015A1E
:1040200006EEA67A46EEA57A0132E2E7F0EC016AE6
:1040300016ED027A56ED017A05EEE67A46EE667ADC
:1040400007EE078A013507EEA78ADAE7F8EC017A6E
:10405000013307EEA70A05E7B3EC017A013547EE15
:10406000077A07E7AFF30080D005FD9EDB8F77402E
:1040700044174154FB21194000408F4017B7D138F5
:104080000000004400409F400040AF400000E03F7F
:1040900000007040000000002DE9F04F2DED048B72
:1040A000ADF5805D85B01E460DF582530C331B685F
:1040B00005461446019153B102EB800221460023CC
:1040C00010466F1E9F424BDC002340F8043C0DF667
:1040D000080300229A46002140F201100132824278
:1040E0001960596003F10803F8D101279FED509A38
:1040F000D6F804B006F10C09BB4537DA019802AADC
:10410000514611F0AFF96FF0030302AA03FB052338
:104110000DF58252083216682046002203F6040389
:10412000691E914257DC0DF582530C331B686D00FC
:104130008800002B5BD10DF58252083212680444CE
:1041400002AB0244A9425BDAD4ED007AB2EC017A08
:10415000F3EC016A46EE877A0131E4EC017AF1E78B
:1041600052F804CB013341F804CBABE707EE907A69
:1041700096ED007AF8EEE77A67EE877A67EE897A4D
:1041800017EE900AFCF720F927A3D3E90023FCF7E8
:104190009DFA0022274BFBF7B9FFFCF707FCB9ECAF
:1041A000018AFF28D9EDA08AA8BFFF20B0EE680AD7
:1041B000804621F0BFFA28EE000A0AEBC80888ED15
:1041C000000AB0EE680A21F0FFFA28EE008A0137F3
:1041D00088ED018A90E7D0ED007AB6EC017AF3EC35
:1041E000016A46EE877A0132E0EC017A98E70DF534
:1041F00082520832126802AB02440444A94206DB30
:104200000DF5805D05B0BDEC048BBDE8F08FB2EC20
:10421000017AF3EC017A67EE877A0131E4EC017AF6
:10422000ECE700BFAFF3008044174154FB21194075
:10423000000000440000E03F2DE970432DED028BAB
:10424000D0F8103504460D461646B0EE408A43B10C
:10425000D1F81035D2F8102553EA020104D1C0F884
:104260001015C4ED000A39E05BB3AAB318EE100ACA
:10427000FCF7AAF802460B4600202349FBF744FF4F
:10428000804628688946FCF79FF802460B46404660
:104290004946FCF7F1F8D6ED007A68EE277A8046B9
:1042A00017EE900A8946FCF78FF80B4602464946FE
:1042B0004046FBF72BFFFCF7C1FB2060D5F810351B
:1042C0003BB9D6F810354BB133682360D5F81035BB
:1042D00023B1D6F810350BB92B6823602068FCF7A2
:1042E00073F802460B4606A1D1E90001FCF7EEF98E
:1042F000FCF75CFB6060BDEC028BBDE8708300BF27
:1043000050455254FB2109400000F03F00000000DE
:104310002DE9F84F054621302DED028B0E4614464F
:10432000C0006BBB1AF078FE044658B3A3464FF0AA
:10433000000AC4E900562846FCF734F8AA450646A8
:104340000F462ADBFCF77AFB00EE100A21F08CFB0B
:10435000FBFE407A17EE900AFCF736F804268046FA
:10436000894604F1080795FBF6F306FB1353D3BB0C
:1043700095FBF6F5012DC7E9006504DD0837F2E786
:1043800032B918600024BDEC028B2046BDE8F88FDE
:104390001A688242F5D31860C8E75046FCF702F865
:1043A0001FA3D3E90023FCF767F83B463246FCF72E
:1043B0008DF9636813B101F100494946FCF73EFBF2
:1043C00008EE100AB0EE480A21F0B4F98BED420A6B
:1043D000B0EE480A21F0F8F90AF1010A8BED430A20
:1043E0000BF1080BA7E7022E14D0042E14D00236CE
:1043F0003046FBF7D7FF02460B4640464946FCF7DE
:10440000ADFA58B995FBF6F306FB1353002BAFD06A
:10441000022EECD10326EBE70226E9E72E46A2E7BF
:10442000182D4454FB2119C02DE9F04F2DED028BBE
:1044300010F001060F461446984683B00CD03E4B50
:104440003E481B68D96823F08BF80024204603B04F
:10445000BDEC028BBDE8F08F451001AB324628461B
:10446000FFF756FF019805EB450303EBD3735B1091
:104470000C3000EBC300B8F1000F4FD11AF0CCFDA7
:104480000446002CE1D00FF2A809D9E9008904F113
:104490000C022260019B39461344636003EBC503A1
:1044A000A360284601ABFFF733FF05EBD57B4FEA4E
:1044B0006B0BB345CADD013607EE906AB8EEE77ABA
:1044C00007EE905AF8EEE77AC7EE277A17EE900AD1
:1044D000FBF77AFF00221A4BFBF718FE42464B46C9
:1044E000FBF7CAFFFCF7AAFA08EE100A0FB1B1EE0B
:1044F000488AB0EE480A21F01DF94FEAC60AA368BF
:10450000AAF1080A534483ED000AB0EE480A21F0EC
:104510005BF9A368534483ED010ACAE7D8F8003079
:10452000C8F800008342ACD28FE700BFAFF3008031
:10453000182D4454FB2109C0A42B080071D2041883
:104540000000E03F000000002DE9F04F82461646D3
:104550001C4600259FB00391307810B9284600F022
:1045600085BD731C2528069306D00399D0470028E3
:10457000C0F27C8501351BE21822002110A823F02F
:1045800067FD7378252B00F0BA80002398469E467D
:104590009C461846711C0F4611F8012B2B2A00F07F
:1045A000DD8000F2D480202A00F0DB80232A00F096
:1045B000DB802BB19DF8483043F040038DF8483044
:1045C000B8F1000F05D09DF8483043F020038DF876
:1045D0004830BEF1000F05D09DF8483043F010037D
:1045E0008DF84830BCF1000F05D09DF8483043F0FD
:1045F00008038DF8483028B19DF8483043F0040393
:104600008DF848309DF8483003F04401442903D127
:104610006FF386138DF848309DF848302A2A43F00E
:1046200080030E978DF8483040F0A3809DF8493004
:1046300043F001038DF849307B1C1A782E2A0CBFF9
:10464000012100219DF8492061F341028DF84920A4
:104650000CD15A1C0E925A782A2A40F09A809DF862
:104660004920023342F004028DF849201A786C2A5E
:1046700000F0BB8000F29D80682A00F0A3806A2AC7
:1046800000F0BC804C2A00F0C18013F8012B782A7E
:1046900006938DF84B2000F201816D2A00F2C38051
:1046A000692A00F2FB80572A00F2DA80412A04D0FE
:1046B000A2F14503022B00F2F18004219DF84A305B
:1046C00002F0DF02A2F1410761F302037A429DF892
:1046D00049107A4162F3C7110A068DF84A308DF805
:1046E0004910CBB200F1198103F07802182A40F08A
:1046F00003816FF3C6038DF849300023F2E0B21C4A
:1047000006928DF84B309DF84930D90740F107816A
:1047100054F8042B002A049208DA9DF8482042F04D
:1047200004028DF84820049A524204925A0740F13C
:10473000FE8054F8047B002F80F2FD809DF8493004
:104740006FF341038DF849304FF0FF37F3E02D2A26
:104750000DD0302A7FF42DAF01231CE74FF0010C60
:1047600019E74FF0010E16E74FF0010813E701209B
:1047700011E70EA811F086FC0E9BBB423FF45DAF23
:104780009DF848201390C00F60F341028DF8482037
:1047900053E70EA811F076FC9DF848301490C3F34F
:1047A000400242EAD07262F341038DF848300E9B1A
:1047B0005CE7742A26D07A2A7FF467AF06219DF839
:1047C00049200CE05A78682A9DF8492006D1012139
:1047D00061F3C6028DF84920023356E7022161F3E6
:1047E000C6028DF8492001334FE75A786C2A9DF8AC
:1047F000492001D10421EBE70321F0E705219DF8D1
:104800004920ECE707219DF84920E8E7BDF848205A
:1048100022F4F04222F0020242F4804242F002020C
:10482000ADF84820DFE76E3AD3B201229A4040F259
:1048300082431A429DF8493037D112F0240F5FD1DC
:10484000D1072BD503219DF84A2003F07803A3F16B
:10485000400061F3020243428DF84A20434141E0A7
:104860000120A2F15801C9B200FA01F111F4624F1E
:104870007FF423AF40F6010319429DF849301AD165
:1048800011F4043F0AD09DF84A2060F3020203F0BD
:104890007803402B8DF84A207FF42FAF9DF84830E5
:1048A00043F001038DF8483027E702219DF84A20A4
:1048B00061F30202EBE702209DF84A1003F078034F
:1048C00060F30201402B8DF84A1002BF9DF848109A
:1048D00041F001018DF84810632A7FF40EAF003BD0
:1048E00018BF01239DF84820C2F340010B4363F336
:1048F00041028DF8482006E713F0380FCED1FCE6D0
:1049000003219DF84A2013F0780F61F3020214BFCF
:10491000012300238DF84A20E4E70123E2E79DF913
:104920004820002AACBF4FF0FF32139AFDE69F07E4
:104930007FF50AAF149F00239DF84A20CDE9133379
:1049400002F00703042B9DF8493007D1980705D4DE
:104950009DF949100029ACBF06270D2702F0070278
:10496000012AC3F3C30333D1DA1E042A04D8DFE8D3
:1049700002F02146462121002268012B4FEAE27114
:10498000CDE910211CD19DF94020D117CDE910218E
:1049900004349DF848209107079250D03246504683
:1049A000069B039929F0D2FB0028C0F25F830544DF
:1049B000069ED1E554F8042BD117CDE91021E8E784
:1049C000022BE5D111B242F3C032CDE91012DFE77C
:1049D000022A24D1DA1E042A04D8DFE802F01810D3
:1049E00010181800012B4FF0000154F8042B14D0BC
:1049F000022BCDE91021CCD192B21092C9E7073435
:104A000024F00704F4E80201CDE91001C1E754F8ED
:104A1000042B109200221192BBE7D2B2CDE7042AF8
:104A200008D1073424F00704D4E900010834CDE9A3
:104A30001001AEE7032AACD154F8042BDDE79DF852
:104A40004BB0BBF1780FB3D8BBF1570F49D8BBF1CE
:104A5000250F00F09180BBF1240FA9D9BBF1410FC4
:104A600003D0ABF14503022BA2D8DDE91013002BD4
:104A7000C0F23781079A160700F13681C2F3001998
:104A80004FEA4919C3F30A50C3F31303002840F057
:104A90002E8151EA030614BF01260026DB0243EAF9
:104AA0005153C902BBF1460F40EA010E43EAE07CD4
:104AB00008BF4FF0660B5EEA0C0CCDE90C1300F05A
:104AC0009C81002E40F04A810D9BA0F2FE3843F0FD
:104AD00000430D930020DDE90C1306464FF0050C52
:104AE00056E1ABF1580120293FF662AF01A050F822
:104AF00021F000BF814C0018B1490018B1490018DD
:104B0000B1490018B1490018B1490018B14900185D
:104B1000B1490018B14900186B4A0018B149001892
:104B2000054C0018194C00186B4A00186B4A001805
:104B30006B4A0018B1490018194C0018B149001807
:104B4000B1490018B1490018B1490018BB4C001810
:104B5000814C0018874C0018B1490018B149001861
:104B60007F4B0018B1490018814C0018B14900185A
:104B7000B1490018814C001858460399F6E4002FFB
:104B8000109E3BDB3946304623F0BCFE002E3FF43E
:104B90000FAF4FF000093718BB1B9DF84A2012F0E9
:104BA0001001059100F05782023312F04002DDF847
:104BB0004C80089218BF149A434418BF9B18049A5B
:104BC000CDF81C80002A40F36182D31A04939DF82B
:104BD00048305807C3F3800B00F15882590640F162
:104BE0004882B9F1000F07D048460399D047002802
:104BF000C0F23C82D946013530233BE2304623F0F7
:104C0000E1FDC6E7109B4FF000098DF85C300DF117
:104C10005D07012317AEC0E7079B1A0754BFC3F314
:104C200000194FF02B09DDE9102358BF4FEA49194D
:104C3000002B06DA4FF02D09524263EB4303CDE916
:104C40001023DDE910010DF17503009312AA17ABD3
:104C500011F02EFA0646002F0CDB9DF848200DF1CE
:104C600075039B1B6FF386129F428DF8482001D974
:104C7000FB1A1393002E3FF49BAE0DF175075BE01A
:104C80004FF00009DDE71098002800F0DF810DF1FA
:104C900075030093002117AB12AA11F009FABDF8B1
:104CA0004A30064603F0EF0343F4F04343F01003A9
:104CB0004FF00009ADF84A30CDE7109A072B3FF6C8
:104CC00077AEDFE803F00C04060C08080C0C157036
:104CD0006EE615806CE6EB17C2E9005368E61560D6
:104CE00066E64FF02D09CDE64FF02B09CAE640F2FB
:104CF000FF76B0422FD1A0480BF10102D2B2825C04
:104D00000B4302F003021ED1012A0BBF4923692382
:104D10004E216E210CBF462266228DF85C309DF834
:104D200048308DF85D106FF386138DF85E208DF896
:104D300048300DF15F0717AEBB1BB9F1000F3FF410
:104D40002CAF013329E7012A15BF6E234E236121C1
:104D500041211A46E1E70026A0E6013849185B41E7
:104D6000002BFADACDE90C13AEE6490841EAC3712B
:104D70005B08B3F1333F404608F10108F5D200F17A
:104D8000020801200CFB03FEA1FB0C13013E73443F
:104D900018F1020FE9DB08B1CDE90C13DDE90C31A4
:104DA000B8F1000F2CDCC8F10400A0F1200C08F1D0
:104DB0001C08C34001FA08F821FA0CFCC1400BF0B2
:104DC000DF0043EA0803472843EA0C0338D1F01C0C
:104DD00001DBB7422ADAABF10202002F5FFA82FB55
:104DE0007BDD9DF84800013F820676D43A1E18BF4D
:104DF0000122059207F101082CE04FF0000869E656
:104E0000023341F100010CA808F1FF380136CDE969
:104E10000C3129F06CF9DDE90C31DB18494100292E
:104E200008F1FF38F9DACDE90C31B7E79DF84820F1
:104E3000BF1B90064FD43A1E18BF0122059204E012
:104E40000022BBF1660F0592D4D117EB06084FF094
:104E5000660B44D4B8F1100FA8BF4FF010089FEDB7
:104E6000447B10208DED0E7B0B90DDE90E02B8F136
:104E7000000F37D1C01842EB0103B3F1805F41D27C
:104E8000CDE90C03079BBBF1660F03F0200340F054
:104E9000BC80002E41DC30218DF85C10002B6DD1E0
:104EA000002F40F3B4812E238DF85D3086B173421C
:104EB000BB42A8BF3B46002B1393A7EB0307D4BF0D
:104EC000002301239DF84A1063F345118DF84A1021
:104ED0000DF15E0839E00022B0E7002289E74FF0CB
:104EE0000008BCE7400840EAC2705208CDE90E0253
:104EF0000EA8CDE9083108F1FF3829F0F8F8DDE90E
:104F00000831B2E7400840EAC3705B08CDE90C0302
:104F10000CA829F0ECF80136B4E70DF15C080B9908
:104F2000002909DD0BA90CA8079329F0F8F8013E28
:104F3000079B08F8010BF2D113969BB9002F40F3A1
:104F400064812E2108F8011B0026002F1FDD0B9B1A
:104F5000002B1CDD0BA90CA829F0E1F8013F08F893
:104F6000010BF2E72E2308F8013BEDE7AFF30080D9
:104F70000000000000000008F07C04182E238DF8CB
:104F80005D30002EA4D0002F91DC0DF15E08059B52
:104F9000002B4ED1149747460BF0DF03452B23D14E
:104FA000002EBABF76422D232B23632EC8BF642167
:104FB0007B70C4BFB6FBF1F301FB13664FF00A012F
:104FC000C8BF03F13000B6FBF1F3D2BFBA1CFA1C24
:104FD000B87087F800B0174603F1300001FB136387
:104FE000303307F8020B5370139B002B2CDC149BFF
:104FF000002BD4BF002301239DF84A2063F38612BF
:1050000000238DF84A203B7095E60BA90CA8079366
:1050100029F085F8079B30288DF85C0018BF06F151
:10502000FF3613B9002F40F3F2802E238DF85D3048
:105030004EE7474617F8013C08F1FF38302BF8D00F
:105040002E2B08BF4746A7E70123D5E7714F8146BE
:1050500005237E1FA1E5110748BF0133A5E51846CA
:1050600009930399D0470028099B05DA1FB0BDE8D2
:10507000F08F2023DDF810B05A46002A0BF1FF3BD9
:10508000EDDC049BCDF810B02B449D1AB9F1000F54
:1050900005D048460399D0470028E7DB0135089B37
:1050A000002B77D09DF94930002B28DB3346DFF801
:1050B000689118789B4619F80020013352073FD4B5
:1050C0009DF84A30AE1B98065E4407D44246002A3B
:1050D00008F1FF383BDC079B33449E1A9BF8000025
:1050E0002E280AD10399D0470028BFDBB8F1000F62
:1050F00006F1010631DC0BF1010B5D4638E0B146EB
:1051000099F80000C846702809F1010913D1AE1BB7
:10511000149D46443544AB1B002B33DC3B464246D2
:105120005046039929F012F800289FDB3044049E72
:105130000546064464E00399D0470028E0DA95E785
:1051400005930399D0470028059BB2DA8EE73020FB
:105150000399D0470028B9DA88E730200399D0476F
:1051600008F1FF38C0E70399D0470028FFF67EAF6B
:105170002878A84619F8003001355907F3D4A6EB72
:105180000B06C5E730200399D0470028FFF66EAF25
:105190000136C0E79DF84A30DA0601D41B0706D570
:1051A00030200399D0470028FFF660AF0135059BFA
:1051B0003BB103999DF84B00D0470028FFF656AF4E
:1051C0000135A84406E030200399D0470028FFF6B7
:1051D0004DAF0135A8EB0503002BF4DC3B4632460E
:1051E0005046039928F0B2FF0028FFF63FAF28444D
:1051F0009DE720200399D0470028FFF637AF0135FF
:10520000731B002BF5DCFFF7D3BB1E46BFE60DF189
:105210005D08BCE66CD60418F17C041800000000A0
:10522000B0B584B000AF264B1B6AC3F31603184613
:10523000FBF7A8F84FF00002224BFBF747FA0246B3
:105240000B46C7E902231E4B1B6AC3F3C8539BB22C
:105250001846FBF797F802460B46D7E90201FAF722
:1052600055FF02460B46C7E9002313A3D3E90023E9
:10527000D7E90001FBF700F902460B4614461D462C
:105280000F4B5B69C3F30323DBB201331846FBF713
:1052900089F802460B4620462946FBF717FA0246D4
:1052A0000B4610461946FBF7A9FB03461846103774
:1052B000BD46B0BDAFF300800000000060E3764162
:1052C000000003460000604180B58EB000AFF8607A
:1052D000B9601346FB71FB683B63184A07F11C0376
:1052E00092E8030083E80300154A07F1100307CA98
:1052F00083E807003B6B1B681B691B6803F0020314
:10530000002B02D14FF0FF338EE23B6B1B68DA6952
:10531000FB79D35CDBB2002B02D06FF0060383E293
:10532000BB6803F4E023B3F5802F0BD13B6B1B6804
:10533000DA69FB790421D1540AE000BF2454031830
:105340002C5403183B6B1B68DA69FB790221D1549A
:105350003B6B1B685A68FB799B0013445A683B6B94
:105360001B685968FB7922F400129B000B445A60B9
:105370003B6B1B685A68FB7908339B0013445A68DF
:105380003B6B1B685968FB7922F4004208339B0091
:105390000B445A603B6B1B685A68FB7908339B00CF
:1053A00013445A683B6B1B685968FB7922F48042AE
:1053B00008339B000B445A603B6B1B685A68FB79AF
:1053C0009B0013445A683B6B1B685968FB7922F4B5
:1053D000C0129B000B445A60BB685B0A03F00303D6
:1053E0007B633B6B1B685A68FB799B0013445868CE
:1053F0007B6BDA043B6B1B685968FB7902439B00AB
:105400000B445A603B6B1B685A68FB799B00134442
:105410005A683B6B1B685968FB7922F4E0229B00B9
:105420000B445A60BB685B0B03F007037B633B6B69
:105430001B685A68FB799B00134458687B6B1A04FD
:105440003B6B1B685968FB7902439B000B445A6015
:105450003B6B1B685A68FB799B0013445A683B6B93
:105460001B685968FB7942F080729B000B445A60BC
:105470003B6B1B685A68FB799B0013445A683B6B73
:105480001B685968FB7942F400029B000B445A6088
:105490003B6B1B685A68FB7908339B0013445A68BE
:1054A0003B6B1B685968FB7922F0380208339B007C
:1054B0000B445A60BB68DBB27B633B6B1B685A686A
:1054C000FB7908339B00134458687B6BDA003B6B15
:1054D0001B685968FB79024308339B000B445A60F0
:1054E0003B6B1B685A68FB7908339B0013445A686E
:1054F0003B6B1B685968FB7922F0070208339B005D
:105500000B445A60BB681B0C03F007037B63BB684A
:1055100003F4E023B3F5A02F03D17B6B03F0040366
:105520007B633B6B1B685A68FB7908339B00134411
:1055300058683B6B1B685968FB797A6B02430833E8
:105540009B000B445A603B6B1B68DA69FB79D35CA8
:10555000DBB2042B40F0FF803B6B1B685A68FB7981
:105560009B0013445B681B0CDBB203F0070387F856
:105570002F303B6B1B685A68FB799B0013445B68B8
:10558000DB0CDBB203F0030387F82E3097F82E30E4
:105590009B0038333B4453F8283C97F82F2038328F
:1055A0003A4412F81C2CD340A94AA2FB03239B0CBB
:1055B000DBB21846FAF7E6FE9DA3D3E90023FAF71B
:1055C0005BFF02460B4610461946FBF717FA0346E7
:1055D000BB6297F82E309B0038333B4453F8283C8D
:1055E00097F82F2038323A4412F81C2CD340984AAE
:1055F000A2FB03239B0CDBB21846FAF7C3FE8EA373
:10560000D3E90023FAF738FF02460B461046194645
:10561000FBF7F4F903467B62BB6A18043B6B1B681B
:105620005968FB797A6A024310339B000B445A6035
:1056300097F82E309B0038333B4453F8283C97F8BA
:105640002F2038323A4412F81C2CD340804AA2FB57
:1056500003239B0CDBB21846FAF794FE78A3D3E938
:105660000023FAF709FF02460B4610461946FBF7DE
:10567000C5F90346BB6297F82E309B0038333B4494
:1056800053F8283C97F82F2038323A4412F81C2C53
:10569000D3406F4AA2FB03239B0CDBB21846FAF7F8
:1056A00071FE69A3D3E90023FAF7E6FE02460B4632
:1056B00010461946FBF7A2F903467B62BB6A180441
:1056C0003B6B1B685968FB797A6A024326339B005F
:1056D0000B445A60FB7940F201129A403B6B1B6805
:1056E0005B68C3F82C21FB7940F201129A403B6BB6
:1056F0001B685B68C3F83021BB6803F4C0137B638D
:105700007B6B002B08D13B6B1B689A69FB791344B8
:10571000002283F860201EE07B6BB3F5002F08D1D8
:105720003B6B1B689A69FB791344012283F8602064
:1057300011E07B6BB3F5801F0AD13B6B1B689A6944
:10574000FB791344022283F8602015F0D7FA02E0B7
:105750006FF0040368E03B6B1B685A68FB79083301
:105760009B0013445A683B6B1B685968FB7922F015
:10577000800208339B000B445A60BB68DB0A03F0CD
:1057800001037B633B6B1B685A68FB7908339B0002
:10579000134458687B6BDA013B6B1B685968FB79D3
:1057A000024308339B000B445A603B6B1B685A68EA
:1057B000FB7908339B0013445A683B6B1B6859689C
:1057C000FB7922F0400208339B000B445A60BB680F
:1057D0001B0B03F001037B633B6B5B68FA791032B0
:1057E000796B43F822103B6B1B685A68FB790833CE
:1057F0009B00134458687B6B9A013B6B1B6859688C
:10580000FB79024308339B000B445A603B6B1B68D7
:105810001B691968FB79083301229A403B6B1B68AE
:105820001B690A431A60002318463837BD4680BDFD
:105830009A9999999999E93FCDCCCCCCCCCCDC3FC5
:105840009A9999999999D93F333333333333EB3F4D
:1058500083DE1B430000000051EC100BC1F30A5320
:105860002DE9F041A3F2FF350C460646132D32DC3C
:10587000002D20DB384B0F4643FA05F801EA0803F8
:1058800003432DD032A3D3E90023FAF73FFC0022D3
:105890000023FBF781F840B1002C03DA4FF48013AA
:1058A0002B411F4427EA080400262346324643ECD6
:1058B000102BBDE8F08126A3D3E90023FAF726FCDC
:1058C00000220023FBF768F80028EED0002C2ADB2A
:1058D00000263446E9E7332D06DDB5F5806F1BD091
:1058E00041EC100BBDE8F081A3F213434FF0FF37FA
:1058F000DF400742F4D016A3D3E90023FAF706FCF1
:1059000000220023FBF748F80028CED0002C3346B5
:1059100010DB23EA0706C8E702460B46FAF7F6FB58
:1059200041EC100BDEE724F0004426430DD14FF08C
:105930000044BAE7142D06D0C5F134050122AA406F
:105940001344B342E5D20134E3E70026034CACE74D
:105950009C7500883CE4377EFFFF0F000000F0BF1D
:105960002DE9F04FD7B00C46CDE907120C93069005
:1059700025F0BCF903681846159322F023FFA3898C
:1059800014901F0603D52369002B00F0A287002383
:105990009FED797B9E46CDE92B332DABCDF868E0AA
:1059A000CDF828E02A930393CDF83CE0CDE916EE3C
:1059B000CDE918EE8DED127B089C2378002B00F0CA
:1059C0006581252B00F06281254614F8013F0BB15B
:1059D000252BF9D1089AA71A12D0039B2C9E1A6086
:1059E0001A465F603E442B9B2C960133072B2B936A
:1059F00000F3A080083203920A9B3B440A936B7821
:105A0000002B01F027810023651C4FF0FF376478DD
:105A10008DF88B30099302930135A4F120035A2BA2
:105A200000F2AE80DFE813F0D502AC00AC00CF028C
:105A3000AC00AC00AC006A00AC00AC00E401FE01BC
:105A4000AC00EF01B702AC00B1025B005B005B0091
:105A50005B005B005B005B005B005B00AC00AC00CC
:105A6000AC00AC00AC00AC00AC003401AC00810177
:105A70009602340134013401AC00AC00AC00AC003F
:105A80008802AC00AC005B02AC00AC00AC0096013C
:105A9000AC007402AC00AC000E07AC00AC00AC0073
:105AA000AC00AC00AC00AC00AC003401AC00810137
:105AB000BC01340134013401F501BC018000AC00AB
:105AC0001202AC0003020A071B028000AC00960120
:105AD0007E000407AC00AC003507AC007E00A4F1EA
:105AE0003003002202EB820215F8014B03EB420265
:105AF000A4F13003092BF5D909928EE7069E3046B2
:105B000025F0F4F843681846199322F05BFE1890CC
:105B10000446304625F0EAF883681A9314B1002B46
:105B200040F07A862C7877E7029B2C7843F02003AC
:105B3000029371E72AAADDE9060122F0F5FE80B999
:105B40002DAB039358E72AAADDE9060122F0ECFE0B
:105B5000002800F08C800B9B1BB10B99069824F059
:105B60007BFF079B9B895F0601F1E4820A9857B08F
:105B7000BDE8F08FAFF300800000000000000000DF
:105B80000D940895002C01F06580002201233DADA5
:105B90008DF8F44017469B468DF88B2004930B92AA
:105BA0000E92CDE91022029B13F0020A02D0049B50
:105BB00002330493029B13F0840405D1099B0499DA
:105BC0005E1A002E00F38E832C9E7AB12B9A0DF173
:105BD0008B01039B0136013219600121072A2C96A3
:105BE0002B92596000F3BE8308330393BAF1000F80
:105BF0000ED02B9A23A9039B023601321960022191
:105C0000072A2C962B92596000F3B883083303932C
:105C1000802C00F04682A7EB0B07002F00F38D824B
:105C2000029BDB0500F1DF812B9B0BEB0604039A43
:105C300001332C941560072BC2F804B02B9300F3AA
:105C4000F68208320392029B5B0705D5099B049AF2
:105C50009D1A002D00F39E830499DDE909238A42F1
:105C6000ACBF9B185B180A93002C7FF46CAF002329
:105C70002B930B9B1BB10B99069824F0EDFE2DABDB
:105C8000089C03932378002B7FF49BAE089CB7E617
:105C90000C9B4FF0FF320D940733089523F007015A
:105CA000A84BB1EC027B55EC174B0C9125F0004151
:105CB0008DED1C7A1D91DDE91C898DED127B40462E
:105CC0004946FBF7C9F8002840F0F0844FF0FF3256
:105CD0009C4B40464946FAF74BFE002840F0E684CC
:105CE0000022002320462946FAF738FE002841F01A
:105CF0008E809DF88B20029B0021934D23F0800322
:105D00000B910293914B0D980F4611914728C8BFF4
:105D10001D4603201091834604900E91002A3FF403
:105D200042AF049B013304933DE70C9B002208958E
:105D30003DAD53F8041B17460D940C9301238DF8C9
:105D40008B209B468DF8F41004930B9211921092C5
:105D50000E9228E70C9E0D940024089556F8045BDB
:105D60008DF88B40002D00F065877B1C00F0E585E9
:105D70003A462146284622F09FF80B90002801F071
:105D80003F810B9B27469DF88B20A3EB050B0C96C0
:105D90000B942BEAEB730E940493CDE91044BDE70A
:105DA000029B0D949E06089540F1DE800C9B073304
:105DB00023F007031A46596852F8083B0C920A462A
:105DC0000029C0F23384791C00F02283029921F06B
:105DD00080010291002F40F01B8353EA020114BF9F
:105DE0000121002140F014830F4656AD8B4668E038
:105DF0000C9B53F8042B002A099280F23984099AEB
:105E00000C9352420992029B2C7843F004030293B4
:105E100002E62C78029B682C00F0548543F0400386
:105E20000293F9E52B232C788DF88B30F4E5029B57
:105E300008959C0640F128840C9B0A9A1B681A60FE
:105E4000D2175A600C9B04330C93B5E52C78029B57
:105E50006C2C00F0308543F010030293DCE5029BCC
:105E600078200C9A43F0020947F630033849ADF820
:105E70008C3052F8043B169102210C9200220895B6
:105E80000D9000208DF88B00781C00F08F8129F098
:105E90008000029053EA020040F08681381E18BF4D
:105EA0000120002F40F08081002940F0AD8219F0E0
:105EB000010B0F4600F05C8330230DF257158DF86F
:105EC00057315F454FF0000339469DF88B20B8BF2E
:105ED00059460B930E930491CDE910331EE7029BB4
:105EE0000D9443F0100308950293029B13F02002D7
:105EF00000F08B830C9B073323F0070319465A6885
:105F000051F8083B0C91029921F480690021B8E70F
:105F1000029B0D9443F01009089519F0200200F03F
:105F20005F830C9B0121073323F0070318465A684F
:105F300050F8083B0C90A4E7029B2C7843F0080330
:105F4000029369E5FFFFEF7F487E04184C7E04183A
:105F50000C7E0418029B0D9443F0100308950293E5
:105F6000029B9E063FF522AF0C9A52F8043B0C921E
:105F7000029AD50600F18483029A540640F17C838C
:105F800043F3C0321BB211461AE7029B2C7843F050
:105F90008003029340E52A4612F8014B2A2C01F0B7
:105FA0005081A4F1300315460027092B3FF635AD8B
:105FB00007EB870715F8014B03EB4707A4F1300304
:105FC000092BF5D929E5029B2C7843F001030293B4
:105FD00022E59DF88B302C78002B7FF41DAD20231B
:105FE0008DF88B3018E50D9B652B40F33181002235
:105FF0000023DDE91201FAF7A7FC002800F019825E
:106000002B9B0136904A013303992C960A60072B8B
:106010004FF001022B934A6000F38E850831039103
:10602000249B0F9A934204DB029BDF0701D4344682
:1060300009E6149B039A15999C19C2E900132B9B3E
:106040002C940133072B2B9300F3288408320392FE
:106050000F9B5D1E002D7FF7F6AD102D2B9B7B4E09
:1060600040F3DB801027039ADDE9068903E0103D49
:10607000102D40F3D18001331034072BC2E90067A3
:10608000CDE92B3402F10802F1DD2AAA4946404647
:1060900022F04AFC00287FF45EAD2DAADDE92B3406
:1060A000E5E7099B049AA3EB0208B8F1000F7FF71C
:1060B000B2ADB8F1100F32462B9B644E29DD1B9513
:1060C0004FF01009039C1946DDE906A504E0A8F18C
:1060D0001008B8F1100F19DD013110320729C4E999
:1060E0000069CDE92B1204F10804F0DD2AAA294643
:1060F00050462DAC22F018FC00287FF42CADA8F1FE
:106100001008B8F1100FDDE92B12E5DC1B9D0B46E2
:106110000394039901330E60072B08EB0206C1F8C4
:1061200004800A46CDE92B3600F36585A7EB0B0703
:106130000832002F03927FF773AD102F32462B9B4E
:10614000424E22DD4FF01009039CDDE9068A02E091
:10615000103F102F18DD013310323C49072BC4E9E2
:106160000019CDE92B3204F10804F1DD2AAA5146C9
:1061700040462DAC22F0D8FB00287FF4ECAC103F59
:10618000102FDDE92B32E6DC0394039901330E6016
:10619000072B07EB02064F600A46CDE92B3600F3CA
:1061A0001282083203923BE5DDF80890012900F0E5
:1061B0003181022956AD12D1169803F00F011B0947
:1061C000415C43EA0273120905F8011D53EA02011A
:1061D000F3D156ABCDF80890A3EB050B71E603F0B5
:1061E0000701DB08284643EA42733031D20805F83C
:1061F000011D53EA0204F2D13029EAD019F0010F4F
:10620000E7D030230238CDF8089005F8013C56ABB2
:106210000546A3EB000B54E603920133039A2C448A
:10622000072B16605560CDE92B347FF70AAD2AAAFB
:10623000DDE9060122F078FB00287FF48CAC2DAB61
:106240002C9C0393FFE400BF587E04185C7E041866
:10625000039B03F108070F9B012B40F36A812B9BE3
:1062600001360399012201332C960D60072B2B93E5
:106270004A6000F3E58103F10108149A159B941913
:10628000B8F1070FC7E90032CDE92B8400F3E481B0
:1062900008370F9B002203F1FF390023DDE91201CB
:1062A000FAF752FB002840F0658108F1010801353A
:1062B0004C44C7F80490B8F1070F3D60CDE92B843A
:1062C00000F34A810837179A08F1010314447A60F1
:1062D000072B26AACDE92B343A60A8DC07F1080386
:1062E0000393B0E4102EDFF87884DDE92B2129DD5B
:1062F00043461B94B8464FF010092F46039C1D4699
:1063000002E0103E102E17DD01321031072AC4E9D9
:106310000059CDE92B2104F10804F2DD2AAA0799DE
:1063200006982DAC22F000FB00287FF414AC103E40
:10633000102EDDE92B21E7DC2B4603943D461B9C08
:10634000474698460132039B3144072AC3F8008030
:106350005E602C912B9200F39F8308339DF88B2075
:10636000039331E42AAADDE9060122F0DDFA0028D0
:106370007FF4F1AB2DAB2C9E039337E42AAADDE921
:10638000060122F0D1FA00287FF4E5AB2DAB2C9E5C
:1063900003933DE4102D2B9BDFF8C48320DD1027F1
:1063A000039EDDE9069A02E0103D102D17DD013352
:1063B0001034072BC6E90087CDE92B3406F1080617
:1063C000F2DD2AAA514648462DAE22F0ADFA002849
:1063D0007FF4C1AB103D102DDDE92B34E7DC0396D3
:1063E0000133039A2C44072BC2E90085CDE92B34F5
:1063F0007FF732AC2AAADDE9060122F095FA0028DF
:106400007FF4A9AB2C9C27E4074656AD834658E59C
:10641000DDF808900A2B72F1000180F09A83303386
:106420004FF0010B0DF25715CDF808908DF857314C
:1064300047E5249A002A40F33D83DDE90E739F422D
:1064400005EB030AA8BF1F46002F0CDD2B9B3E4423
:10645000039A01332C96072B2B93C2E9005700F3C4
:106460008785083203920E9C002FA8BFE41B002CE6
:1064700000F33E820E9B2B449946029B580500F187
:106480006D82249D0F9B9D4203DB029AD10740F150
:10649000E084149B039A15999C19C2E900132B9B65
:1064A0002C940133072B2B9300F39C850832039225
:1064B0000F9BAAEB09075D1BAF42A8BF2F46002F19
:1064C0000DDD2B9B3C44039A01332C94C2F80090C1
:1064D000072B57602B9300F3AB8508320392002FF4
:1064E000A8BFED1B002D7FF7AEAB102D2B9B994E57
:1064F0007FF793AE1027039ADDE9068903E0103D8C
:10650000102D7FF789AE01331034072BC2E90067E5
:10651000CDE92B3402F10802F1DD2AAA49464046B2
:1065200022F002FA00287FF416AB2DAADDE92B3405
:10653000E5E7029BDA073FF592AE2B9B741C039AAA
:1065400003F1010801231560B8F1070F2C94CDF871
:10655000AC8053607FF7B7AE2AAADDE9060122F0CE
:10656000E3F900287FF4F7AA2DAFDDE92B84AAE632
:1065700056ADA6E40F9B012B7FF7A5AE112B754EF0
:1065800040F3768343461025DDE9068A05E0A9F14C
:106590001009B9F1100F40F36A8301331034072B4F
:1065A000C7E90065CDE92B3407F10807EFDD2AAA1A
:1065B0005146404622F0B8F900287FF4CCAA2DAF0E
:1065C000DDE92B34E3E72AAADDE9060122F0ACF984
:1065D00000287FF4C0AA2DAB2C9E0393FFF720BBAD
:1065E0000C9951F8043B0C9119F010010BD119F0E2
:1065F000400003D00A469BB2012142E419F4007224
:1066000001D0DBB2024601213BE40C9951F8043B76
:106610000C91029911F010017FF475AC029A12F0FE
:10662000400000F03A839BB20A466CE45B42DDF81E
:1066300008904FF02D004FF0010162EB420221E47F
:106640002AAADDE9060122F06FF900287FF483AA67
:106650002DAFDDE92B360EE62AAADDE9060122F090
:1066600063F900287FF477AA2DAFDDE92B8410E6CB
:106670002C780C93FFF7D0B9029A900500F1F883BB
:10668000DA171146FFF79CBB029BD80600F1CC82BB
:10669000029B590600F1E683029B9A0540F1C482F1
:1066A0000C9B0A9A1B681A70FFF7CCBBDDE912013C
:1066B00002460B46FAF7D0FB002840F07C850D9B84
:1066C00023F02008B8F1410F40F0F682612B4FF023
:1066D00030038DF88C300CBF78235823632F8DF84E
:1066E0008D3000F3CB833DAD0B90DDE91212002A13
:1066F00080F2D0844FF02D0ADDE9121202F100433E
:106700002091219324A89DED200B24F0D5FE00229A
:106710004FF07F5351EC100BF9F7AEFE02460B46DB
:10672000CDE9042300220023FAF70EF908B1012372
:106730002493094A07F1FF38084B2F460D990F950E
:10674000612918BF1A46DDE904450E92CDF810A064
:1067500092460DE05C7E04180C7E0418F87D041847
:106760006C7E041800220023FAF7EEF8F8B9C84648
:106770000022AF4B20462946F9F77EFE0D4604461F
:10678000FAF714F90646F9F70DFE0B4602462946BC
:106790002046F9F7B9FC1AF80630B8F1FF3FBB46BE
:1067A00008F1FF3904460D4607F8013BDAD12046CF
:1067B000294600229F4BDDF810A05C460F9DCDE9D5
:1067C0000401FAF7E9F8002840F008850022994B07
:1067D000DDE90401FAF7B8F810B1F20700F1FE8420
:1067E000B8F1000FC0F2128508F1010330223B44DA
:1067F00007F8012BBB42FBD15B1B0F93249B0E932D
:10680000029B01210D9A43F002030F3202930E9B6B
:10681000D2B2013B2493A7E21A9B2C781B78002B61
:106820003FF4FAA8029B43F480630293FFF7F4B8A5
:10683000DDF808900D940895FFF76FBB0D9408954F
:10684000FFF753BB7C4B0D9408951693029B13F0F6
:10685000200200F0CC800C9B073323F0070319467D
:106860005A6851F8083B0C9153EA02010BD0029987
:10687000CC0708D541F0020102910D998DF88D10D9
:1068800030218DF88C10029921F480690221FFF7E4
:10689000F8BA6A4B0D9408951693D7E72AAADDE952
:1068A000060122F041F800287FF455A92DAB2C9C5D
:1068B0000393FFF7CDBB43F020036C7801350293BF
:1068C000FFF7AAB843F400736C7801350293FFF721
:1068D000A3B84021069821F02FF8079B1860186193
:1068E000002800F024844023079A5361FFF74FB833
:1068F000102C32462B9B524E40F38F821027039967
:10690000DDE9068903E0103C102C40F38582013359
:106910001032072BC1E90067CDE92B3201F10801E4
:10692000F1DD2AAA4946404621F0FEFF00287FF407
:1069300012A92DA9DDE92B32E5E728460C9621F0B6
:1069400041FF20EAE073274683469DF88B200B9495
:106950001194049310940E94FFF7E0B9109B002B50
:1069600006DC119B002B03DCD14528BFD14688E50E
:106970003046334F4FF01008DDF844B0039A1A9EAA
:10698000BBF1000F44D00BF1FF3B189B1999184441
:10699000C2E900132B992C90013107292B9100F3A8
:1069A000C0800832AAEB090531788D42A8BF0D4698
:1069B000002D0BDD2B99284401312C9007292B91B8
:1069C000C2E9009500F3248108323178002DACBF74
:1069D0004C1B0C46002C20DC109B8944002BCFDC88
:1069E000BBF1000FCCDC1A9606460392BCE70C996B
:1069F00051F8043B0C91029911F010017FF434AF6F
:106A0000029A12F0400000F040819BB20A462BE748
:106A1000109B013E013B1093B7E7102C2B9940F3DC
:106A2000298425460396079C069E0D970DE000BF1E
:106A3000000030400000E03FF87D04180C7E041890
:106A40005C7E0418103D102D17DD01311030072930
:106A5000C2E90078CDE92B1002F10802F2DD2AAA82
:106A60002146304621F060FF00287FF474A8103DD5
:106A70002DAA102DDDE92B10E7DC2C46039E0D9D81
:106A800001312044156007295460CDE92B1000F333
:106A90009D82083231789FE72AAADDE9060121F0BC
:106AA00043FF00287FF457A82DAB9DF88B2003935C
:106AB000FFF78AB82B9B741C7C49013303982C94F4
:106AC0000160072B4FF001012B93416000F3B4816B
:106AD000083003900F9B134300F06582149B0398CA
:106AE0001919159CC0E900432B9B2C910133072BEE
:106AF0002B9300F34A8200F1080B002AC0F2A8820F
:106B00000F9A0133CBF800505418072BCBF8042010
:106B1000CDE92B343FF78BAB0BF108030393FFF761
:106B200092B82AAADDE9060121F0FEFE00287FF4D2
:106B300012A82DAA2C9835E72AAADDE9060121F032
:106B4000F3FE00287FF407A82DAB2C9E0393FFF7DC
:106B500067BA0021029709F480640DF5AC7CDFF878
:106B600054A18E461A9F06E00A2B72F1000237D319
:106B700043463246AC4698184FF0050B0EF1010E15
:106B80000CF1FF3540F10000AAFB001626F00301CE
:106B900001EB96014FF0CC36401A191A62F1000849
:106BA00006FB01F60AFB0866A1FB0A810E4408F009
:106BB00001014FEA5808A1FB0B1B48EAC6780918E7
:106BC000760830310CF8011C002CCDD03978714595
:106BD000CAD1FF29C8D00A2B72F1000280F01B82B3
:106BE00056AB1A97CDF83CE0029FA3EB050BCDF80E
:106BF0000890FFF766B92AAADDE9060121F094FEA4
:106C000000287EF4A8AF2DAB2C9E0393FFF703B8AA
:106C10002AAADDE9060121F087FE00287EF49BAF59
:106C200031782DAA2C98D1E60C9B0A9A1B681A6021
:106C3000FFF708B9062F3B462A462F4628BF0623F2
:106C40000B950E959B4604930C96CDE91055184D67
:106C5000FFF764B82C9B002B3EF483AF079C2AAA55
:106C60000698214621F060FEA389FEF77CBF984676
:106C700008F101084C443E60B8F1070FC7F80490D2
:106C8000CDE92B847FF71EAB66E4029A12F4007202
:106C90003FF4EAADDBB20246E6E5029A12F4007276
:106CA0003FF431A9DBB20246FFF72DB9587E041834
:106CB000207E0418CDCCCCCC791C00F0E980B8F152
:106CC000470F02D1002F08BF0127029ADDE9120108
:106CD00042F480740029C0F23C824FF0000ACDE9F2
:106CE0001E01B8F1460F9DED1E0B00F00581B8F1B5
:106CF000450F40F0E08128AB7A1C022106980193F1
:106D000025AB16460F92009324AB02F015F8002233
:106D1000054686190023DDE91E01F9F715FE002856
:106D200040F0C582289BB34206D230215A1C2892DB
:106D30001970289B9E42F9D85B1BB8F1470F0F933F
:106D4000249B0E9340F0BC820E9B9F4202DB0333D8
:106D500080F2B3800D9B023B0D930E9B00219DF8AA
:106D60003420013B0B912493002B8DF89820C0F226
:106D7000EB812B22092B8DF8992040F3C9810DF16D
:106D8000A70EDFF86CC57646ACFB03211C463046E7
:106D9000013EC908632C01EB8102A3EB42020B46C2
:106DA00002F1300200F8012CEEDC303306F8013C31
:106DB000831E734580F081820DF1990213F8011B47
:106DC000734502F8011FF9D156AB181AA0F1AD03B3
:106DD00017930F9B179A012B03EB020B40F3AF8124
:106DE000149B9B44029B2BEAEB7223F48063049276
:106DF00043F4807302930023119310930E93BAF11E
:106E0000000F54D157469DF88B20FEF787BF2D22E7
:106E10008DF88B20FEF76FBF0391039901330E604D
:106E2000072B04EB02064C600A46CDE92B3631DC19
:106E300008320392FFF71EBB2AAADDE9060121F002
:106E400073FD00287EF487AE2DAB249A2C9C03930F
:106E500040E6AAEB09075D1B3446AF42A8BF2F46A8
:106E6000FFF73DBB0C9B0A9A1B681A80FEF7EABF2E
:106E700043F3C0125BB21146FEF7A2BF791C06981D
:106E800020F05AFD0546002800F023820B902CE4E8
:106E900006271AE72AAADDE9060121F045FD0028A8
:106EA0007EF459AE2DAB2C9E0393FFF7E3BA2D224F
:106EB00000278DF88B20FEF734BFDDE90E239342C7
:106EC00000F3EE80029BDF0740F185810E9B149A50
:106ED00003EB020B029B5E0503D50E9B002B00F318
:106EE00041812BEAEB73049367230D9300230294F3
:106EF0000B93CDE9103382E728AB3A46032106987D
:106F0000019325AB009324AB01F016FF03780546EF
:106F1000302B08D100220023DDE91E01F9F714FD12
:106F2000002800F09C81249E002200233E44DDE9DD
:106F30001E01F9F709FD002800F07E81249B0F96C1
:106F4000029A002B02F001020E9342EA070240F37C
:106F50008A81002A40F069816623DDF838B00D93FC
:106F6000029B5E0500F100812BEAEB730493BDE701
:106F70002AAADDE9060121F0D7FC00287EF4EBAD5A
:106F80002DAB2C9E0393FFF76EBA2AAADDE906010A
:106F900021F0CAFC00287EF4DEAD249A0DF1B40B7A
:106FA000DDE92B31A9E5029BDE077EF54CAE149B93
:106FB000039A15981919C2E900032B9B2C910133F0
:106FC000072B2B93E1DC02F1080B99E52AAADDE9F6
:106FD000060121F0A9FC00287EF4BDAD31782DAA70
:106FE0002C98F9E42AAADDE9060121F09DFC00288D
:106FF0007EF4B1AD2DAB249D2C9C0393FFF758BAC2
:10700000BB4604979DF88B2007460C960E90CDE961
:107010001000FEF783BE189B1999ED1A1A462846F0
:1070200021F028FC7B7803B101374FF0000E9FE57B
:107030002AAADDE9060121F077FC00287EF48BAD59
:107040000F9B249D2C9C5D1B2DAB0393FFF747BA30
:1070500057421032A34E4DDA1024DDE9068902E0D2
:10706000103F102F46DD01331031072BCBE90064B0
:10707000CDE92B310BF1080BF2DD2AAA4946404637
:1070800021F052FC00287EF466AD0DF1B40BDDE971
:107090002B31E5E74FF0000ACDE92012FFF732BBB4
:1070A0000F9B149A03EB020B0E9B002B40F3B48052
:1070B00067230D9354E728AB3A46022106980193C3
:1070C00025AB009324AB01F037FE029B0546D807A1
:1070D0000AD500220023DDE91E01F9F735FC00285E
:1070E00040F0B980EE191DE6289B5B1B0F93249B93
:1070F0000E9329E601333944CBF80060072BCBF817
:107100000470CDE92B3100F3B7800BF1080BF7E4E5
:10711000002940F0938030228DF89A200DF19B02D7
:10712000303302F8013B26ABD31A179351E60C23F8
:10713000069A13604FF0FF330A93FEF717BD029BC8
:10714000DB077FF54FAE4BE60E9B2D22C3F101030B
:1071500010E6DDE912124FF02D0A02F100431E91F4
:107160001F93BEE567230D931A990B78FF2B00F050
:10717000AC8000200E9A064603E001360131FF2B59
:1071800008D09A4206DDD21A4B78002BF5D10B7845
:107190000130F4E70E9211901A9110960294DDE9F5
:1071A00010321344189A02FB03BB00230B932BEA03
:1071B000EB73049323E6139B002B6ADB9DF88B2073
:1071C000029B494D23F080030293002319460B9341
:1071D000464BFEF798BDDDF838B07BE60E9B3A468D
:1071E0002894D97B17F8013C994209D1302002F844
:1071F000010C289A531E289312F8013C9942F6D0AC
:10720000392B57D00133DBB202F8013C7B1B0F93C3
:10721000249B0E93FFF7F4BAC3F101039B44672349
:107220000D932BEAEB73049360E6149A134403EB7B
:10723000070B66230D9393E62E4473E50DF19A0236
:107240006EE70C9B6C78154653F8047B47EAE777AA
:107250000C93FEF7E1BB249BCDE90E3774E5C7F133
:107260000106249660E6C2B9012366229B46049378
:107270000D923BE61B4D03E42AAADDE9060121F04D
:1072800053FB00287EF467AC0DF1B40BDDE92B3124
:1072900036E42D228DF88B2092E7149B013303EB0B
:1072A000070B66230D932BEAEB7304931EE6249BD6
:1072B0000E9352E50E9B9B7AA6E70223179388E56F
:1072C000B8F1460F3FF43CAE47E50023CDE910335B
:1072D00064E707998B8943F0400213468A81FEF7E1
:1072E00042BC00BF5C7E0418507E0418547E041813
:1072F000CDCCCCCC000000002DE9F04FD7B01C461F
:10730000054606910892079023F0F0FC03680C9460
:107310001846159321F056FA14901DB1AB6B002B53
:1073200000F01182069B5A6EB3F90C30D70702D4D5
:107330009E0540F1A5861D0740F1D680069A126988
:10734000002A00F0D18003F01A020A2A00F0DB8044
:1073500000239FED8B7B9E46CDE92B332DABCDF8E3
:1073600068E0CDF828E02A930393CDF83CE0CDE91E
:1073700016EECDE918EE8DED127B089C2378002BDC
:1073800000F08881252B00F08581254614F8013F07
:107390000BB1252BF9D1089AA71A12D0039B2C9E6A
:1073A0001A601A465F603E442B9B2C960133072BD4
:1073B0002B9300F3BD80083203920A9B3B440A934F
:1073C0006B78002B01F07B800023651C4FF0FF37AA
:1073D00064788DF88B30099302930135A4F1200372
:1073E0005A2B00F2D180DFE813F06702CF00CF0004
:1073F0006102CF00CF00CF006A00CF00CF001B0298
:107400002C02CF0026023702CF0031025B005B0066
:107410005B005B005B005B005B005B005B00CF0020
:10742000CF00CF00CF00CF00CF00CF005701CF005B
:10743000B801D702570157015701CF00CF00CF0045
:10744000CF00D102CF00CF007102CF00CF00CF001C
:10745000CD01CF00BD02CF00CF006707CF00CF0026
:10746000CF00CF00CF00CF00CF00CF005701CF001B
:10747000B801F3015701570157015802F301B20156
:10748000CF004F02CF0005038D07F202B201CF00FB
:10749000CD017D009107CF00CF009707CF007D0081
:1074A000A4F13003002202EB820215F8014B03EB3A
:1074B0004202A4F13003092BF5D909928EE7079E09
:1074C000304623F013FC436818461A9321F07AF9EA
:1074D00018900446304623F009FC83681993002C69
:1074E00040F0BF852C7878E7069D0798294623F061
:1074F00009F8002841F0F182B5F90C3003F01A02C6
:107500000A2A7FF425AF0699B1F90E20002AFFF66A
:107510001FAF4A6ED20702D49F0541F10E81234668
:10752000089ADDE9061057B0BDE8F04F22F05CBFC5
:107530002AAADDE9061022F02BF880B92DAB0393BF
:107540003BE72AAADDE9061022F022F8002800F025
:1075500092800B9B1BB11946079823F07DFA069B7E
:107560005A6EB3F90C30D10740F1E3805F0601F1A8
:10757000C0820A9857B0BDE8F08F00BFAFF300801B
:1075800000000000000000000D940895002C00F0A1
:107590009687002201233DAD8DF8F44017469B46A7
:1075A0008DF88B2004930B920E92CDE91022029B52
:1075B00013F0020A02D0049B02330493029B13F0DF
:1075C000840405D1099B04995E1A002E00F3A2835E
:1075D0002C9E7AB12B9A0DF18B01039B013601325F
:1075E00019600121072A2C962B92596000F3D2834F
:1075F00008330393BAF1000F0ED02B9A23A9039BF3
:107600000236013219600221072A2C962B9259600A
:1076100000F3CC8308330393802C00F05882A7EB4F
:107620000B07002F00F39F82029BD80500F1F18128
:107630002B9B0BEB0604039A01332C941560072B4C
:10764000C2F804B02B9300F3088308320392029B24
:10765000580705D5099B049A9D1A002D00F3B283A3
:107660000499DDE909238A42ACBF9B185B180A9391
:10767000002C7FF466AF00232B930B9B1BB10B995F
:10768000079823F0E9F92DAB089C03932378002B8E
:107690007FF478AE089C94E60C9B4FF0FF320D947B
:1076A0000733089523F00701AB4BB1EC027B55EC97
:1076B000174B0C9125F000418DED1C7A1D91DDE9F1
:1076C0001C898DED127B40464946F9F7C5FB002821
:1076D00040F029854FF0FF329F4B40464946F9F76D
:1076E00047F9002840F01F85002200232046294644
:1076F000F9F734F9002841F006809DF88B20029BB1
:107700000021964D23F080030B910293944B0D982A
:107710000F4611914728C8BF1D460320109183468C
:1077200004900E91002A3FF442AF049B013304936E
:107730003DE79A053FF51AAF069CA06D10F058FB87
:10774000B4F90C3012E7079823F0B0F8EAE5029B91
:107750002C7843F0200302933FE60C9B002208950F
:107760003DAD53F8041B17460D940C9301238DF87F
:107770008B209B468DF8F41004930B92119210927B
:107780000E9214E70C9E0D940024089556F8045BA5
:107790008DF88B40002D00F0EC857B1C00F0B2864C
:1077A0003A462146284620F087FB0B90002801F03E
:1077B0002B810B9B27469DF88B20A3EB050B0C968A
:1077C0000B942BEAEB730E940493CDE91044A9E7D4
:1077D000029B0D949E06089540F1E8800C9B0733B0
:1077E00023F007031A46596852F8083B0C920A46E0
:1077F0000029C0F22C84791C00F02283029921F028
:1078000080010291002F40F01B8353EA020114BF54
:107810000121002140F014830F4656AD8B468DE0C8
:107820000C9B53F8042B002A099280F23184099AA8
:107830000C9352420992029B2C7843F0040302936A
:10784000CBE52B232C788DF88B30C6E5029B2C786A
:1078500043F080030293C0E52A4612F8014B2A2C1C
:1078600001F04682A4F1300315460027092B3FF6AC
:10787000B5AD07EB870715F8014B03EB4707A4F1FC
:107880003003092BF5D9A9E52C78029B6C2C00F06C
:10789000558543F0100302939FE52C78029B682CDA
:1078A00000F0608543F04003029396E5029B2C783C
:1078B00043F00103029390E59DF88B302C78002B68
:1078C0007FF48BAD20238DF88B3086E5029B0D94E1
:1078D00043F0100308950293029B13F0200200F07E
:1078E00097830C9B073323F0070319465A6851F816
:1078F000083B0C91029921F48069002100207C1C36
:107900008DF88B0000F0688129F08000029053EA26
:10791000020040F05F81381E18BF0120002F40F0A8
:107920005981002940F0888219F0010B0F4600F0C0
:10793000378330230DF257158DF857315F454FF0DF
:10794000000339469DF88B20B8BF59460B930E9320
:107950000491CDE91033E5E6FFFFEF7F487E041880
:107960004C7E0418029B0D9443F01009089519F001
:10797000200200F05E830C9B0121073323F00703F4
:1079800018465A6850F8083B0C90B7E7029B2C78D1
:1079900043F00803029320E5029B0D9443F010038B
:1079A00008950293029B9E063FF518AF0C9A52F879
:1079B000043B0C92029AD50600F1B183029A540658
:1079C00040F1A98343F3C0321BB2114610E7029B7A
:1079D00078200C9A43F0020947F63003A549ADF828
:1079E0008C3052F8043B169102210C92002208952B
:1079F0000D9083E7029B08959C0640F14B840C9BFD
:107A00000A9A1B681A60D2175A600C9B04330C93B5
:107A1000B3E40D9B652B40F3338100220023DDE9A5
:107A20001201F8F791FF002800F01B822B9B013612
:107A3000914A013303992C960A60072B4FF00102FB
:107A40002B934A6000F3DB8408310391249B0F9A47
:107A5000934204DB029BD90701D43446F7E5149B1B
:107A6000039A15999C19C2E900132B9B2C9401339E
:107A7000072B2B9300F36984083203920F9B5D1E42
:107A8000002D7FF7E4AD102D2B9B7C4E40F3DB8067
:107A90001027039ADDE9069803E0103D102D40F30E
:107AA000D18001331034072BC2E90067CDE92B34B4
:107AB00002F10802F1DD2AAA4946404621F068FD9C
:107AC00000287FF446AD2DAADDE92B34E5E7099BBC
:107AD000049AA3EB0208B8F1000F7FF7A0ADB8F14C
:107AE000100F32462B9B654E29DD1B954FF0100978
:107AF000039C1946DDE9065A04E0A8F11008B8F124
:107B0000100F19DD013110320729C4E90069CDE9F0
:107B10002B1204F10804F0DD2AAA294650462DACA8
:107B200021F036FD00287FF414ADA8F11008B8F15B
:107B3000100FDDE92B12E5DC1B9D0B460394039926
:107B400001330E60072B08EB0206C1F804800A46D9
:107B5000CDE92B3600F3E583A7EB0B070832002FA6
:107B600003927FF761AD102F32462B9B434E22DDEF
:107B70004FF01009039CDDE906A802E0103F102F2A
:107B800018DD013310323D49072BC4E90019CDE956
:107B90002B3204F10804F1DD2AAA514640462DACEF
:107BA00021F0F6FC00287FF4D4AC103F102FDDE963
:107BB0002B32E6DC0394039901330E60072B07EBAD
:107BC00002064F600A46CDE92B3600F314820832D4
:107BD000039229E5DDF80890012900F0338102299C
:107BE00056AD12D1169803F00F011B09415C43EA10
:107BF0000273120905F8011D53EA0201F3D156ABD5
:107C0000CDF80890A3EB050B98E603F00701DB081D
:107C1000284643EA42733031D20805F8011D53EA81
:107C20000204F2D13029EAD019F0010FE7D0302355
:107C30000238CDF8089005F8013C56AB0546A3EB99
:107C4000000B7BE603920133039A2C44072B16604A
:107C50005560CDE92B347FF7F8AC2AAADDE9061090
:107C600021F096FC00287FF474AC2DAB2C9C039380
:107C7000EDE400BF0C7E0418587E04189C7E0418A6
:107C8000039B03F108070F9B012B40F36A812B9B99
:107C900001360399012201332C960D60072B2B939B
:107CA0004A6000F3928303F10108149A159B94191A
:107CB000B8F1070FC7E90032CDE92B8400F37983CF
:107CC00008370F9B002203F1FF390023DDE9120181
:107CD000F8F73AFE002840F0658108F10108013507
:107CE0004C44C7F80490B8F1070F3D60CDE92B84F0
:107CF00000F34A810837179A08F1010314447A60A7
:107D0000072B26AACDE92B343A60A6DC07F108033D
:107D100003939CE4102EDFF8C484DDE92B2129DDD8
:107D200043461B94B8464FF010092F46039C1D464E
:107D300002E0103E102E17DD01321031072AC4E98F
:107D40000059CDE92B2104F10804F2DD2AAA2DAC5B
:107D5000DDE9061021F01CFC00287FF4FAAB103E90
:107D6000102EDDE92B21E7DC2B4603943D461B9CBE
:107D7000474698460132039B3144072AC3F80080E6
:107D80005E602C912B9200F32C8308339DF88B209E
:107D900003931DE42AAADDE9061021F0F9FB00286F
:107DA0007FF4D7AB2DAB2C9E039323E42AAADDE905
:107DB000061021F0EDFB00287FF4CBAB2DAB2C9E01
:107DC000039329E4102D2B9BDFF8108420DD10276E
:107DD000039EDDE906A902E0103D102D17DD0133F9
:107DE0001034072BC6E90087CDE92B3406F10806CD
:107DF000F2DD2AAA514648462DAE21F0C9FB0028E3
:107E00007FF4A7AB103D102DDDE92B34E7DC0396A2
:107E10000133039A2C44072BC2E90085CDE92B34AA
:107E20007FF71EAC2AAADDE9061021F0B1FB00287D
:107E30007FF48FAB2C9C13E4074656AD83467DE55B
:107E4000DDF808900A2B72F1000180F0E5823033F2
:107E50004FF0010B0DF25715CDF808908DF8573102
:107E60006CE5249A002A40F31781DDE90E739F42E6
:107E700005EB030AA8BF1F46002F0CDD2B9B3E44D9
:107E8000039A01332C96072B2B93C2E9005700F37A
:107E90006485083203920E9C002FA8BFE41B002CBF
:107EA00000F341830E9B2B449946029B5B0500F136
:107EB0008B84249D0F9B9D4203DB029AD70740F1E0
:107EC0002784149B039A15999C19C2E900132B9BD4
:107ED0002C940133072B2B9300F35B85083203921C
:107EE0000F9BAAEB09075D1BAF42A8BF2F46002FCF
:107EF0000DDD2B9B3C44039A01332C94C2F8009077
:107F0000072B57602B9300F38A8508320392002FCA
:107F1000A8BFED1B002D7FF79AAB102D2B9BAB4E0E
:107F20007FF791AE1027039ADDE9069803E0103D34
:107F3000102D7FF787AE01331034072BC2E900679D
:107F4000CDE92B3402F10802F1DD2AAA4946404668
:107F500021F01EFB00287FF4FCAA2DAADDE92B34BA
:107F6000E5E7029BDC073FF592AE2B9B741C039A5E
:107F700003F1010801231560B8F1070F2C94CDF827
:107F8000AC8053607FF7B7AE2AAADDE9061021F076
:107F9000FFFA00287FF4DDAA2DAFDDE92B84AAE6E5
:107FA00056ADCBE40F9B012B7FF7A5AE112B874E6F
:107FB00040F39B8243461025DDE906A805E0A9F1C0
:107FC0001009B9F1100F40F38F8201331034072BE1
:107FD000C7E90065CDE92B3407F10807EFDD2AAAD0
:107FE0005146404621F0D4FA00287FF4B2AA2DAFC2
:107FF000DDE92B34E3E72AAADDE9061021F0C8FA0F
:1080000000287FF4A6AA2DAB2C9E0393FFF70CBB90
:108010000C9951F8043B0C91029911F010017FF476
:1080200069AC029A12F0400000F0AA829BB20A46A4
:1080300060E40C9951F8043B0C9119F0100167D1E0
:1080400019F040005FD00A469BB2012156E45B4222
:10805000DDF808904FF02D004FF0010162EB420275
:108060004DE4002B3FF43EAA199B2C781B78002B83
:108070003FF4B3A9029B43F480630293FFF7ADB9C9
:10808000069DA86D0FF098FEB5F90C30FFF753B9B7
:108090002C780C93FFF7A1B92B9B741C4C4901332E
:1080A00003982C940160072B4FF001012B93416042
:1080B00000F32184083003900F9B134300F0778472
:1080C000149B03981919159CC0E900432B9B2C9114
:1080D0000133072B2B9300F34D8400F1080B002A8A
:1080E000C0F2B7840F9A0133CBF800505418072B15
:1080F000CBF80420CDE92B343FF7AFAD0BF10803EB
:108100000393FFF7A4BA19F4007201D0DBB2024660
:108110000121FFF7F3BB029A900500F10283DA1701
:108120001146FFF765BBDDE9120102460B46F8F781
:1081300093FE002840F084850D9B23F02008B8F1C1
:10814000410F40F02682612B4FF030038DF88C30C8
:108150000CBF78235823632F8DF88D3000F3F48201
:108160003DAD0B90DDE91212002A80F297844FF0AA
:108170002D0ADDE9121202F100432091219324A877
:108180009DED200B23F098F900224FF07F5351EC26
:10819000100BF8F771F902460B46CDE904230022D3
:1081A0000023F8F7D1FB08B101232493094A07F112
:1081B000FF38094B2F460D99612918BF1A46CDE9A2
:1081C0000FA50E929246DDE904450FE09C7E04184F
:1081D000587E04180C7E0418F87D0418AC7E041830
:1081E00000220023F8F7B0FBF8B9C8460022B84BCC
:1081F00020462946F8F740F90D460446F8F7D6FB25
:108200000646F8F7CFF80B46024629462046F7F710
:108210007BFF1AF80630B8F1FF3FBB4608F1FF3983
:1082200004460D4607F8013BDAD1204629460022D4
:10823000A84BDDF83CA05C46109DCDE90401F8F7A1
:10824000ABFB002840F0B4840022A24BDDE904011E
:10825000F8F77AFB10B1F20700F1AA84B8F1000F29
:10826000C0F2BF8408F1010330223B4407F8012B20
:10827000BB42FBD15B1B0F93249B0E93029B0121FE
:108280000D9A43F002030F3202930E9BD2B2013BD0
:108290002493D5E1029BD80600F10B81029B59067D
:1082A00000F14582029B9A0540F103810C9B0A9ADA
:1082B0001B681A70FFF7A9BB874B0D94089516939E
:1082C000029B13F0200264D00C9B073323F00703BA
:1082D00019465A6851F8083B0C9153EA02010BD039
:1082E0000299CD0708D541F0020102910D998DF850
:1082F0008D1030218DF88C10029921F480690221B3
:10830000FFF7FCBA0D940895FFF7E6BADDF8089080
:108310000D940895FFF72BBB704B0D9408951693A1
:10832000CEE72AAADDE9061021F032F900287FF411
:1083300010A92DAB2C9E0393FFF771B943F02003D6
:108340006C7801350293FFF748B82AAADDE90610D8
:1083500021F01EF900287FF4FCA82DAB2C9C039380
:10836000FFF78CBB43F400736C7801350293FFF781
:1083700034B8062F3B462A462F4628BF06230B95C6
:108380000E959B4604930C96CDE91055544DFFF77E
:10839000C9B90C9951F8043B0C91029911F01001E4
:1083A0009BD1029A12F0400000F0E2809BB20A4694
:1083B00093E72AAADDE9061021F0EAF800287FF405
:1083C000C8A82DAFDDE92B847BE42AAADDE90610DD
:1083D00021F0DEF800287FF4BCA82DAFDDE92B36B4
:1083E00061E42AAADDE9061021F0D2F800287FF422
:1083F000B0A82DAB9DF88B200393FFF7E9B82AAA0C
:10840000DDE9061021F0C4F800287FF4A2A82DAB06
:108410002C9E0393FFF71ABB0021029709F4806496
:108420000DF5AC7CDFF8BCA08E46199F06E00A2B48
:1084300072F1000237D343463246AC4698184FF0EB
:10844000050B0EF1010E0CF1FF3540F10000AAFB07
:10845000001626F0030101EB96014FF0CC36401ACE
:10846000191A62F1000806FB01F60AFB0866A1FB77
:108470000A810E4408F001014FEA5808A1FB0B1BCA
:1084800048EAC6780918760830310CF8011C002C2F
:10849000CDD03978FF29CAD07145C8D10A2B72F1E5
:1084A000000280F0A4821997CDF83CE0029FFFF70C
:1084B000A6BB0C9B0A9A1B681A60FFF7A6BA2C9BF6
:1084C000002B40F0BC8200232B93FFF748B800BF7D
:1084D000000030400000E03FF87D04180C7E0418D6
:1084E000207E0418CDCCCCCC984608F101084C4431
:1084F0003E60B8F1070FC7F80490CDE92B847FF7F1
:10850000F9AB41E528460C9620F05CF920EAE073CF
:10851000274683469DF88B200B9411940493109466
:108520000E94FFF7FFB8102C32462B9BA44E40F35D
:10853000DB8010270399DDE9069803E0103C102C3E
:1085400040F3D18001331032072BC1E90067CDE938
:108550002B3201F10801F1DD2AAA4946404621F0FB
:1085600017F800287EF4F5AF2DA9DDE92B32E5E7F9
:10857000029A12F400723FF4B0AEDBB20246ACE6EF
:10858000029A12F400723FF4B5A9DBB20246FFF77B
:10859000B1B9791C00F0D6801FB9B8F1470F08BFF8
:1085A0000127029ADDE9120142F480740029C0F229
:1085B000F6824FF0000ACDE91E01B8F1460F9DED9D
:1085C0001E0B00F0A681B8F1450F40F06D8228AB7C
:1085D0007A1C02210798019325AB16460F9200934F
:1085E00024AB00F0A9FB0022054686190023DDE933
:1085F0001E01F8F7A9F9002840F08A83289BB342AE
:1086000006D230215A1C28921970289BB342F9D304
:108610005B1BB8F1470F0F93249B0E9340F02C8304
:108620000E9B9F4202DB033380F2AB800D9B023B2B
:108630000D930E9B00219DF83420013B0B91249358
:10864000002B8DF89820C0F2A5822B22092B8DF8E3
:10865000992040F379820DF1A70EDFF868C17646C4
:10866000ACFB03211C463046013EC908632C01EBDC
:108670008102A3EB42020B4602F1300200F8012C0A
:10868000EEDC303306F8013C831E734580F03A83FC
:108690000DF1990213F8011B734502F8011FF9D17E
:1086A00056AB181AA0F1AD0317930F9B179A012B25
:1086B00003EB020B40F35782149B9B44029B2BEA73
:1086C000EB7223F48063049243F4807302930023DB
:1086D000119310930E93BAF1000F4CD157469DF8A9
:1086E0008B20FFF71FB80391039901330E60072B0E
:1086F00004EB02064C600A46CDE92B362EDC08322C
:108700000392FFF7CFBB2D228DF88B20FEF7F7BF2A
:10871000AAEB09075D1B3446AF42A8BF2F46FFF7FF
:10872000F6BB43F3C0125BB21146FFF761B80C9B76
:108730000A9A1B681A80FFF768B9886D0FF058FB1A
:10874000FEF7EDBE06272CE7791C07981FF0F4F81A
:108750000546002800F0DF820B9003E52AAADDE938
:10876000061020F015FF00287EF4F3AE2DAB2C9EF2
:108770000393FFF797BB2D2200278DF88B20FEF780
:10878000D4BFDDE90E329342C0F2B881029BDF070D
:1087900040F166820E9B149A03EB020B029B5E056E
:1087A00003D50E9B002B00F322822BEAEB7304937C
:1087B00067230D93002302940B93CDE910338AE7CE
:1087C0009C7E0418CDCCCCCC109B002B02DC119BE2
:1087D000002B3BDD3046B04F4FF01008DDF844B0C1
:1087E000039A199EBBF1000F35D00BF1FF3B189B8C
:1087F0001A991844C2E900132B992C9001310729CA
:108800002B9161DC0832AAEB090531788D42A8BFB3
:108810000D46002D0ADD2B99284401312C900729A3
:108820002B91C2E900955ADC08323178002DACBF9B
:108830004C1B0C46002C13DC109B8944002BD1DC14
:10884000BBF1000FCEDC199606460392D14528BF36
:10885000D146FFF72EBB109B013E013B1093C6E7AC
:10886000102C2B9940F3178225460396069C079EF1
:108870000D9702E0103D102D17DD01311030072952
:10888000C2E90078CDE92B1002F10802F2DD2AAA34
:108890002146304620F07CFE00287EF45AAE103D82
:1088A0002DAA102DDDE92B10E7DC2C46039E0D9D33
:1088B00001312044156007295460CDE92B1000F3E5
:1088C0008A8008323178B7E72AAADDE9061020F05D
:1088D0005FFE00287EF43DAE2DAA2C9893E72AAACD
:1088E000DDE9061020F054FE00287EF432AE317827
:1088F0002DAA2C989AE72AAADDE9061020F048FE56
:1089000000287EF426AE2DAB249A2C9C0393FFF70F
:10891000D3BB28AB3A4603210798019325AB0093BC
:1089200024AB00F009FA03780546302B08D1002269
:108930000023DDE91E01F8F707F8002800F0D481D4
:10894000249E002200233E44DDE91E01F7F7FCFFD0
:10895000002840F00D812E4450E62AAADDE90610D9
:1089600020F016FE00287EF4F4AD2DAB2C9E039370
:10897000FFF791BA2AAADDE9061020F009FE0028C7
:108980007EF4E7AD249A0DF1B40BDDE92B31FFF74E
:10899000A6BB2AAADDE9061020F0FAFD00287EF425
:1089A000D8AD2DAB249D2C9C0393FFF799BA029B65
:1089B000DA077EF54CAE149B039A15981919C2E993
:1089C00000032B9B2C910133072B2B93D2DC02F15C
:1089D000080BFFF787BB2AAADDE9061020F0D8FDB7
:1089E00000287EF4B6AD31782DAA2C9824E7189B88
:1089F0001A99ED1A1A4628461FF03CFF7B7803B1FE
:108A000001374FF0000E16E5BB4604979DF88B200A
:108A100007460C960E90CDE91000FEF783BE2AAAF9
:108A2000DDE9061020F0B4FD00287EF492AD0F9B26
:108A3000249D2C9C5D1B2DAB0393FFF768BA2AAADB
:108A4000DDE9061020F0A4FD00283FF43CADFEF760
:108A500086BD57421032104E67DA1024DDE90698C1
:108A600002E0103F102F60DD01331031072BCBE9FE
:108A70000064CDE92B310BF1080BF2DD2AAA49463F
:108A8000404620F085FD00287EF463AD0DF1B40B67
:108A9000DDE92B31E5E700BF9C7E04184FF0000AAA
:108AA000CDE92012FFF76BBB28AB3A4602210798AD
:108AB000019325AB009324AB00F03EF9029B0546E1
:108AC000D8072CD500220023DDE91E01F7F73CFF73
:108AD000002840F0E980EE1990E5069B5B6ED80710
:108AE00007D4069B9B89990503D4069B986D0FF0CC
:108AF0007FF94FF0FF330A93FEF73BBD0F9B149AAB
:108B000003EB020B0E9B002B40F3AD8067230D930C
:108B1000029B5E056DD42BEAEB7304934AE6289B17
:108B20005B1B0F93249B0E937AE501333944CBF8FA
:108B30000060072BCBF80470CDE92B3100F3C68021
:108B40000BF1080BFFF7CEBA002940F09A803022D3
:108B50008DF89A200DF19B02303302F8013B26ABD1
:108B6000D31A1793A1E5029BDB077FF5A7ADA3E519
:108B7000249B0F96029A002B02F001020E9342EA08
:108B8000070240F38A80002A7ED16623DDF838B0E0
:108B90000D93BDE70E9B2D22C3F1010356E5DDE9E0
:108BA00012124FF02D0A02F100431E911F9304E5AB
:108BB0000E9B3A462894D97B17F8013C994209D17B
:108BC000302002F8010C289A531E289312F8013C19
:108BD0009942F6D0392B00F098800133DBB202F8CD
:108BE000013C7B1B0F93249B0E93FFF747BB67232E
:108BF0000D9319990B78FF2B00F0948000260E9AA4
:108C0000304603E001300131FF2B08D09A4206DDE7
:108C1000D21A4B78002BF5D10B780136F4E70E927F
:108C20001090199111960294DDE910321344189AAC
:108C300002FB03BB00230B932BEAEB7304934AE57F
:108C4000139B002B34DB9DF88B20029B374D23F0C8
:108C500080030293002319460B93354BFEF757BD53
:108C6000DDF838B09AE5C3F101039B4467230D9307
:108C70002BEAEB7304939DE5B8F1460F3FF47AAF0E
:108C8000D7E40DF19A0267E7149A134403EB070B3C
:108C900066230D933CE7274D0AE66AB90123662255
:108CA0009B4604930D9285E5249BCDE90E37B7E4EE
:108CB0002D228DF88B20C8E7149B013303EB070BA3
:108CC00066230D932BEAEB73049373E52AAADDE97F
:108CD000061020F05DFC00287EF43BAC0DF1B40BD7
:108CE000DDE92B31FFF7FEB9C7F10106249628E62E
:108CF0000C9B6C78154653F8047B47EAE7770C9396
:108D0000FEF76BBB02231793CFE40E9B9B7A66E7BB
:108D1000249B0E938DE4069A938943F0400393813C
:108D2000FEF71DBC0023CDE910337CE7507E04180C
:108D3000547E04189C7E04182DE9F04F9DB00091DC
:108D4000016C269D06900B92099357EC106B8DEDEC
:108D5000040B49B1426C0123044693404A608B6086
:108D600022F004F800232364B7F10009C0F2B380B5
:108D700000232B607C4B33EA090300F0B78000220C
:108D800000239DED047B51EC170B8DED027BF7F773
:108D9000DBFD804668B10123099A1360279B13B15C
:108DA000724B279A1360DFF8D08140461DB0BDE8B2
:108DB000F08F9DED020B1AAA1BA9069822F006FB64
:108DC00083465FEA195540F0A880DDE91A854544DD
:108DD00005F23243202B40F34B82C3F1400309FAE2
:108DE00003F905F2124326FA03F349EA0300F7F701
:108DF000C9FA013D0123A1F1F871129300225C4BE5
:108E0000F7F782F952A3D3E90023F7F735FB52A312
:108E1000D3E90023F7F77AF906460F462846F7F715
:108E2000C1FA4FA3D3E90023F7F726FB02460B460E
:108E300030463946F7F76AF906460F46F7F7B6FDAA
:108E400000228246002330463946F7F787FD002886
:108E500040F00182A8EB0508BAF1160F08F1FF33C4
:108E6000079300F2A681434E06EBCA06DDE9020134
:108E7000D6E90023F7F772FD002800F08380002375
:108E80000AF1FF3A1193079B002BC0F2988100234F
:108E90000C93BAF1000F7BDA0C9BCDF834A0A3EB56
:108EA0000A030C93CAF100034FF0000A1093009BD1
:108EB000092B77D8052B40F3E081043B0027009372
:108EC000009B023B032B00F25686DFE813F05104AF
:108ED0004E0445042A04012329F000492B60224B4B
:108EE000CDF8149033EA09037FF449AFC9F31309AD
:108EF00042F20F73099A59EA060913601DD0279BA5
:108F0000DFF87880002B3FF450AF08F10303279A75
:108F1000404613601DB0BDE8F08FDDE90212CDF8C8
:108F20004880A5F2FF35C2F313030846DDF86880D8
:108F300043F07F5141F4401160E7279BDFF8408008
:108F4000002B3FF432AF08F10803E0E7AFF30080F5
:108F500061436F63A787D23FB3C8608B288AC63F3F
:108F6000FB799F501344D33F0000F07F597E0418D3
:108F70000000F83FD0600418587E0418C87E04181A
:108F8000BC7E0418B8F1000F40F3AE8411900C9031
:108F9000079BCDF834A05344079300231093009B04
:108FA000092B87D9002301274FF0FF3200930A9243
:108FB0000E970B93069B002159640A9B1393069806
:108FC00021F0AEFE0890002800F0DE850A9B089A8A
:108FD0000E2B8CBF002707F00107069B1A64002F99
:108FE00000F01A810D9A002A40F34981BB4E02F02D
:108FF0000F03D4054FEA221806EBC303D3E9006739
:1090000040F16E83B64B08F00F080325D3E908231F
:10901000DDE90201F7F75AFBCDE91401B8F1000FC1
:1090200012D0DFF8BC9218F0010F08D03046394654
:109030000135D9E90023F7F71FFA06460F465FEA24
:10904000680809F10809EED132463B46DDE9140112
:10905000F7F73CFB80468946119B43B10022A14BA8
:1090600040464946F7F77AFC002840F044842846F9
:10907000F7F798F942464B46F7F7FEF99A4B00226C
:10908000F7F744F80A9B0646A1F15077002B00F051
:10909000AA800A9B0D9C1493089B404614995D1C62
:1090A000CDE916678D4E06EBC103494613ED027BF1
:1090B0008DED187BF7F77AFC00F13007F7F772F9BE
:1090C00002460B4640464946FFB2F7F71DF8804678
:1090D0000E988946DDE91823002800F00D81002054
:1090E0008249F7F7F3FADDE91623F7F70DF8089E42
:1090F00042464B46377006460F46F7F74DFC0028B0
:1091000040F02C850023CDF860A0CDF858B09A46E9
:10911000DDF850B014942BE00AF1010ADA4580F230
:10912000B984304639460022714BF7F7A5F9002281
:109130006F4B06460F4640464946F7F79DF989466C
:109140008046F7F733FC0446F7F72CF902460B4646
:10915000303440464946F6F7D7FF32463B4605F8DD
:10916000014B80468946F7F7F9FB002840F09884C8
:1091700042464B4600205B49F6F7C6FF32463B4667
:10918000F7F7ECFB0028C7D0DDF858B02F46149C49
:10919000089902E08F4200F05B843A4617F8013DDF
:1091A000392BF7D00133DBB23B70DDF82080089219
:1091B00069E101231193079B002BBFF668AEC8F14C
:1091C00001030C930023079363E62846F7F7EAF8B8
:1091D00042464B46F7F750F90022434BF6F796FF0D
:1091E0000646A1F15077404649460022414BF6F72A
:1091F0008BFF32463B4680468946F7F7CDFB002879
:1092000040F0AB8340464946324607F10043F7F74A
:10921000A5FB002840F0D4810D9A1B9B0E2A02DC8E
:10922000002B80F2AC810E9A002A00F0B480009AE4
:10923000012A40F383830A9B109A5D1EAA42C0F262
:10924000C582002BA2EB050580F258840C9B0A9A7C
:10925000A3EB0208C7E25046F7F7A4F832463B46B4
:10926000F7F772FB00287FF4F5AD0AF1FF3AF1E55C
:10927000C3F1200306FA03F0B9E5012720E600F068
:10928000A1820D9B154E5D4205F00F0306EBC30353
:10929000DDE90201D3E90023F7F7EEF82E11CDE95D
:1092A000140100F050840E4C0023022580468946AC
:1092B000F00709D5404649460135D4E90023F7F7C0
:1092C000DBF83B4680468946761004F10804EFD16E
:1092D000002B7FF4C1AEDDE91489BDE6D06004182F
:1092E000A86004180000F03F00001C400000E03FB0
:1092F0000000244000001440DDE91601F7F7BCF837
:10930000089B1F70149B012BCDE90E0100F008840F
:10931000149F089BCDF848A01F440022AA4B40464A
:109320004946F7F7A9F889468046F7F73FFB82469A
:10933000F7F738F802460B460AF1300A404649462C
:10934000F6F7E2FE05F801ABAF4280468946E4D16C
:10935000DDF848A000229D4BDDE90E01F6F7D6FEB0
:1093600042464B46F7F7FAFA002840F0798300208E
:109370009649DDE90E23F6F7C7FE42464B46F7F75E
:109380000BFB002840F018821B9B002B03DB0D9B7E
:109390000E2B40F3F5800023109DDDF830801E4633
:1093A0000E93B8F1000F0DDD079A002A0ADD424541
:1093B00013460C99A8BF4346C91AA8EB0308D31A51
:1093C0000C910793109B53B10E9B13B1002D40F0ED
:1093D0001D825946109A069821F058FE83460121B5
:1093E000069821F073FD0746BAF1000F40F0638143
:1093F000009B012B40F37A81012307990B4413F062
:109400001F0308D0C3F12002042A00F3B4810AD05C
:10941000C3F13C0300E01C230C9A98441A440C92BC
:10942000079A1A4407920C9B002B05DD59461A46F1
:10943000069821F085FE8346079B002B05DD394603
:109440001A46069821F07CFE0746009B022B119BD2
:10945000D4BF00250125002B40F0BE800A9B002BC5
:1094600024DC1DB30A9B002B00F08E810B9BDDF8E2
:109470002080DC433946069821F078FC1EB1314645
:10948000069821F073FC5946069821F06FFC0022E3
:109490000899631C0A70099A1360279B002B3FF4FC
:1094A00084AC404619601DB0BDE8F08F0E9B002BC8
:1094B00000F0AF80B8F1000F00F3BF81BAF1000FE8
:1094C00040F0D182B146089D0A9C6B1E1C44049B4F
:1094D00003F00103CDE90A43069C3946584621F0C2
:1094E00085F831468246584621F09EFE4A46394666
:1094F0008046204621F0BAFEC26801460AF13003D8
:10950000002A40F0A18102905846079321F08CFE7A
:1095100002990290204621F029FC009B029A52EA0F
:109520000301079B40F0C1810B9A002A00F0F182F1
:10953000B8F1000FC0F2AC810A9AA846AA4208F816
:10954000013B00F0D082594600230A22204621F038
:1095500017FC4E45834631464FF000034FF00A0298
:10956000204600F09C8121F00BFC49460646002372
:109570000A22204621F004FC45468146ADE7144E00
:109580000D9B06EBC3060B9B96ED007B002B8DED30
:10959000007B80F2E7810A9B002B00F3E3810A9BAA
:1095A00073B900220B4BDDE90001F6F765FF0246B7
:1095B0000B46DDE90201F7F7DBF9002800F0CD8169
:1095C00000273E4652E700BF000024400000E03F75
:1095D000D0600418000014403946584621F024FE9B
:1095E0000028BFF63BAF0D9B59460A220698013B67
:1095F0000D93002321F0C4FB0E9B8346002B40F00B
:109600009182139B002B139B0A9302DC002D7FF4A5
:1096100029AFDDF8208001250A9CDDF8189007E0CD
:10962000594600230A22484621F0AAFB0135834609
:109630003946584620F0DAFFA54200F1300308F819
:10964000013BEDDB0A9A0025002ACCBF90464FF083
:109650000108089A9044594601220698009321F087
:109660006FFD3946834621F0DFFD002840F3E2819B
:10967000089A02E0904500F0D28118F8013CC246F9
:1096800008F1FF38392BF5D001330D9C88F80030F4
:109690003946069821F06AFB002E00F0C6812DB1F4
:1096A000B54203D02946069821F060FBDDF8208002
:1096B000CDF820A0E3E601465246069821F0E6FCEC
:1096C000009B0746012B40F394804FF0000A3B6952
:1096D00007EB8303186921F0A5FBC0F120038CE69A
:1096E0009DED027B02258DED147B97E4049B002BFE
:1096F0007FF482AEDDE90412C2F31303002B7FF482
:109700007BAEAC4B134033B10C9B01330C93079BE6
:10971000013307930123BAF1000F40F0F8819A4614
:109720006AE601230E930B9B0D9A134413930133A6
:10973000012B1D460A93B8BF0125172D40F3128255
:10974000012204235B001146013203F11400A842F8
:10975000F8D9069B596432E401230E930B9D002D2A
:1097600040F3BD8013950A95E7E700230E93DAE7EF
:1097700000230E93F2E7C3F11C030C9A19441A4418
:1097800098440C9207914EE639460522069821F03E
:10979000F7FA07465846394621F046FD00287FF77C
:1097A00065AEDDF82080089B0D9C013301340893E1
:1097B000312388F800305DE63A4617F8013D302B3A
:1097C000FAD0F2E40225DDE9028945E4109B0A9A09
:1097D000EB1A109500259A44079B134407930C9BA2
:1097E000984613440C930121069821F06FFB06461E
:1097F000D7E5049B002B7FF468AFDDE90401C1F3DA
:1098000013030A46002B3FF47CAF5EE7069C31460B
:109810002A46204621F03AFC06465A462046314662
:1098200021F082FB59468346204621F09FFA109B87
:109830005B1B10933FF4D3ADCBE53146424606980F
:1098400021F07EFC064639E60698029321F08EFA56
:10985000B8F1000F029B08DB049A009902F00102A4
:1098600048EA010852EA08022ED159460122069818
:10987000009321F065FC3946834621F0D5FC002891
:10988000009B40F36581392B00F030810AF13103F0
:10989000AA460D9C35464E460AF8013BF8E621F0F3
:1098A0006FFA45460646814617E6B8F1000FC0F24A
:1098B0005E81009948EA01080B9951EA080800F016
:1098C0005681002A7FF738AE392B00F00F81AA4667
:1098D000013335460D9C4E460AF8013BD8E601237C
:1098E000CDE90A33FFF766BBC8F101030790119079
:1098F0000C93FFF74DBB0A9B002B3FF466AC139B08
:10990000002B7FF789AC0D9A404649461493541EAC
:10991000294B0022F6F7B0FD80468946681CF6F711
:1099200041FD42464B46F6F7A7FD0022234BF6F7D2
:10993000EDFB0646A1F15077FFF7AEBB129A002A65
:1099400000F08A8003F23343079A109D1A4407926D
:109950000C9A90461A440C9245E70027DDF82080C7
:109960003E4620E7DDE90289DDE90023404649461D
:10997000F6F7ACFE089FF7F719F80546F6F712FD63
:10998000DDE90023F6F778FD0B46024649464046DE
:10999000F6F7BAFB05F1300307F8013B0A9B012BF0
:1099A00000F08880CDF808B00126DDF82890DDE9C8
:1099B00000AB21E00000F07F0000244000001C40CC
:1099C00052465B4620462946F6F780FE0136F6F7FA
:1099D000EDFF8046F6F7E6FC52465B46F6F74CFD97
:1099E0000B46024629462046F6F78EFB08F1300367
:1099F000B14507F8013B5AD00022704BF6F73CFD09
:109A00000022002304460D46F6F79EFF0028D7D01B
:109A1000DDF808B0DDF820800D9C089733E50D9C3B
:109A20003123089A0134137032E6DDF82080CDF836
:109A300020A028E503D1009BDB073FF519AE18F8FD
:109A4000013CC24608F1FF38302BF8D00D9C1FE6D0
:109A500001343123FFF7A8BB1A9BC3F1360373E728
:109A60000899FFF79ABB7168069821F059F90546E5
:109A7000002800F09080336906F10C010C300233AD
:109A80009A00F7F795F829460122069821F058FB2D
:109A9000814618E5DDF860A0DDF858B0FFF7BCBBE3
:109AA000DDF82080DDF858B0149C0895EBE4DDF873
:109AB00008B0454602460B46F6F728FB8046894625
:109AC000DDE90023F6F768FF48B940464946DDE97D
:109AD0000023F6F739FF00289CD0E9079AD50D9CA2
:109AE0000899FFF75ABB35464E46B4E5A8463923D8
:109AF0003546089A4E4608F8013BBEE5079B0A9A90
:109B0000134407930C9B984613440C936BE69A46B8
:109B1000DDE5392BEAD0B8F1000F3FF7B7AEB7E675
:109B20002F4617E4314600230A22069821F028F92F
:109B3000139B0646002B139B0A933FF7BBAC002DEB
:109B40007FF490ACB6E4DDE914890225FFF784BA0E
:109B50007FF49EAEDA077FF59BAE94E6DDF82080B9
:109B6000089590E40021069B5964FFF728BA002A63
:109B70003FF77BAE8CE6069B0025184629465D64C0
:109B800021F0CEF8089068B90D4B00224FF4D57142
:109B90000C481DF07FFC0246094B40F2EA210948BF
:109BA0001DF078FC069B089A0B951A644FF0FF3362
:109BB000012213930E920A93FFF72EBB000024405C
:109BC000CC7E0418E07E041830B50024144B85B018
:109BD0002046029303222346CDE90044114921F097
:109BE00040FD114D114828602AF023F8034648B97A
:109BF0000F4A0C49CDE901020122009021F031FD0C
:109C000005B030BD286883685B689847094B03221C
:109C1000CDE901432046234602490094EEE700BF08
:109C20001A97041860510318C0370800104F031822
:109C30002797041840970418034B186810B18368DD
:109C40001B681847704700BFC03708000D4A73B53E
:109C500000231146461C10F8135016F81340013328
:109C6000B3F5A04F557002F8024BF4D10022064B19
:109C70001868836800919C681146044BA04702B0A5
:109C800070BD00BF82310900C03708008025080080
:109C90000121034B984294BF0020084629F09ABE48
:109CA0007F075F0A10B500240E4B18600E4B20464C
:109CB0001C7029F0DBFE2146204629F08BFE214650
:109CC000012029F087FE2146022029F083FE21464B
:109CD000032029F07FFE2146BDE81040042029F032
:109CE00079BE00BFC437080082D10900002110B539
:109CF000084629F06FFE0021012029F06BFE0021AB
:109D0000022029F067FE0021032029F063FE0021D4
:109D1000042029F05FFE0E4C00210A201AF09CF965
:109D200023685868FFF7B4FF2368586829F022FEBB
:109D300023685A7CD20704D5588AC0F30E0017F066
:109D40006FFC29F002FE0122024B1A7010BD00BF09
:109D5000C437080082D1090038B52D4D2D4824F0B4
:109D600033F82B685C7814F0040450D12146204667
:109D700029F030FE2146012029F02CFE2146022048
:109D800029F028FE2146032029F024FE2146042044
:109D900029F020FE0A2000211AF05EF92B681E4AE5
:109DA00098681E4B0344934231D829F0E3FD2B6899
:109DB00093F91320002A04DA988AC0F30E0017F0F2
:109DC00015FC2B6801219A68154B9A4294BF02201A
:109DD000032029F0FFFD0121042029F0FBFD642070
:109DE0002B68104ADB685B43434393429CBF0E4899
:109DF000B3FBF0F0C0B200F0CFFA29F0CBFD0222A5
:109E00000A4B0B481A70BDE8384023F0DDBF38BD5F
:109E1000C4370800529704180014A81B00CEE4F7BA
:109E20007F075F0A3F71809640787D0182D10900EB
:109E30006997041808B5114823F0C6FF29F0E1FD21
:109E40000021084629F0C6FD0021012029F0C2FDAD
:109E50000021022029F0BEFD0021032029F0BAFDD7
:109E60000420002129F0B6FD29F0A0FD0022044BBA
:109E700004481A70BDE8084023F0A6BF7F97041875
:109E800082D109009897041813B51A4C0822236848
:109E9000187C0F2300EB40104000B0FBF3F02023B0
:109EA00000F11E01213049004000CDE9003201F0EF
:109EB000FE015E235F2200F0FE0029F0B4FD23685E
:109EC000586829F057FD0C4B1B78012B0FD12368E4
:109ED0005868FFF7DDFE23681A78012A07D1587801
:109EE00000F0030002B0BDE8104029F063BD02B0ED
:109EF00010BD00BFC437080082D1090037B5012466
:109F000042688C40126814420ED10F4940F203534C
:109F10000E4A0F4824F038F90E4824F035F940F283
:109F200003510A4824F029F90569836801A95B688F
:109F3000984730B92A68019B5340234214BF01203F
:109F4000002003B030BD00BFE1970418B09704189B
:109F50001F9804183C980418034610B50A4619794E
:109F60000123006803FA01F1436804691B68194280
:109F70000ED10E4940F25C530D4A0E4824F004F90C
:109F80000D4824F001F940F25C51094824F0F5F83D
:109F90002368194218BF82F0010222B18368DB688E
:109FA000BDE81040184783681B69F9E7E19704187A
:109FB000B09704181F9804183C98041803462DE91C
:109FC000F0410C46DA8800681979224302F0300328
:109FD000302B0569D0E901760ED1254940F2D7230F
:109FE000244A254824F0D0F8244824F0CDF840F243
:109FF000D721204824F0C1F8214B224C1340A34222
:10A000000CD1214940F2DB231A4A1B4824F0BCF84A
:10A010001E4824F0B9F840F2DB21EAE702F006031B
:10A02000042B09D11A4940F2DE23124A124824F0C7
:10A03000ABF840F2DE21DCE701243B688C401C4297
:10A040000CD1144940F2F1230A4A0B4824F09CF841
:10A05000114824F099F840F2F121CAE72B68D7079C
:10A060004CBF2343A3432B603368BDE8F04118473E
:10A070004E980418B09704181F980418879804186D
:10A080000200030002000100C49804180B99041890
:10A090005A990418E19704183C9804182DE9F043E4
:10A0A000384C8BB094E80F0001AE05AD103405AF0D
:10A0B00086E80F000FCCB8460FC5236800242B603C
:10A0C00058F8045B4FF400312846FFF777FF01345E
:10A0D00000212846FFF740FF052CF1D1354600242A
:10A0E000DFF8B080414655F8040B0134FFF766FFF6
:10A0F000042CF7D10024254657F8048B0121404653
:10A10000FFF72AFF01201AF0CFFC4FF0000956F8A4
:10A11000293019791868FFF7F1FE012804BF04EB14
:10A120000903984009F1010908BF0543B9F1040F7B
:10A13000EDD1002140460434FFF70EFF142CDBD193
:10A14000002301221C46104902FA03F0284218BFDE
:10A1500051F8230003F1010318BF0443142BF3D17A
:10A160004FF480310948FFF729FF01210848FFF724
:10A17000C5FE012808BF44F4802420460BB0BDE88A
:10A18000F08300BF1052031898610418E8610418A6
:10A19000804E031810000100034610B50A461979D5
:10A1A0000123006803FA01F1436804691B6819423E
:10A1B0000ED10E4940F25C530D4A0E4823F0E4FFE5
:10A1C0000D4823F0E1FF40F25C51094823F0D5FF30
:10A1D0002368194218BF82F0010222B18368DB684C
:10A1E000BDE81040184783681B69F9E7E197041838
:10A1F000B09704181F9804183C98041803460A46A0
:10A200002DE9F0411979DB880068134303F030022F
:10A21000302A0669D0E901470ED1324940F2D723EE
:10A22000314A324823F0B0FF314823F0ADFF40F20D
:10A23000D7212D4823F0A1FF2E4A2F4D1A40AA42C4
:10A240000CD12E4940F2DB23274A284823F09CFFFB
:10A250002B4823F099FF40F2DB21EAE703F00602E6
:10A26000042A09D1274940F2DE231F4A1F4823F060
:10A270008BFF40F2DE21DCE713F4402F13D09A036A
:10A280000CD4214940F2E123174A184823F07CFFFF
:10A290001E4823F079FF40F2E121CAE71C4A9A43A5
:10A2A00008BF83F44023012524688D40254223F410
:10A2B00080120CD1174940F2F1230B4A0B4823F0CE
:10A2C00063FF154823F060FF40F2F121B1E73468E5
:10A2D000DB074CBF2C43AC4334603B68BDE8F04126
:10A2E000184700BF4E980418B09704181F98041818
:10A2F000879804180200030002000100C4980418A3
:10A300000B9904185A99041896990418DC990418A2
:10A3100001001000E19704183C98041838B5054670
:10A3200040B34043F6F73EF80022174BF6F7CEF95C
:10A33000F6F784FB07EE900AB1EE047AF8FE677A2E
:10A3400077EE877AFCEEE77A17EE904A4FF47A714F
:10A35000642301FB04F2B2FBF3F20C484A430023EE
:10A360000221F7F7C1FD011E06DABDE838400848B2
:10A3700023F02ABD0446E9E722462946BDE83840D5
:10A38000044823F021BD00BF00405A40F84E031896
:10A39000179A0418369A041810B5014604460D4859
:10A3A00023F012FD4FF47A71642301FB04F2B2FB37
:10A3B000F3F209484A4300230321F7F795FD011EF4
:10A3C000A8BF2146BDE81040B4BF0448044823F0AC
:10A3D000FBBC00BF619A0418E04E03187B9A041876
:10A3E0009B9A041813B5384823F0EEFC4FF48031E3
:10A3F0003648FFF703FF4FF4B0113548FFF7FEFE74
:10A400004FF4B0113348FFF7F9FE4FF4B011324862
:10A41000FFF7F4FE4FF400313048FFF7EFFE4FF442
:10A4200000312F48FFF7EAFE2E4C00212C48FFF7A1
:10A43000B3FE01212848FFF7AFFE00F0EFFA2068D5
:10A4400029F0F7FB28B9284802B0BDE8104023F0F6
:10A45000BBBC23686A465B680021586824F0A9FCED
:10A46000002805DB009B00221979186824F0B6FC4F
:10A470004FF48163009302232068ADF804308368B1
:10A4800069461B689847011E04DA184823F09CFCB3
:10A4900002B010BD01229DF80430206862F304036D
:10A4A0008DF80430836869461B689847011EECDB11
:10A4B00023689B6819890E4B196009B10D48E5E7BF
:10A4C0000D4823F081FCE3E7B19A041850620418A8
:10A4D0004862041840620418386204186062041864
:10A4E00058620418A0250800D99A0418EF9A041895
:10A4F000CC370800109B04182E9B0418062313B5B4
:10A500001B494B601B4B186883685B689847011EAA
:10A5100005DA194823F058FC002002B010BD40F6BF
:10A520003401164C164BB4F900001A78884218DD35
:10A5300022B9012213481A7023F046FC124BB4F9D9
:10A5400002401B68A4F500646343082001A901933D
:10A550000EF0B8F908B9019CE41204EB4404A0B26F
:10A56000DBE7002AEAD0002208481A70E4E700BFBF
:10A570008C250800A0250800539B0418A47B080024
:10A5800083D109006B9B0418CC370800849B041806
:10A5900013B5124843681B681B040ED4104940F2DF
:10A5A0000353104A104823F0EFFD104823F0ECFD50
:10A5B00040F203510B4823F0E0FD0469836801A9D0
:10A5C0005B68984720B9236801985840C0F3C030B1
:10A5D000003818BF012002B010BD00BF984E03180C
:10A5E000E1970418B09704181F9804183C980418B1
:10A5F00028B1032806D101210348FFF7CDBD012171
:10A600000248FAE7704700BF486204184062041825
:10A61000014608B560B103280FD100210748FFF7B4
:10A62000BBFD074B07481968BDE8084023F0CCBBC9
:10A630000548BDE80840FFF7AFBD08BD48620418F3
:10A64000C83708009D9B04184062041800487047F2
:10A650001C2D080038B5054614F0DEFC044628B968
:10A660002946074823F0B0FB204638BD024629465C
:10A67000044823F0A9FB044A13682B441360F3E752
:10A68000B89B0418D49B0418C83708000A4B1A78E2
:10A6900022B15A7862B19A7862B9022201219954A2
:10A6A000064B03F8120003EB42000023437070478F
:10A6B0000122F3E70020704705D9090008D90900F5
:10A6C00070B1026862B1094B9A420AD0991C8A4261
:10A6D00009D004339A4203D102230021044AD15401
:10A6E00070470023F9E70123F7E700BF08D9090005
:10A6F00005D90900F0B50E460446ADF2045D20B15F
:10A7000041B900200DF2045DF0BD0029F9D000230D
:10A710003360F6E7437C002BF9D00568002DF6D0B6
:10A72000037B8768022B08BF7F08B7F5A07F28BF8F
:10A730004FF4A07769462A48BA0014F0FDFD031EC5
:10A74000E5DD227B9B08BB4228BF3B46022A08BFAF
:10A750006A78606804BF7A4300EB42002A78012AD5
:10A760004FF000020ED09A420ED03DF9221020F890
:10A7700012100132F7E70DEB8201B1F9021020F857
:10A78000121001329A42F6D1D4F80D20B2F57A5F58
:10A7900009D13060227B1846022A02BF6A7882F013
:10A7A00001026A70AEE745F6C0518A420ED10D4FE4
:10A7B00001463A460C4800F015FB3760237B022B1C
:10A7C00002BF6B7883F001036B709BE7B2F5FA5F11
:10A7D0009DD1044F1A46394621F028F8EDE700BF15
:10A7E00058380800A8850800288D080038B5154697
:10A7F00072B1547C7CB9FFF749FF78B172B601237E
:10A8000028606B7462B6074821F027F8204638BDEF
:10A810006FF01500FBE76FF00F00F8E76FF00B002B
:10A82000F5E700BF288D080038B5044610B96FF071
:10A83000150038BD09B90020FBE70568002DF6D0EA
:10A840004BF68031037B8268022B6B7808BF52087D
:10A850005343406800EB4300D4F80D308B4214D1D1
:10A86000104920F0FEFF02460E482B78012B13D131
:10A8700001460D48520015F027F8237B022BDAD150
:10A880006B7883F001036B70D5E7B3F5FA5FECD119
:10A89000044920F09CFFE6E7022BC8D10146520094
:10A8A0000248E8E7A87B0800D03708001438080001
:10A8B000F8B50478102C2FD0012C2DD0F8BD4FF412
:10A8C000A0623146384614F037FD021E11DD102C0F
:10A8D00013D100231248134930F804CB0133B3F5E8
:10A8E000A07F21F802CBF7D10E490F48521014F087
:10A8F000EBFF2B78002BE2D1E0E700230B4809495E
:10A9000030F804CB0133B3F5A07F21F802CBF7D1A7
:10A91000044907485210EAE7064D044E064FE8E79F
:10A9200006D4090084D109001438080004D40900B1
:10A93000D037080012D909005838080002460B46E3
:10A94000014817F02FBF00BF80380800014817F0FA
:10A95000F9BF00BF803808004FF0FF3110B54FF04D
:10A96000FF30FFF7EBFF134B00211C68124B1A4618
:10A97000A14209DB0022944210DC00200446FFF7CC
:10A98000E5FF04F0010010BD907820B1107810B9F7
:10A9900050780128F2D001310332E9E7987828B1E4
:10A9A0001978012902D159780029E7D001320333FF
:10A9B000E1E700BF9438080014D9090010B5124B24
:10A9C00059681A69096889070ED4104940F25C5326
:10A9D0000F4A104823F0D8FB0F4823F0D5FB40F274
:10A9E0005C510B4823F0C9FB1268920748BF80F006
:10A9F000010030B19B68DB680221BDE810400248CD
:10AA000018479B681B69F7E7984E0318E1970418ED
:10AA1000B09704181F9804183C98041830B5244DBA
:10AA200087B02C7874BB234829F082F9224B234944
:10AA30009C705C711C72224B05A81C6028F0D9F92F
:10AA4000204605A928F024F8044605A828F0F1F9C5
:10AA5000C4B90C234FF47A52009321460123CDE967
:10AA60000144184827F09CFF60B9CDE90000042399
:10AA700001224FF47A51144828F08CF820B1114883
:10AA800027F0A7FF07B030BDCDE900000823012261
:10AA90004FF47A510D4828F07DF830B1094827F07D
:10AAA00098FF094828F0ADF8ECE701232B70E9E79F
:10AAB00013D909008038080014D90900019C041832
:10AAC000943808005838080014380800D0370800B7
:10AAD0002DE9F047554B05461B780C4688B00BB95D
:10AAE000FFF79CFF44EA0517202F6ED10120FFF7E6
:10AAF00065FF4F4E4FF0FF314FF0FF30FFF71EFF65
:10AB0000B14633460022DFF860A1DAF80010914226
:10AB100060DCFFF71BFFDAF80030022B00F38280C5
:10AB20004FF0FF304FF0FF31FFF708FF0022904653
:10AB3000DAF8003093425DDC03EB430109EB0102DC
:10AB400009F8015001210B4454709170CAF800308B
:10AB5000FFF7FCFE002D56D1364D2B783BB9B8F1EE
:10AB6000000F02D1344827F02EFF01232B70002C58
:10AB70004DD1324C237823B9314814F0CFFD012355
:10AB80002370304D2C78002C4CD1FFF7E5FE0028C7
:10AB900048D001232B702C4B1F7000200021052270
:10ABA000CDE90601CDE90242CDE900344FF400526F
:10ABB000264B27490494274817F048FB2649254887
:10ABC00008B0BDE8F04729F07BB8102F91D120F0F4
:10ABD00079FD8BE71878A84209D15878A04206D1B0
:10ABE000987820B108B0BDE8F047FFF7AFBE01325A
:10ABF00003338CE7B17819B13078012898BF8846C3
:10AC00000132033696E7012DB1D1144DA5E7012C91
:10AC1000B7D1134D2B78002BB3D1124814F07EFD21
:10AC20002C70AEE708B0BDE8F08700BF13D909006B
:10AC300014D9090011D90900583808000FD90900A2
:10AC40001438080012D9090004D90900B1A8001865
:10AC500030DA0900D82D08005F9C041810D90900CB
:10AC60000ED90900D0370800943808002DE9F041CA
:10AC7000504B07461B788846002B66D041EA0013EC
:10AC8000202B64D10020FFF799FE4B4C4FF0FF3191
:10AC90004FF0FF30FFF752FE254600222146474E77
:10ACA0003368934218DD2878B84258D16878404517
:10ACB00055D1A878002852D0002702EB4205013B6D
:10ACC00048199342877006DD03EB43028F188A5AB6
:10ACD0004A53BA7882703360FFF738FEFFF73CFEC4
:10ACE00058B9374B1A7842B11870FFF72FFE42F26D
:10ACF00010720023334819F0AFFA4FF0FF304FF0D5
:10AD0000FF31FFF71BFE002330681F461E461D461D
:10AD10009846984226DCFFF719FEB8F1000F34D0B0
:10AD20001DB9294B1A7802B11D7037B9274C237809
:10AD30001BB1274827F03EFF277036B9254C2378F2
:10AD40001BB1254827F036FF2670BDE8F081102B97
:10AD50009BD10020FFF732FE20F0B7FC95E70132CF
:10AD600003359EE7A2784AB1217851B1012908BF85
:10AD70001546617839B1012908BF164601330334FD
:10AD8000C7E79046F5E71746F8E7144C23785DB916
:10AD90000D4D13B92B78002BC7D0114827F016FEA4
:10ADA0002B780BB100232B702378002BBDD0002310
:10ADB0002370BAE713D9090014D9090094380800A0
:10ADC00012D90900D82D080010D909000FD909009F
:10ADD000143808000ED90900D037080011D909002D
:10ADE000583808002DE9F74F0F460446002147F672
:10ADF000FF7E944603EB430800F10E024FEA43093D
:10AE00004FEA58080192414514D1062B3CD903F171
:10AE10000043073B07EB430303F10C0253F8041B09
:10AE2000934244F8041BF9D11B882380404603B0A9
:10AE3000BDE8F08F03224E00B6FBF2F505EB4502AC
:10AE4000B61A194AA5F1080A02EB06160022023EBC
:10AE5000002DB6BF019837F9150030F9150036F806
:10AE600002BF013DAA451BFB0022F1D10F4802F5AC
:10AE70008042D2138242B8BF02467245A8BF7246D2
:10AE80002CF811200131BEE7C3F107035D002A460B
:10AE900004EB090120461DF05BF84A46394660196B
:10AEA000F5F786FEC2E700BFAA7F04180080FFFF07
:10AEB0007FB50BAB05930393064B08220293002347
:10AEC000CDE90032184604220BF048FC07B05DF8CB
:10AED00004FB00BFB29C041838B54FF08C431A6BCA
:10AEE0000C4642F020021A634FF0C042DA659A68BD
:10AEF000154D42F004029A609A6842F001029A608D
:10AF00005A6DD2B202B15D659A6DD2B20AB10F4AE2
:10AF10009A65BFF35F8F224601464FF04050F5F728
:10AF200047FE4FF0405004F1405129F035FDBFF38A
:10AF30004F8F4FF08C43064A5A655D659A686FF3F0
:10AF400000029A6038BD00BF0B10FECA0C00FECA9A
:10AF50000B00FECA4FF08C43102130B51A6B89B03C
:10AF60006FF345121A631A6B00246FF386121A638B
:10AF70009A684FF4801542F001029A605A6961F3B1
:10AF800007025A61104B4FF48032184600211DF021
:10AF90005FF80E490FF0F0FF0D4B042204930D4BA8
:10AFA000204603930C4BCDE90555029308230B492A
:10AFB000CDE900432346FFF77BFF29460848FFF70A
:10AFC0008BFF204609B030BD00000C2000000D2092
:10AFD000F09C0418FD9C0418B29C041878510318C6
:10AFE000000010182DE9F04FDFF83C8189B098F887
:10AFF000003003F0FF04002B7CD108253E4F3F4B6F
:10B0000004223F492046CDE9004502930397234699
:10B0100020F056FC15F0B6FD15F0C4FD204615F0E5
:10B02000EDFB064615F0F2F9364B0422CDE901534B
:10B030002046234632490397009420F041FC07A99B
:10B04000304628F005F8304B0422CDE90153204664
:10B0500023462B490397009420F032FC2B4DDFF858
:10B06000CC90DFF8CCA0DFF898B04D4532D9284914
:10B070002E23284A284823F087F8284823F084F80C
:10B080002E21244823F079F82B680026CDE903739C
:10B090000823042259463046CDE90063CDF808A0C4
:10B0A000334620F00DFC6B689847044680B104904D
:10B0B0002B68012203931A4B3046CDE901631049F6
:10B0C0003346009620F0FCFB204609B0BDE8F08F27
:10B0D0000835CAE7D8D3134B082202930023084946
:10B0E000CDE9003218460422039720F0E9FB012342
:10B0F00088F800300024E7E71C9E04180E9D041811
:10B10000B8510318369D0418459D0418CC2D08002D
:10B11000BF9D0418939D04181F980418E09D0418FF
:10B120006F9D0418FF9D04181DD90900D42D080037
:10B13000539D041810B5002198B024480DF04CF828
:10B14000234820F077FA0028224C11DA54222249B1
:10B1500004F1D900F5F72CFD0A22204904F1DF00A3
:10B160001DF088FB35221E4904F1F8001DF082FB1A
:10B170001C4820F05CFA002807DA684600F0ECFE74
:10B180005E2269461748F5F713FDFFF7B7F92081EE
:10B1900020F0B0FB6FF07E03A072E36020F0A0FA15
:10B1A0000023A38284F8D23084F8D63084F8D830D3
:10B1B0004FF48063A4F8A03194F8D9302074642B44
:10B1C00084BF642384F8D93018B010BD98380800C3
:10B1D000753908009C380800479E0418389E0418EA
:10B1E0003F9E0418B238080008B5084B93F8D920E0
:10B1F00012B9052283F8D920054901F1C30020F0D6
:10B200001CFABDE8084003480DF020B89C3808003F
:10B21000B23808009838080010B520F000FA1B4C2E
:10B22000D4E90032C01A61EB0201642871F1000117
:10B230002BDB20F0F4F9C4E90001154823F0E4F811
:10B24000FFF75CF96FF03102124C238993FBF2F2A5
:10B2500013443222B0FBF2F00344238120F040FA81
:10B26000237C1844C0F34E002074208920F042FB58
:10B27000A07202F04DFDE06005480CF0C9FFBDE88A
:10B2800010400021012007F0D7B810BDA82E0800FB
:10B29000983808009C38080010B5094C98B0542222
:10B2A000084904F1D900F5F783FC684600F054FE24
:10B2B0005E22694604F11600F5F77AFC18B010BD5D
:10B2C0009C380800479E0418F0B50124A7B08C22D2
:10B2D000002103A81CF0BCFE8DF8074004F07EF9A5
:10B2E00006F0F4FF2046002120F073F900F034F955
:10B2F000544C554F2378042B06D122F0B2FB20F09A
:10B300004AFB002027B0F0BD20F089F9054602A8CD
:10B310000E4600F0A9FD18B10020029907F08CF844
:10B32000384623F071F80DF1070004F063F904F0DA
:10B3300055F938460CF06CFF01F0A0FE9DF807307F
:10B34000002B73D0414823F05FF8E36994F86F1045
:10B350000493236A3E480593A36994F870200693EA
:10B3600094F8DB3002F0010C8DF81C304B0830F8FB
:10B3700013305208C3F30E0343EACC3330F81220E3
:10B38000ADF81E309DF821308DF8202023F07F038A
:10B39000C2F3062213438DF8213094F8D730E28AA5
:10B3A0008DF82230BDF80C30C2F30A0223F4FF639B
:10B3B00023F007031343ADF80C30E37D9DF81D0027
:10B3C0005B074CBF012294F8A0219DF80D30C1F31A
:10B3D000000162F3C3038DF80D3094F8E93094F85E
:10B3E000EB20C3F3031343EA02139DF8232061F318
:10B3F000000022F01F0203F01F03134315490A2225
:10B400008DF81D0009A88DF823301DF033FA0A22AB
:10B4100011490DF12E001DF02DFA0C480CF0F8FE2C
:10B4200003A802F0C3FB00238DF8073006F04EFF9F
:10B4300008B100F091F815F1190046F1000120F073
:10B44000D1F857E79C38080098380800403A0800BF
:10B450000A9604187B3908008839080010B5074897
:10B4600002F046FB064C2378022B03D002F088FB47
:10B47000002010BD02F0B0FBF5E700BF403A080025
:10B480009C3808002DE9F0414FF004080F4E104F92
:10B490003378042B02D10020BDE8F08120F0BFF802
:10B4A000044638460D4622F0AFFF20F01BF908B9DC
:10B4B00086F8008038460CF0ABFEFFF7ADFE601D4D
:10B4C00045F1000120F08EF8E2E700BF9C3808004B
:10B4D0009838080000B5002193B016480CF07CFEA7
:10B4E00002A80DF0FFF84FF4005020F004F94FF4DB
:10B4F0000052014602A822F099FF002302A90E4A39
:10B5000068460CF0FFFF0AA80DF0ECF84FF48050ED
:10B5100020F0F1F84FF4805201460AA822F086FF8D
:10B520000023064A0AA901A80CF0ECFF13B05DF84D
:10B5300004FB00BF403A08005DB40018C9B200180F
:10B5400008B5FEF741FBBDE8084020220021014874
:10B550001CF07EBD1ED909000148FEF777BB00BF75
:10B56000368D08004FF42042002101481CF070BDC8
:10B57000368D0800F7B503B2CDE9001080B29F28E0
:10B5800045D8BDF80620BDF906007F2A3FD8A02186
:10B590009DF8032010FB01309DF800509DF801102C
:10B5A0009DF80230FF2A1D4C4FEAD5054FEA910164
:10B5B0004FEAD3032DD012FB01F134F81060C2F131
:10B5C000FF07C6F3451607FB0611FF2612FB03F320
:10B5D00014F810E0B1FBF6F10EF01F0E07FB0E336E
:10B5E000B3FBF6F301F03F0112FB05F204EB400C54
:10B5F00003F01F0343EA41139CF80110C90807FB3D
:10B600000122B2FBF6F243EAC22324F8103003B061
:10B61000F0BD43EA411343EAC523F6E7368D08003F
:10B62000054B03EB001002894368C2F17C0203EB77
:10B63000C203D878704700BFBC62041837B5094C04
:10B640000D4604EB001408461DF0BCF8A02380B2A0
:10B65000019300902B4662892189606820F07DF972
:10B6600003B030BDBC6204182DE9F04FA1B01C93AB
:10B67000BDF9B03008921693BDF9B4300A011193A8
:10B6800003140E93894BDDF8A8B003EB01119B580E
:10B6900005B213934B681D9005930B89584604938C
:10B6A0004B89BDF8AC4007930B7B0C931DF08AF8D7
:10B6B00083B20646DDE90410CDE90034079A03930E
:10B6C0005B4620F04AF9ABB20B9301462346029049
:10B6D0000B9A089820F02BF90BEB060315930E9BA1
:10B6E0000546069300230D9323B21893089B07B2D7
:10B6F000013B09911993029B099ABDF81890934256
:10B7000038BF13461FFA83FA159B9B450CD10020C6
:10B710000D9B0E9A4B449B1A6AF30F009BB263F386
:10B720001F4021B0BDE8F08F0C9B119AA9EB0303D9
:10B730001BB29342EBDC5B461BF8012B0A2A23D198
:10B74000DDE90410039B079A013B9BB2009301942F
:10B750005B4620F002F99DF864300290012B06D878
:10B76000014623460B9A089820F0E1F805460C9B09
:10B770002FB299440FFA89F30693CDF824A0039BC6
:10B78000013B9BB20393B6E70D2A01D12FB2F6E736
:10B7900004998A42F3D307998A42F0D8049905980C
:10B7A000521A059901EBC20130F8322091F9058057
:10B7B0000A928A7891F906601492CA780F920A79EF
:10B7C00010920F9A0D92109ABA18A24216DD039A9F
:10B7D000049900920194079A20F0BFF8234601468D
:10B7E00002900B9A089820F0A2F805460C9B07B22D
:10B7F00099440FFA89F30693CDF824A04FF0000A7C
:10B800005146D146069BB8441E441FFA88F3B6B28F
:10B8100017930F9A5FFA8AF3934243D2149BDDF891
:10B820005C80CB18DBB2129333B233E04A1C48077A
:10B83000D2B208D10A99139801F1010C10F80190C5
:10B840001FFA8CF10A9119F0800F1AD016998B42C9
:10B8500017DB1199994214DB46EA0801090410D458
:10B8600018980FFA88F188420BDDADF87C10ADF81E
:10B870007E301C991F981B921A93FFF77BFEDDE91F
:10B880001A3211464FEA490908F101085FFA89F9AD
:10B890001FFA88F8129A9142C8D101360AF1010ABA
:10B8A000B6B2B6E7109B3B441FB268E7BC6204180F
:10B8B00070B50C46154686B00E4E02930AAB53F88F
:10B8C000042B03901F21304604931EF0CDFD2A4621
:10B8D000029B21460398009620F0FCF80346059051
:10B8E00000209AB262F30F001B0C63F31F4006B0F6
:10B8F00070BD00BF1ED909002DE9F0411C4686B07D
:10B900009DF8345011AB06460F4690461F21109A01
:10B91000194803931EF0A8FD2846FFF781FE002C6E
:10B9200008BF802410FB07F1BDF930301FFA88F200
:10B93000ADF81030A31A1BB25B1A013793FBF7F373
:10B9400000FA83F313FB06F00B4B0244ADF8122010
:10B9500000939DF838200F9B2946049820F0BAF8F0
:10B960000346059000209AB262F30F001B0C63F3AC
:10B970001F4006B0BDE8F0811ED909002DE9F0474F
:10B98000884616464FF0FF314FF07F428EB0642B51
:10B99000CDE904123F4A9A4628BF4FF0640A1D2B96
:10B9A00003900FFA80F94FEA204706926CD8FF23E4
:10B9B000ADF8183000238DF81A3000233246414686
:10B9C000039800931FFA89F4049B20F046F8BDB257
:10B9D000A31CADF81C30AB1CADF81E306423A8F1DD
:10B9E00004010AFB01F191FBF3F10123321F4444EE
:10B9F00092B20798009389B2069BA4B220F02DF86A
:10BA000004F1FF38ADF82270ADF820900599089840
:10BA1000ADF826700FFA88F86F1EADF828903744FD
:10BA2000FFF7A8FDADF82480059909983FB2FFF70C
:10BA3000A1FDADF82A7005990A98FFF79BFDADF8B6
:10BA40002C80ADF82E7005990B98FFF793FD06F04A
:10BA5000010205EB5605013AABB212FA85F524B2A4
:10BA6000A5EBD60503EBD603049AADF83040ADF84C
:10BA70003250ADF83440ADF83630DDE90C010EB08F
:10BA8000BDE8F0471FF089BF3C2B96D94FF47F43A8
:10BA90008EE700BFFAB413FF2DE9F04F4FF0000915
:10BAA00091B0CDE904239DF868300FFA80F8069331
:10BAB0009DF86C30041400200793FFF7B1FD8A460F
:10BAC0004F46049B9DF87050DE1E361AAB1DB6B271
:10BAD000039301F1FF3B5C4BADF836407B43B3F180
:10BAE000553F89BFFF23FA231A4619468DF83C308B
:10BAF0004FF0FF339CBF1322B421092F8DF83F3044
:10BB0000C8BFFF238DF83D10C4BFADF83C30002303
:10BB10008DF83E20C8BF8DF83E300B2399FBF3F320
:10BB200043449BB2ADF834300F990D980893FFF75A
:10BB300021FD049B0A2F03EB040212B2089B10D1D3
:10BB4000ADF836200022083BADF834303F4B01976A
:10BB5000009311460F9B0D98FFF7AAFE0B27D944BF
:10BB6000B9E70B2F4AD1ADF8362000220A3BADF8D9
:10BB70003430374B114600930D98364B0234FFF7A3
:10BB800097FEE4B2002D47D1039B4FEA4609B9FB6B
:10BB9000F3F9069BEFB20AFB03F10F2354FA85F584
:10BBA000EDB2ADF83A50B1FBF3F10125ADF83880B4
:10BBB0001D9B1FFA89F20E9889B200951FF04DFF68
:10BBC00005981FF0EAFF039BB200B2FBF3F20B23D0
:10BBD0000BFB00F191FBF3F14FF0FF334C44274492
:10BBE000FFB2ADF83C80ADF83E700F9892B289B2CA
:10BBF0001A9511B0BDE8F04F1FF02FBFADF83620F9
:10BC00000022154B0197009311460F9B0D98FFF7EB
:10BC10004FFE0137D9445EE7039BADF83C80B6FB8D
:10BC2000F3F5079BADF83E400AFB03F1FF23B1FBA0
:10BC3000F3F101232A4600930F984FF0FF3389B2A6
:10BC40001FF00BFFA0E700BFABAAAAAA9B9E041897
:10BC50009F9E0418FF0000FF66CA04182DE9F04FEC
:10BC600093B0CDE904239DF870300FFA80F8069365
:10BC70004FF0FF23071400200B93FFF7D1FC049B28
:10BC80009DF878409D1F2D1A8946ADB29DF874101D
:10BC9000002C00F0B6800726FF2309FB01F1B5FB5D
:10BCA000F6F4B1FBF3F10123ADF84480ADF8467032
:10BCB000009322464FF0FF33119889B21FF0CDFE5A
:10BCC000334600220526F9B2E4B2029154FA87FB0A
:10BCD0001FFA88F109F1FF3A5FFA8BFB03911146D5
:10BCE000002ACDE90732039BB8BFD11C03EBA101A9
:10BCF0004FF0FF33ADF83410ADF836B019460D985B
:10BD00000C93FFF737FC079BB5FBF3F1013101EB17
:10BD100041015944ADF83610DDE90C10FFF72AFC5B
:10BD2000089A013E079B5244D9D105EB4505B5FB66
:10BD3000F3F5029B4FF0010B02332344DBB2ADF865
:10BD40003A30069BADF8388009FB03F14FF0FF094C
:10BD5000B1FBF9F1AAB20B9B89B20E98CDF800B0F5
:10BD600006921FF07AFE05981FF017FF029B0AFB50
:10BD700000F105331C440B2391FBF3F12C44E4B296
:10BD8000ADF83C80ADF83E400C9B069A0F98CDF87C
:10BD900000B089B21FF061FE3446DFF8C88008FBAE
:10BDA00004F3B3F1553F8CBFFF23FA234FF00B058B
:10BDB0008ABF1A46132219468DF8403096FBF5F3D8
:10BDC00098BFB4218DF84220039A8DF84110134496
:10BDD000049A092C02EB07018DF843909BB209B23B
:10BDE00011DC0022ADF844301A4BADF84610019436
:10BDF00000931146109B1198FFF75AFD01345644E9
:10BE0000CDE706235DE700220A2CADF840908DF8BF
:10BE100042200FD1083BADF844300F4BADF846102F
:10BE2000019400931146109B1198FFF741FD2C4699
:10BE30005644B4E7ADF8461011460A3BADF844301D
:10BE4000064B11981C93064B13B0BDE8F04FFFF75B
:10BE50002FBD00BF66CA04189B9E04189F9E04183D
:10BE6000FF0000FFABAAAAAA2DE9F74F0026066043
:10BE70000546FEF713F904461FF0D1FBDFF8D0802A
:10BE80000246D8F800008C46A04226D033464FF038
:10BE9000010ADFF8C0E02C49DEF8007024EA000057
:10BEA0000AFA03F910EA090F03F101031EBFC1E901
:10BEB000002C012627EA09071D2B01F10801EFD10B
:10BEC0000EB1CEF8007001202B6864F35D032B6087
:10BED000C8F8004003B0BDE8F08F9CB3334630464D
:10BEE0001A4EDFF8709006EA440646F00106D9F8CB
:10BEF000007015490196012606FA03FE14EA0E0F9A
:10BF000016D017EA0E0F13D10E68B2EB060A4E6870
:10BF10006CEB060BBAF52F7F7BF1000B08DB286872
:10BF2000019E00F0404030432860012047EA0E07A0
:10BF300001331D2B01F10801DDD10028C8D0C9F85B
:10BF40000070C5E72046C3E7B02E0800FEFFFF3FA4
:10BF5000443A0800483A080010B50446FEF776FB5C
:10BF6000837B5A061ED413F0800F0F4B08BF0023AB
:10BF700001226FF0170122706278A17022F007028F
:10BF800042F00102032162700022E17022716271AD
:10BF9000C4F80630C4F80A3084F8592084F85A20CE
:10BFA000204610BD014BE3E7004495088047A119E6
:10BFB00070B5014404464FF6FF700C4E8C4200D120
:10BFC00070BD14F8015B2B0983EA103336F8132097
:10BFD00003019BB25A4085EA123505F00F0536F889
:10BFE0001530120192B283EA0200E7E76E96041858
:10BFF000012310B5144C2370FEF7F4F9FFF79AF8FB
:10C00000FFF79EFA1FF068FB03F0A4FA00F094FE1D
:10C0100000201FF015FB002808DA00201FF012FB9B
:10C0200000201FF00DFB002800DAFEE703F0AEFA57
:10C03000FFF792FA00201E211FF0CBFA94F8D900E6
:10C04000BDE810401FF01CBB9C380800022208B558
:10C05000064B1A70FFF73EFA0020FFF713FAFFF7BE
:10C06000C3F81FF03AFB002008BD00BF9C38080051
:10C0700007B501220A4B00211A700A4B18680CF010
:10C0800047FB0022084B69461A70084801AA22F0B3
:10C09000D4F9009826F0AEFB03B05DF804FB00BFB6
:10C0A00041D909006C3A080042D909004C3A08000D
:10C0B0002DE9F04FD0F800908FB04FF420701FF0B2
:10C0C0001AFB064600B31223014600934FF4A072F8
:10C0D0004FF4FA53484600F0A1FA041E14DB002086
:10C0E000CDE90B00CDE907000D90F6F7B1FF07464B
:10C0F000B0B1DFF80481384B1D78E5B1204600F07F
:10C1000033FB384608F032FA30461FF0F6FA324B6D
:10C110001B785BB10020314B18700FB0BDE8F08F79
:10C120002F4821F051FE204600F01EFB0CF0DAF9FA
:10C130000CF072FBEEE7484600F0ECFC0128DDD184
:10C14000214609A800F026FBDDE909B2BBF1000F8A
:10C15000D4D0002AD2D0ABF1020A3AF9021F0BA8C0
:10C1600003921FF033FD039A0135AA42AAF800009A
:10C17000F3D10023002204A9CDE9042338465A460E
:10C1800008F02AFA174822F03FF998F8001003291E
:10C1900005D9154A1378013303F0030313709DED9D
:10C1A000047B1248124A037802EBC302013303F006
:10C1B000030382ED007B037011B90E480BF0D0FE33
:10C1C00098F800300748032B9CBF013388F80030F3
:10C1D0000CF01EF88FE700BF41D9090042D90900D1
:10C1E00012C50418AC25080040D909003FD9090040
:10C1F000982F0800A42508003ED909002DE9F04F2A
:10C20000ADF5257D07684FF42072002104A81BF0CE
:10C210001FFF22234FF4A072009338464FF4FA53C5
:10C2200004A900F0FBF9041E04DA0CF05BF90CF031
:10C23000F3FA30E00020F6F70BFF00210546204618
:10C2400000F006FB4FF0000A4FF0000B2E4E337843
:10C25000C3B9384600F05EFC012813D1DFF8C09066
:10C260002A48CDE902AB22F0CFF899F80080B8F166
:10C27000000F17D125480BF0CBFF204600F0CEFA77
:10C2800000283AD1204600F053FA284608F06EF90B
:10C290003378002BC9D000201D4B18700DF5257D7B
:10C2A000BDE8F08F1B491C4A0B78B8F1030F02EB75
:10C2B000C30292ED007B03F1010303F003038DED54
:10C2C000027B0B7002D915480BF04AFE99F800303A
:10C2D0000E48013B89F800300BF09AFF204600F031
:10C2E0009DFA01460028CDD0284602AA08F0B8F9E8
:10C2F0000121204600F0ACFAA9E74FF4A0724146B4
:10C300001BF0A6FEF4E700BF41D90900AC250800E8
:10C3100042D9090040D90900982F0800A425080037
:10C320003ED909002DE9F34105460F4600F0F2FB26
:10C33000012827D1294E2A4822F066F83478DFF800
:10C34000B8801CB3D8F800309D4206D124480BF0C9
:10C350005FFF204602B0BDE8F081284600F0B4FB44
:10C360000090D8F8000000F0AFFB0190000E01280B
:10C370000AD19DF806209DF802309A4204D318484D
:10C380000BF046FF0024E4E7FFF772FE01230024D0
:10C3900013483370C8F800500BF03AFF114B1248A5
:10C3A0001C70124B1C70124B1C70124B1C700CF04A
:10C3B00099F94FF4004012F02FFE4FF4004201466D
:10C3C000094822F033F83A460B4B07490B480CF06A
:10C3D00099F8A042B8BF34703478BAE742D909005E
:10C3E000A825080040D909004C3A08003FD90900A7
:10C3F0003ED9090041D90900703A08006C3A08009A
:10C4000010B50A4C0A4821F0FFFF23780848013391
:10C4100023700BF0FDFE23783BB9064A1370064AE1
:10C420001370064A1370064A137010BD43D90900F1
:10C43000A825080042D9090040D909003FD90900C0
:10C440003ED9090010B50A4C0A4821F0DDFF2378D7
:10C450000848013B23700BF0DBFE237833B9064B11
:10C460001B781BB1BDE81040FFF702BE10BD00BF36
:10C4700043D90900A825080042D909000149FFF75E
:10C4800051BF00BFB1C000180149FFF74BBF00BF4B
:10C49000FDC10018044B1B782BB1044B1B68834271
:10C4A00001D1FFF7E5BD704742D90900703A080095
:10C4B000014B1878704700BF42D90900F8B5174BF7
:10C4C00004461B7823B3164D2B7803B919B31548CE
:10C4D00021F09AFF134E144F2A78A2B11349144841
:10C4E0000B78013A50F8337000EBC306013303F0C8
:10C4F00003030C4876680B702A700BF089FE00204D
:10C5000027606660F8BD3146384621F073FFE3E7E7
:10C510004FF0FF30F6E76FF00A00F3E742D9090069
:10C520003ED90900AC250800A425080040D909001F
:10C53000982F08002DE9F041184B1B7843B3184C95
:10C54000056823784668032B00D921B3154821F0EC
:10C550005BFF144FDFF858802278032A13D8124962
:10C5600012480B78013240F8335000EBC307013317
:10C5700003F003030B487E600B7022700BF048FE43
:10C580000020BDE8F0813946404621F033FFE3E763
:10C590004FF0FF30F5E76FF00A00F2E742D90900EB
:10C5A0003ED90900AC2508003FD90900982F0800A2
:10C5B000A42508001C2138B501FB00F3074AD41854
:10C5C000D35822461968187A0D6804325968A8476A
:10C5D0000028BEBF00236375A36138BD743A08000C
:10C5E000C3B2022B2DE9F04112D84FF01C0808FB12
:10C5F00000F7094DEE19B06900F08CFA012808D057
:10C600003046EB5904301B681B6998470023B3611F
:10C610000020BDE8F08100BF743A08002DE9F04F1A
:10C6200085B09DF8387089460F2F92469B46019041
:10C6300007F0F0046BD917F00F0768D000F044FA48
:10C640000390000E012865D1202C0CBF344B354BD4
:10C650009DF80C20597A08BF9DF80D20D87C914296
:10C6600003F11405597F06D0904225D0914207D09E
:10C670006FF0120447E090421ED08A4218BF1D4658
:10C680002B68002BF4D04FF000084FF0FF34264EFB
:10C69000706900280BDD00F03DFA012811D056F832
:10C6A000042C304612681269904700227261727C35
:10C6B00052B94FFA88F407E08A4218BF03F10A051D
:10C6C000DEE77269002AF2DD08F10108B8F1030F14
:10C6D00006F11C06DCD1631C1FD01C2262431349E7
:10C6E00001988B18022F98618D50C3F808901F7421
:10C6F000C3F80CA0C3F811B005D12046FFF75AFFCC
:10C70000002800DA44B2204605B0BDE8F08F6FF093
:10C710001504F8E74FF0FF34F5E76FF00F04F2E788
:10C72000949C0418769C0418783A0800743A08001F
:10C73000F8B5C3B2022B14D81C2303FB00F6094D35
:10C74000AF19BA696AB1AB593C1D1B682046DB685A
:10C750009847AB5900211B6820469B6898470023E7
:10C76000BB61F8BD743A080038B5C3B2022B0ED8CD
:10C770001C2101FB00F2064B9C18A5693DB1204627
:10C780009B5804301B681B6998470023A36138BD80
:10C79000743A08001C232DE9F3474FF000084B437F
:10C7A0001D4C064608460D46CDE9008854F8039016
:10C7B00004EB030AFFF714FF6F4660B19AF81030DC
:10C7C000012B10D12846FFF7F5FE40450BDA8AF819
:10C7D0001580CAF8188097E8030086E80300304601
:10C7E00002B0BDE8F0871C2303FB0544D9F80030F4
:10C7F0000434002120469B6898470028EBDBD9F8D9
:10C80000003039465B68204698470028B6BF0023B1
:10C8100001900093DFE700BF743A080013B50446A7
:10C82000FFF7DEFE10B9002002B010BD1C22042369
:10C8300012FB04335443054801A9025918441268F5
:10C84000526890470028EEDB0198EDE7743A080043
:10C8500038B504460D46FFF7C3FE68B11C22042319
:10C8600012FB043354430548294602591844126800
:10C8700092689047C043C00F38BD00BF743A0800AB
:10C88000F8B504304368024643B9904203D00968C2
:10C89000136999420CDA084818F0E2FA1F690E6829
:10C8A000D3E90254B742AABF1A4623462B46EBE708
:10C8B00002F11400F8BD00BF28C504182DE9F04F9F
:10C8C000A5B08DF804004FFA82F8814601A88A4687
:10C8D0008DF805108DF806801FF074FA04460028C4
:10C8E00000F0E6800023744F0DF1100B8DF810302E
:10C8F00005930893CDE906BBFB6804371693169E93
:10C90000BE4279D16D4B03A91F680AA87A1C1A6030
:10C91000019B0297ADF824301B0C8DF826301FF0D8
:10C92000A9FA002311AA8DF8443012931593CDE98A
:10C930001322069BDFF88081614E1693169D5D459C
:10C9400040F08780099B0AA9ADF85C3018A81B0C41
:10C950008DF85E3016971FF08DFA10A91EA81FF0F3
:10C9600089FA482018F02EFA0546169BDFF8508108
:10C970000361179B19A983821B0C83751C301FF060
:10C9800009FA08F104061FA905F134001FF002FAA4
:10C99000B1462246D8F80830002B71D1002A7CD04D
:10C9A000D8F80C30B34206D0304627F0C7FA0269F7
:10C9B0002B699A4273DA4E4505D02C6933699C4243
:10C9C000ACBF002401243F4B32462946204627F0C5
:10C9D000B7FAD8F814300133C8F8143017A81FF08C
:10C9E00026FA02A934481FF063F901A81FF0FAF9EA
:10C9F00009A81FF01CFA0FE0103631463048FFF747
:10CA00003FFF054601A81FF0DDF960B995F9023036
:10CA1000434519DB4FF0FF3703A81FF0FBF93846F9
:10CA200025B0BDE8F08F28461FF0CCF90028EDD0E6
:10CA3000514648466B782A781EF0BBFE0028E5D0A8
:10CA400016A81FF02EF95AE7314603A81FF030F957
:10CA5000F6E71035294640461FF0D6F829463046FD
:10CA6000FFF70EFF02A91C301FF022F929463046BD
:10CA7000FFF706FF1FF0C2F916A81FF012F95DE7D5
:10CA80001A692E69D3E902109642B8BF22461E46A3
:10CA9000AABF00220B4603467EE7304687E705F132
:10CAA00014001FF0C4F94821284627F0EAF995E759
:10CAB0004FF0FF37B3E700BFE03A0800B0250800A9
:10CAC000C83A0800CC3A08001FB5019001A90F48E8
:10CAD0001FF0EFF90E4B984212D0426C037D002AF2
:10CAE00014BF02220122447D817D002063F30700F0
:10CAF00064F30F2061F3174062F31F6004B010BDB0
:10CB000000231C4619461A46EFE700BFC83A080042
:10CB1000CC3A080007B5019001A908481FF0C9F9EF
:10CB2000074B984207D0436C002B0CBF012002201A
:10CB300003B05DF804FB0020FAE700BFC83A080024
:10CB4000CC3A08002DE9F047484D92B0019001A978
:10CB500028461FF0AEF92E1DB04204463BD0436973
:10CB600000F11801ADF8143006A81B0C8DF8163032
:10CB70001FF080F904F130010CA81FF07BF9314659
:10CB8000204627F041FA044614301FF050F948219E
:10CB9000204627F076F96B693548013B01A96B61A6
:10CBA0001FF032F8119B13B905A81FF027F90F9B4E
:10CBB0002E4D03930DAF039907AEB9420ED1099BD9
:10CBC000DFF8A880DFF8A8900393039CB4421FD13C
:10CBD00005A81FF02CF912B0BDE8F08710312846E7
:10CBE000FFF74EFE041D204601A91FF00DF8099B1A
:10CBF00004930499B14203D103A81FF052F8DAE775
:10CC0000204610311FF054F804A81FF04AF8F0E74E
:10CC1000103421464046FFF733FE00F11C0A05465A
:10CC200001A950461EF0F0FF119B83B10F9B0493A6
:10CC30000499B94203D103A81FF033F8C5E7504661
:10CC400010311FF035F804A81FF02BF8F0E72B6B1C
:10CC5000002BF0D1214648461FF02AF821464046D5
:10CC6000FFF70EFE1FF0BEF8E5E700BFC83A080068
:10CC7000E03A080038B500240C480D4D031D2A4643
:10CC80000C49C0E9033304718460446121F04DFB19
:10CC900009482A46031DC0E90333047184604461D6
:10CCA0000649BDE8384021F040BB00BFE03A08002B
:10CCB000804F080023BE0218C83A080067BE021859
:10CCC000054B1B8833B9054B1B781BB9044B1868FF
:10CCD000FFF738BF704700BF362D090046D909005D
:10CCE000F83A080010B5094C23880BB11EF0FFFC80
:10CCF0004FF48062002106481BF0AAF90023054A80
:10CD000023801370BDE81040FFF7DABF362D09000D
:10CD1000382D090045D9090010B5064C2068FFF7E9
:10CD2000F9FE014620B903220220FFF7C7FD20606B
:10CD300010BD00BFF83A080037B51F4B1F4A9A4292
:10CD400037D01F4B1F4D1C686B462068616803C3BA
:10CD500045F25603984220D1B1F5805F1DD14FF4C2
:10CD6000AF62194804F10801F3F722FF01232B7089
:10CD7000FDF794F903050BD5144A92F8EA3003F055
:10CD80000701012904D8042161F3020382F8EA3083
:10CD900003B0BDE83040FFF733BB2B78002BE7D161
:10CDA0000A4A92F8EA3003F007010129F0D901217B
:10CDB000EAE703B030BD00BFA56004182A55031888
:10CDC000B425080047D90900FC3A08009C3808003F
:10CDD00010B50024084B1C70084B1868FFF75AFB6D
:10CDE000FFF76EFF064BC3E94244A3F80041BDE8DC
:10CDF0001040FFF777BF00BF46D90900F83A080096
:10CE00007440080008B5FFF7E3FF0022014BA3F8C8
:10CE1000022108BD7440080010B50C4B044693F87D
:10CE2000EA3003F00703012B0ED9094B1B780BB135
:10CE3000FFF7E8FF074AB2F802317F2B9EBF22F8C6
:10CE400013400133A2F8023110BD00BF9C38080026
:10CE500046D90900744008001FB50E4B044693F8EC
:10CE6000EA3003F00703012B12D900239842CDE9E1
:10CE70000133039302DA6B20FFF7CEFF0C21234628
:10CE8000054A01A81BF06AFB002101A800F006F882
:10CE900004B010BD9C38080066CA04182DE9F04F94
:10CEA000574C074694F8EA300D4603F00703012B70
:10CEB0008DB040F2A280534B1B780BB1FFF7A2FF5D
:10CEC00094F8EA301C0701D545F04005DFF84081B1
:10CED00005F0400910E0584601931BF073FC3946F9
:10CEE0000246064658461BF09BFC019B70B9187918
:10CEF000A8B1FFF791FF37443C78D4B9EB067CD555
:10CF000020460DB0BDE8F04FFFF786BF0AF1010AD9
:10CF100058F83AB008EBCA03BBF1000FDBD1A4F11B
:10CF20003003092B08D8A4F12F0080B2FFF774FF5B
:10CF30005EE04FF0000AEBE7A4F14103192B0CD897
:10CF4000E80702D53F20FFF767FF3878B9F1000FF7
:10CF500001D01C38E9E73638E7E7A4F16103192B63
:10CF600008D8B9F1000F02D0A4F13C00DDE7A4F12C
:10CF70005600DAE7202C03D1690701D56720D5E7F1
:10CF800004AA9246204B03F1180C164618685968FB
:10CF9000083303C663453246F7D118689B88306072
:10CFA000B3801A4B214618689A889B7902905046A4
:10CFB000ADF80C208DF80E301BF080FB064618B93A
:10CFC000AA060FD40020B1E7214602A81BF076FB89
:10CFD00080B115F0080FF5D0A6EB0A06683616F0FA
:10CFE000FF00A3D16620FFF717FF2046FFF734FFAD
:10CFF000013781E715F0100FEDE70DB0BDE8F08FB8
:10D000009C38080046D9090030C504184EC50418DC
:10D010005C630418084B93F8EA3003F00703012B14
:10D0200008D938B1054B1B68C01A8010903080B207
:10D03000FFF7F2BE704700BF9C380800AC2608001E
:10D0400008B50A4B93F8EA3003F00703012B0BD91C
:10D05000074B1B7843B9074BB3F8023123B11EF0DD
:10D06000DEFA054BC3E9000108BD00BF9C3808008B
:10D0700046D9090074400800B82F08002DE9F34193
:10D08000FDF786FA054650B1634B1B7813B9634B25
:10D090001B8843B102B0BDE8F041FFF799BE5F4C79
:10D0A0002388002B3BD15E4C5B4DD4E90023012A41
:10D0B00073F1000316DB1EF0B2FAD4E90032C01A95
:10D0C00061EB0201332871F100010BDB0022002328
:10D0D000C4E9002301232B70FFF71EFE514B186893
:10D0E000FFF7D2F92B78002B00F093804E4C4F4E77
:10D0F000B4F80031B4F80221934240D340F0898063
:10D100000023C4E942332B70A4F80031454B186862
:10D11000FFF7C0F902B0BDE8F041FFF7D1BD444EC2
:10D1200033783BB1434B1A78434B33F822001EF05F
:10D13000DBFA35702388013B9BB22380002B68D13A
:10D140001EF0D5FA3B493C4A0B78013332F82300F4
:10D1500080B102EB8300408860B10B70DBB202EB60
:10D160008301498832F82300218002B0BDE8F041F4
:10D170001EF0BABA02B0BDE8F041FFF7B3BDD4F873
:10D180000C2182B934F813302C49C4F8082151F825
:10D190002320013351F82330C4F804219B1A23F0D3
:10D1A0000703C4F80C31264FDFF89880D4E9421306
:10D1B00099424FF0000307D3B4F80021C4E9423389
:10D1C0000132A4F8002193E7CDE90033337873B13D
:10D1D0003B6803F28F52424509D2D4F804210B4434
:10D1E00013446A46D3F88705D3F88B1503C20D4B59
:10D1F0001868FFF78FFC01280BD100216846FFF764
:10D2000099F9002805DBD4F808310833C4F808314F
:10D21000CCE702B0BDE8F08146D90900362D0900FF
:10D22000B82F0800F83A08007440080047D90900F0
:10D2300044D9090045D90900382D0900FC3A0800F5
:10D24000B4250800A5600418014B1878704700BF8A
:10D2500046D9090038B50D4B93F8EA305B0713D077
:10D260000B4D2B8883B9142928BF1421094A298022
:10D2700010809380D3805180074A13701EF034FAD7
:10D28000BDE83840FFF748BD38BD00BF9C380800F6
:10D29000362D0900382D090045D9090070B50F4B0E
:10D2A000054693F8EA305B0717D00D4E3488A4B9D1
:10D2B000FFF732FD8DB10B4B4FF4806218462946C3
:10D2C000F3F776FC01224388A0F8FC433380064B39
:10D2D000A0F8FE431C70054B1A7070BD9C38080006
:10D2E000362D0900382D090045D9090044D9090017
:10D2F000064B810793F8EA3003F0070303D4420793
:10D3000003D5022B01D9FFF79BBE70479C3808005C
:10D310007FB51546044610460E461EF0E5FD2B0768
:10D3200002D54320FFF778FD3046FFF795FD002337
:10D330001021CDE90033CDE9023368463346094A6E
:10D3400010341BF00BF921466846F3F7A7FC18B11F
:10D3500008212046FFF7A2FD2846FFF7C9FF04B0C9
:10D3600070BD00BFADC504187FB50E4A1021B0FBDB
:10D37000F2F302FB13000A22B0FBF2F00A4A00901B
:10D3800002A81BF0EBF802A81EF0F2FB08210DEB3F
:10D390000100FFF783FD4220FFF73EFD07B05DF877
:10D3A00004FB00BF40420F00B7C5041838B50C4657
:10D3B000054608461EF098FD230702D54E20FFF7CC
:10D3C0002BFD022D07D0032D0FD0012D08D1094BC5
:10D3D0001868343002E0074B18683C30FFF71AFE3B
:10D3E0002046BDE83840FFF783BF024B186838304D
:10D3F000F4E700BFAC26080037B50C4605460846E2
:10D400001EF072FD230702D54F20FFF705FD0A4BE2
:10D4100008210093094B019302AB03EB850555F8F6
:10D42000080CFFF73BFD4120FFF7F6FC204603B058
:10D43000BDE83040FFF75CBFA2CA0418AECA0418AA
:10D4400030B50D46044687B008461EF04DFD2B074B
:10D4500002D55020FFF7E0FC00234FF47A72CDE9AB
:10D460000233CDE90433B4FBF2F302FB134464222C
:10D47000B4FBF2F41021094A009402A81BF06EF8E4
:10D4800008210DEB0100FFF709FD4B20FFF7C4FC5D
:10D490002846FFF72DFF07B030BD00BFBFC50418F9
:10D4A00010B504461EF020FD044B1868BC30FFF791
:10D4B000B1FD2046BDE81040FFF71ABFAC260800BA
:10D4C00038B50D460446C8B10378BBB108461EF016
:10D4D0000BFD204606F086FE431C0AD0084B1B6855
:10D4E00003EB8000FFF796FD2846BDE83840FFF7C4
:10D4F000FFBE08212046FFF7D1FCF5E738BD00BF8D
:10D50000AC2608002DE9F043044687B09DF838505A
:10D510008946284616461F4605F008081EF0E4FC1A
:10D5200094B9002E36D1B8F1000F02D05820FFF781
:10D5300073FC344B18680430FFF76CFD284607B0C5
:10D54000BDE8F043FFF7D4BE00232F4CCDE90233F2
:10D55000CDE904337EB3B9452DD1B8F1000F02D027
:10D560005820FFF759FC34F819200A21B2FBF1F3D7
:10D5700001FB132292B200921021244A02A81AF051
:10D58000EDFF08210DEB0100FFF788FC4020FFF7BD
:10D5900043FC31E0CDE90244CDE90444B8F1000F89
:10D5A00005D04D20FFF738FC5820FFF735FC164B0F
:10D5B00033F81720D9E7B8F1000F05D04C20FFF75A
:10D5C0002BFC5820FFF728FC0A2234F8191002A877
:10D5D000B1FBF2F302FB131189B20C4A0091102146
:10D5E0001AF0BCFF08210DEB0100FFF757FC4020AB
:10D5F000FFF712FC002ED1D12846FFF779FE07B0C5
:10D60000BDE8F083AC2608000A96041875CA041811
:10D6100030B505468BB008460C461EF065FC0E4B37
:10D6200093F8D23093B12222002101A81AF010FD04
:10D63000294601A81EF00FF8082101A8FFF72EFCCB
:10D6400020460BB0BDE83040FFF752BE034B1868D0
:10D65000A830FFF7DFFCF3E79C380800AC26080091
:10D6600070B51446054610460E461EF03DFC2307D5
:10D6700002D55320FFF7D0FB3EB18520FFF7CCFB4E
:10D680002046BDE87040FFF733BE0C4890F8EC3000
:10D6900023B10821EC30FFF701FCF1E73DB1B5F80B
:10D6A0005C0020B121461EF0A0FC0028E8D1044B0C
:10D6B000186800F58470FFF7ADFCE1E79C380800BE
:10D6C000AC2608002DE9F3411E460F46044690465D
:10D6D000FFF798FB404B93F8EA3003F00703042B65
:10D6E0000CBF18251025F10707D5002F54D1442071
:10D6F000FFF792FB28461EF0FCFBB20706D52A4630
:10D70000D4F80A10D4F806001EF012FC730706D5F0
:10D7100020782946FFF74AFE28461EF0EAFB30072C
:10D7200024D52378022B43D0032B3BD0012B1AD1D5
:10D730006078294600F00300FFF75EFE28461EF0E1
:10D74000D8FB94F8590094F85A2010F0010F01D139
:10D75000D10708D553084108009502F0010200F0F6
:10D760000100FFF7CFFE28461EF0C3FBF20607D5E7
:10D77000D4F802002946FFF763FE28461EF0B9FBE5
:10D78000B30604D51FB129464046FFF741FF02B05A
:10D79000BDE8F041FFF754BC2A4639462046FFF762
:10D7A000B7FDA7E72A4600212046FFF759FFDAE731
:10D7B0002946B4F85B001EF018FC94F85A001821B2
:10D7C0001EF026FC94F859001822010900F00F0001
:10D7D0001EF031FCC7E700BF9C38080010B50F4CA5
:10D7E000FFF710FB2068D830FFF714FC2068943056
:10D7F000FFF710FC20689830FFF70CFC20689C3085
:10D80000FFF708FC2068A030FFF704FC2068A43074
:10D81000FFF700FCBDE81040FFF712BCAC26080083
:10D8200010B50D4CFFF7EEFA2068C030FFF7F2FBA1
:10D830002068C430FFF7EEFB2068C830FFF7EAFB32
:10D840002068CC30FFF7E6FB6520FFF7E5FABDE87E
:10D850001040FFF7F5BB00BFAC26080010B50D4C1B
:10D86000FFF7D0FA2068D030FFF7D4FB2068C4302F
:10D87000FFF7D0FB2068D430FFF7CCFB2068CC301A
:10D88000FFF7C8FB6520FFF7C7FABDE81040FFF7B8
:10D89000D7BB00BFAC26080038B5154D04461EF0B6
:10D8A00023FB95F8EA3013F0070313D0012B1BD0AC
:10D8B000230707D5E420FFF7AFFA0E4B1868603056
:10D8C000FFF7A8FB95F8EA0000F007000138FFF722
:10D8D000C3FA04E0074B18680430FFF79BFB2046AF
:10D8E000BDE83840FFF704BD024B18686830F4E724
:10D8F0009C380800AC26080070B50C460646084661
:10D9000015461EF0F1FA230702D53046FFF782FBD9
:10D91000064B18683DB10830FFF77CFB2046BDE898
:10D920007040FFF7E5BC0430F6E700BFAC26080006
:10D93000152801462DD80B2803D868B1022812D02B
:10D940007047A0F10C01092923D8DFE801F0141673
:10D95000221822222222221A07230E48B0F8D420AD
:10D960001630FFF7AFBE0B480723818AB0F8D420EA
:10D97000013189B2F4E7FFF753BFFFF76FBFFFF73D
:10D980002DBF054B012218680021044BE4301EF026
:10D990008BBB70479C380800AC2608007B39080018
:10D9A00010B5FFF751FC0446FFF72CFA24B91C4BC5
:10D9B00018684C30FFF72EFB1A4B93F8E930C3F38D
:10D9C000030003F00F035A1E0E2A1DD8DFE802F0F1
:10D9D0000808080808081111111111171717250058
:10D9E00000EB8000C0B2FFF737FA4620FFF714FAC9
:10D9F0000FE0981FC0B2FFF72FFA4720F6E7A3F118
:10DA00000B00C0EB0010F5E7054B18680430FFF77A
:10DA100001FBBDE81040FFF713BB3C20EBE700BF64
:10DA2000AC2608009C38080008B50C4B93F8EA3087
:10DA300003F00703042B0DD8DFE803F00303050A06
:10DA40000700002008BD1520FCE7FFF7FDFB18B11B
:10DA50001320F7E71120F5E71B20F3E79C380800B7
:10DA6000084B93F8EA3003F00703012B08D1032198
:10DA700018B14FF4FA70FFF7EDBB4FF47A70FAE784
:10DA8000704700BF9C38080038B5164C94F8EA304F
:10DA90005B0725D0FFF7B6F994F8EA3003F00703E7
:10DAA000012B04D1BDE838400F48FFF7F7BB042B2A
:10DAB0000CBF182510250D4B1868D830FFF7AAFAAF
:10DAC0004420FFF7A9F9D4E907012A461EF030FAED
:10DAD0002946A07DFFF76AFCBDE83840FFF7B0BAE1
:10DAE00038BD00BF9C3808008E960418AC2608008C
:10DAF00010B500241A4B1B4A18601B481B4BC4600E
:10DB00001C600388047523F4CF4323F07F0343F4A0
:10DB100080730380164B80F83840C0E901330369F5
:10DB2000848503F47E4343F001030361437D80F861
:10DB30002E4023F07F0343750E4B80F842401A605D
:10DB400080F84C4080F85640FCF7ACF8FCF79CF9A4
:10DB50001DF0BEFD084B1860084B1C7010BD00BFC7
:10DB6000B04908001449080020490800AC490800E1
:10DB70008047A119184908001C49080048D9090024
:10DB800008B5084A138823F4C14323F07F031380A8
:10DB9000054B18680368DB689847BDE808401DF02E
:10DBA00071BD00BF204908001849080038B5044677
:10DBB000054D286820F028FC044B28681C60BDE84F
:10DBC00038400AF025BB00BFB0490800AC49080046
:10DBD00000487047204908002DE9F047434F444C66
:10DBE000386820F00DFC434D064648B9DFF81C911B
:10DBF000D7F80080D9F8001011BB40460AF008FBA6
:10DC0000637803F06003202B6DD13B4E3B4C33789F
:10DC1000002B62D11DF05CFD4BF6705344F28F2156
:10DC20004343226801FB023303F500431B142360C6
:10DC3000002228682E490368BDE8F0471B69184791
:10DC40008C2267782046F2F7B3FF6378C7F3411759
:10DC500067F3461340466370C9F800600AF0D8FACB
:10DC600063785A0744BF43F0080363702378012B9D
:10DC700007D0E37C6FF3C713E374637C6FF3000397
:10DC80006374286803685B6998472378984216D0C4
:10DC900018461DF0F8FC28680368DB68984763782D
:10DCA0006FF3461363702378012B14D01448154A80
:10DCB000032B18BF1046036828609B689847FCF741
:10DCC000E3F86378012203F06003202BB1D0012137
:10DCD000094B1970ADE70C48EDE71DF0F9FC002386
:10DCE00020603370A4E70022F1E700BFB0490800CC
:10DCF000204908001849080048D909001C490800B3
:10DD0000844108001449080004490800AC4908008F
:10DD1000014B1868704700BF1C490800024B186887
:10DD200003689B69184700BF1849080038B50E4CB6
:10DD30000E4B0F4D0F4822460F49036020F0F5FAB5
:10DD4000284600F021F828460C4D22460C4920F0C8
:10DD5000ECFA284600F044F822462846BDE8384050
:10DD6000084920F0E2BA00BF804F0800BC630418E5
:10DD70000449080014490800EDC002188441080055
:10DD800021C102189DDD0018034A02600022828032
:10DD900001228271704700BFE863041810B5044681
:10DDA0000E4B03601EF0B3FA04F5EE600AF04EFA73
:10DDB00004F5E0601EF041FE04F2BC601FF052FA70
:10DDC00004F50E701FF0F6FA04F1E8001FF099F860
:10DDD00004F114001EF085FF204610BD14640418E1
:10DDE00038B500250446184B4560036005818572EF
:10DDF00014301EF0DCFE04F1E80000F0A1FB04F595
:10DE00000E701FF0B5FA04F2BC601FF03FFA04F583
:10DE1000E0601EF021FE04F5E7601FF040FD04F213
:10DE20004C701FF0AAFD2946C4F86057C4F8645727
:10DE3000C4F8685704F5EE600AF0CEF9C4F87457D8
:10DE4000C4F87857204638BD146404182DE9F0470B
:10DE5000437904460E4698B000F2BC6700F1140501
:10DE6000002B66D00023437104A81FF08EFC04A889
:10DE70001FF07FFC06F118010CA81EF0B5FD0CA9DF
:10DE800004A81FF088FC684606F122011EF0ACFDD4
:10DE90009DF800301BB1694604A81FF090FCF17D8D
:10DEA000DFF80C9201F00F01C90141F0050104A84F
:10DEB0001FF09AFC99F8F8306BB104F5E06809F1AD
:10DEC000F80140461EF002FE04A81FF090FC014637
:10DED00040461EF050FE99F8DE303BB102227349F5
:10DEE00004A8F4F755F80023A4F8FE3638461FF0CE
:10DEF000C3F938460CAA04A900F05CFE04220221F2
:10DF00000020FEF7DBFC2061FEF7B8FAFBF724FFE8
:10DF1000617A28461EF0A8FE28461EF067FE2846B5
:10DF20001EF0BCFE28460CA900F0A8FA04A81FF0B9
:10DF30001FFC01216846FEF7C1FA012102A8FEF785
:10DF4000BDFAFCF725FB002840F0AE8001232371C9
:10DF5000727860F3461272701E46334669460CAA08
:10DF6000384600F0F3FC28460CA900F087FA94F834
:10DF7000F936002B40F08980DFF8349199F8F830B9
:10DF8000DBB304AB984604F2BD6204F2D56E9C4646
:10DF9000106851680832ACE8030072456346F6D158
:10DFA00010680DF1280ACCF8000092884046ACF8C1
:10DFB00004201FF01CFC014604F5E0601EF0DBFDB0
:10DFC00004F2DB62434696469C46BCE80300D44517
:10DFD00010605160634602F10802F5D1DCF80000E0
:10DFE0001060BCF80430704693801FF002FC0123DF
:10DFF000404684F8FC361FF0BBFB99F8DE30002B5E
:10E0000043D0B4F8FE3601339BB2182BA4F8FE3689
:10E010003BD904AB984604F2BD6204F2D56E9C462F
:10E02000106851680832ACE8030072456346F6D1C7
:10E0300010681E49CCF8000092884046ACF80420D5
:10E040000222F3F7A5FF04F2DB62434696460DF188
:10E0500028099C46BCE80300CC451060516063462B
:10E0600002F10802F5D1DCF800001060BCF80430C1
:10E07000704693801FF0BDFB012384F8FC3600231B
:10E080004046A4F8FE361FF073FB56B138460CA983
:10E090001FF00FF928460CA900F0F0F928461EF0F1
:10E0A000CCFD18B0BDE8F087002656E7CC39080053
:10E0B0009C38080070B5134C00252046124B134EB7
:10E0C00040F8043B4FF42272002119F0C1FFC4F85C
:10E0D0008C5220460E4C32460E4920F026F920463E
:10E0E0000D4B29464FF4A47240F8043B19F0B0FFE1
:10E0F000C4F84C5132462046BDE87040074920F034
:10E1000014B900BF044B0800DC640418804F0800F9
:10E11000B4490800E5C9021838640418E7C90218B0
:10E12000002310B502881846064942FA03F4E407B2
:10E1300048BF31F8134003F1010348BF60400C2B86
:10E14000F3D110BDB6960418F7B504680DF10600BA
:10E15000230BADF80630FFF7E3FFC4F30B0480EAAE
:10E160000405ADB22846F3F7E3FB03282C460DDD8A
:10E1700000261F4C34F8027B6F403846F3F7D8FB7B
:10E18000022806DC4FF48054B4403C43204603B0E0
:10E19000F0BD01360C2EEDD100231C46154A45FA80
:10E1A00003F1C90748BF32F8131003F1010348BF58
:10E1B0004C400C2BF3D12046F3F7BAFB032801DCCB
:10E1C0002403E3E700250B4F37F8026B6640304627
:10E1D000F3F7AEFB022804DC0124AC4044EA063429
:10E1E000D4E701350C2DEFD14FF0FF34CEE700BF5F
:10E1F000B69604189E9604180123F7B51A460446ED
:10E200004E1D481E86420CD1002020606060208197
:10E210009AB10A221C4920461AF02CFB204603B072
:10E22000F0BD10F8015FFF2D02D01DB92A46E9E7C5
:10E230000023E7E700221346E4E713B10A2213495B
:10E24000E9E700220023CDE9002306236A461944AA
:10E25000002B12DCDDE900010D4F651E04F10806FC
:10E2600050EA0103DAD0AE42D8D028220023F2F7D8
:10E2700085FCBB5C05F8013FF2E711F8010D013B9D
:10E2800002F8010BE4E700BF06C60418FEC5041837
:10E29000D5C5041810B50A490446F2F7FFFC60B171
:10E2A00020460849F2F7FAFC38B120460649F2F751
:10E2B000F5FCB0FA80F0400910BD0120FCE700BF7A
:10E2C000C7C50418CCC50418D1C50418F7B50C4649
:10E2D00000220023054629492046CDE90023F2F714
:10E2E000DDFC30B94FF0FF332B60AB80284603B024
:10E2F000F0BD20462249F2F7D1FC10B92860A88071
:10E30000F4E720461AF05EFA002128260B460A465A
:10E31000204484420AD109B1CDE900326A4605237E
:10E3200012F8011B5955013BFAD2DFE706FB02F157
:10E33000A3FB06320A4410F8011DA1F14107192F71
:10E3400005D84039CB1842EBE1720121E1E7A1F198
:10E350002D070C2FF9D8DFE807F0090F0D07070785
:10E3600007070707070707001539EBE7253342F1D1
:10E370000002EAE72633FAE72733F8E706C604186F
:10E38000FEC50418F8B54FF4706204460021D0F8B9
:10E39000C40019F05DFE0023621ED4F8C41012F907
:10E3A000010FC8521433B3F5706FF6D10021DFEDC1
:10E3B000306A9FED307A304BD4F8C420525E07EEBD
:10E3C000902AF8EEE77AD3F88C2267EEA67A002A34
:10E3D0004BD0013AC3F88C2203EB8202C2ED017AE2
:10E3E000D3F88C221E6803EB8202C2ED527A3246C9
:10E3F000F0EE477AD3F88C5206F5A07703EB850050
:10E40000D0ED015A92ED006AE5EE867AD0ED025A1F
:10E4100092ED016AE5EE867A92ED026AD0ED035A3A
:10E420001030E5EE867A92ED036AD0ED005A103294
:10E430009742E5EE867AE3D103EB8505D6ED505A97
:10E4400095ED516A94F8D120E5EE867A0AB177EE1F
:10E45000677AFDEEE77A17EE900AD4F8C42050529E
:10E460000231B1F5706FA7D1F8BD5022B2E700BFFD
:10E4700000B0B34600000000044B0800F7B50446A6
:10E48000134A013900F1C00511F8013F03F00306FA
:10E49000C3F38107C3F3011C9B09D35C9657D7577D
:10E4A00012F90CC08DF804308DF805C08DF8067097
:10E4B0008DF80760019B40F8043BA842E4D1204658
:10E4C000FFF760FF204603B0BDE8F0401EF0CFBB71
:10E4D0000AC6041870B5066901221549054630467A
:10E4E0001EF02BFC01220446124930461EF025FC8A
:10E4F00001221149044330461EF01FFCE4B20443DC
:10E50000E4B2012230460D491EF017FC2CB1002365
:10E5100085F82C3048B9032308E095F82C300133F6
:10E52000DBB2042B85F82C30F4D901232B6070BDAD
:10E5300014C6041812C6041810C604180EC604180F
:10E540004FF003311C4A10B5C0E927124FF0FD32DD
:10E550001A490023C0E92F21A1F57901A1F5C06175
:10E56000C0E93712164A0446C0F8FC20154AC0F824
:10E570009430C0F80021002280F8B83080F8D830FC
:10E5800080F8F830C0F81031C0F80421C0F8082134
:10E59000C0F80C21C0F82C31C0E90433C0E9453380
:10E5A000C0E94733C0E94933436000F598701EF075
:10E5B0002CFC204610BD00BFFDFD03FD0303FD0341
:10E5C0002C66041820660418F8B59FED157AD0ED76
:10E5D0000D7A67EE877AFDEEE77A17EE905A00F132
:10E5E00044066F4204463B462A4631469C301EF0A4
:10E5F00014FC10B102232360F8BD3B462A46314685
:10E6000004F1BC001EF009FC0028F3D13B462A4669
:10E61000314604F1DC001EF000FC0028EAD1EBE7F3
:10E620000000044238B5044690F8B91041621EF06B
:10E6300005FD0022124920691EF07FFB054610B13E
:10E640000323236038BD94F8D910204661621EF080
:10E65000F5FC2A460B4920691EF06FFB0546002891
:10E66000EED194F8F910204661621EF0E7FC2A46CC
:10E67000054920691EF061FB0028E1D10123E0E794
:10E6800014C6041812C6041810C6041870B504463F
:10E690002DED028B383015461DF098FA07EE900AE2
:10E6A0009FEDA08AF8EEE77A0DB178EE677A9E4B7F
:10E6B000D3F84C21002A00F0C780013AC3F84C215E
:10E6C00003EB8202C2ED017AD3F84C21186803EB08
:10E6D0008202C2ED2A7A0246DFED927AD3F84C51DB
:10E6E00000F1A00603EB8501D1ED016A92ED007AFD
:10E6F000E6EE877AD1ED026A92ED017AE6EE877A4C
:10E7000092ED027AD1ED036A1031E6EE877A92ED4E
:10E71000037AD1ED006A10329642E6EE877AE3D1B1
:10E7200003EB8503D3ED296A90ED287AE6EE877A2C
:10E73000FDEEE77A17EE903A266A1DB2002E40F001
:10E740008580637E002B00F0818004F598701EF0B8
:10E750005CFB6676A676D4F84421B4F94C3104EB20
:10E760008202D2F83011DD4254BFEB1A5B1B194410
:10E77000C2F830110522D4F84431A4F84C510133C9
:10E78000B3FBF2F202EB82029B1AC4F84431D4F8D4
:10E7900048310133C4F84831D4F8943004EB4302D3
:10E7A000A2F844502822C4F898300133B3FBF2F1A8
:10E7B00002FB1133D4E93F10C4F8943085EAE573C5
:10E7C000A3EBE5739BB207EE903AD4F81021F8EE74
:10E7D000E77AD1ED015A90ED016A002A6CD1D4EDAF
:10E7E000436AB0EE487A0223A5EEA67AA6EE268A00
:10E7F000013B04EB8303D3ED416A91ED026AA6EE7F
:10E80000867A90ED026AA6EE868A77EEC87A04EBE5
:10E810008202D1ED006AC2ED417A0322D4F81031B0
:10E82000A6EEA77A0133B3FBF2F202EB42029B1A87
:10E83000C4F81031236884ED0D7A042B4FD8DFE83B
:10E8400003F04A6064686D00282237E7A37E002B3E
:10E8500081D0636A9B1B002BB8BF5B42022B7FF405
:10E860007AAFD4F848310BB300231A4604F59671F9
:10E8700051F8040F3BB90028D4BF00230123013213
:10E88000052AF5D103E00028F9DAD3B20AB9042346
:10E8900001E0013BDBB284F84E311422002104F583
:10E8A000987019F0D5FB0023C4F8483194F84E3124
:10E8B00063620023A3764EE7531E04EB8306D6ED76
:10E8C000416AB0EE487AA6EE268AA5EEA67A002B1B
:10E8D0008ED102238DE7236B83B9012323600522A8
:10E8E000A36A0133A362236A0133B3FBF2F202EBA2
:10E8F00082029B1A2362BDEC028B70BD013B236335
:10E90000EDE72046FFF760FEE9E72046FFF78AFEC5
:10E91000E5E7294620461EF0F0FBE0E72046FFF73A
:10E92000D9FDDCE700000000B449080010B5064935
:10E93000431E2D3013F8014F11F8012B834282EA58
:10E9400004021A70F6D110BD1FC604182DE9F04359
:10E9500004461746C28FA9B0C2F30E00013240BA76
:10E96000C2F30E0285B2ADF81000E2871BB145F08C
:10E970008005ADF810500DF1120301F1100251F8AD
:10E98000040B914243F8040BF9D10025122312AA7B
:10E99000204604A925701EF055FC294620461EF08D
:10E9A00027FC29462A462B464FF0010C4D4E8DF888
:10E9B0006C00581CF35C4D1C002B5FD10C282946C1
:10E9C00057D1B5F5947F40F08A800DF10408651C9D
:10E9D000414694F83D2028461EF020FF062294F878
:10E9E0003D300133B3FBF2F102FB113384F83D30CB
:10E9F00093B994F840307BB1284604F11F0304F129
:10EA00003B0253F8041B934240F8041BF9D11B88C6
:10EA10000380002384F840301CAE1FAC09AD98E899
:10EA2000070086E807000FCD0FC40FCD0FC42B6879
:10EA3000304623801EF05BFC3046FFF777FF3A46F6
:10EA4000294B26AC1B8822F8023B334603CBA3425A
:10EA5000106051601E4602F10802F6D1186810607D
:10EA60009B889380BDF8100040BA80B229B0BDE801
:10EA7000F083B5F5947FA8D003469AE70DF1A0097D
:10EA8000D34309EBD109C9430DF1A00819F8589CEB
:10EA900002F1010E03F0070308EBD20201F00701B7
:10EAA00012F87C8C49FA01F10CFA03F35BB211F015
:10EAB000010F28EA030808BF00230C2808BF002024
:10EAC00048EA0303B5F5947F294602F87C3C3FF4FD
:10EAD0007CAFBEF5887F3FF478AF7246CCE718462E
:10EAE000CAE700BF55C6041816C604182DE9F04140
:10EAF000002406469AB01A23047015460CAA1EF08C
:10EB0000A1FB214630461EF073FB234621462246D8
:10EB1000264F8DF86400541CBA5C5E1C3ABB082C6E
:10EB200033461FD1B6F5D47F3DD168461EF0DFFBDA
:10EB30006846FFF7FBFE2A461D4B0AAD1B8822F8EC
:10EB4000023B6B461C4603CCAC421060516023462E
:10EB500002F10802F6D120681060A38893801AB0F1
:10EB6000BDE8F081B6F5D47FDFD02246D3E71AAAFC
:10EB700002EBD302DB4312F8382C03F007031A41EF
:10EB8000684602F0010201F101081EF09FFB082C0B
:10EB900008BF0024B6F5D47F3346C6D0B8F5B87F99
:10EBA000C3D04146E1E71446DFE700BF4DC6041875
:10EBB00019C604182DE9F0410F4606469CB00846D8
:10EBC00015461EF016FE3B46721C07F11C0153F859
:10EBD000040B8B4242F8040BF9D100241B88384601
:10EBE000138034701EF019FE1E2301460CAA304615
:10EBF0001EF028FB214630461EF0FAFA2346214635
:10EC00002246264F8DF86C00541CBA5C5E1C3ABB41
:10EC10003D2C33461FD1B6F5F47F3DD168461EF03A
:10EC200066FB6846FFF782FE2A461D4B0AAD1B882D
:10EC300022F8023B6B461C4603CCAC42106051608C
:10EC4000234602F10802F6D120681060A388938061
:10EC50001CB0BDE8F081B6F5F47FDFD02246D3E7E3
:10EC60001CAA02EBD302DB4312F8402C03F007038B
:10EC70001A41684602F0010201F101081EF026FB6C
:10EC80003D2C08BF0024B6F5F47F3346C6D0B8F556
:10EC9000B87FC3D04146E1E71446DFE761C60418F8
:10ECA0001CC604180F2908B505D90A4610230749C0
:10ECB000074825F082FA01238B40016812B11943FD
:10ECC000016008BD21EA0301FAE700BF9EC60418EF
:10ECD000AAC604182DE9F04F05464FF0000985B08B
:10ECE00000EB8307CDE90112314BDFF8C8B048379C
:10ECF0000093009A1BF8014B12F8013B2868009220
:10ED0000019A30F81960A41A029A002CA3EB0203AE
:10ED1000B8BF6442002BB8BF5B421C4400EB490300
:10ED2000B3F81080A2B208F1040316FA84F49B1A17
:10ED30009BB2A4B20436B61A90449C424FEA490AE8
:10ED4000B6B21FFA88F8039320D301225146384601
:10ED5000FFF7A8FF6A68039B22F81A3046450AF1BC
:10ED600001041CD3012221463846FFF79BFF6B6844
:10ED700023F8148009F10109B9F1080FB9D1D5E9D7
:10ED80000023C5E9003205B0BDE8F08F00225146EE
:10ED90003846FFF787FF6B6823F81A40DEE700224A
:10EDA00021463846FFF77EFF6B6823F81460E1E7E1
:10EDB0005DC7041865C7041870B505460E4600F116
:10EDC0004F0488B020461EF0CAFA314601AA154BFE
:10EDD00005F16C001EF0AEFB002101AA12F8013B08
:10EDE00019294FEA8303DBB205D10E288DF81D30B7
:10EDF00008D908B070BD1578013143EA951302F8BF
:10EE0000013CEBE7234601AA07AD144603CCAC4214
:10EE100018605960224603F10803F6D122881A804F
:10EE2000E7E700BFDEC60418F0B50D46044695B00E
:10EE300001F10C073946284603AA1EF088FA20463D
:10EE400003AA01A91EF028FB40B39DF80910019800
:10EE500001EB810304F11F06F050F2189DF8083011
:10EE60001371012223788A401343DBB23F2B2370B6
:10EE700014D130461EF0C5FC58B13346621C04F173
:10EE80003B0153F8040B8B4242F8040BF9D11B8869
:10EE900013800023304623701EF06BFC38460BAA0B
:10EEA00005F12E011EF053FA0C4B06AA0BA904F132
:10EEB0006C001EF0CEFB0E280DD806AB3D340AAD1B
:10EEC0001A4603CAAA4220606160134604F108048E
:10EED000F6D11388238015B0F0BD00BFE6C6041834
:10EEE0002DE9F04F0024054689B0884600F16C0AF0
:10EEF00069469430ADF800401EF013FB694605F1F9
:10EF00007400ADF8004027461EF00BFB264640F289
:10EF1000011BDFF8F49019F80430ADF800B0611C63
:10EF200063B1FA43FB0818F8033002F007021341FB
:10EF300003F001035B008DF8003001373D2961D0FB
:10EF400019F80130023463B1FA43FB0818F80330B2
:10EF500002F00702134103F001035B008DF801305A
:10EF600001373D2C334650469DF801209DF8001096
:10EF700008BF0024FFF7AEFEB7F5B87F06F1010326
:10EF80003ED30023F02001242E3605EB86060246F0
:10EF9000190956F8047D04FA01F10F4000F1FF3021
:10EFA00008A9C2F100024FEA530301EBD00C02F0B2
:10EFB00007021CF8201C18BF63F07F0304FA02F25A
:10EFC00052B218BFDBB2002F21EA020108BF0022B3
:10EFD0000A430CF8202C0028D9D16A466B1C06ADD8
:10EFE000144603CCAC4218605960224603F1080372
:10EFF000F6D120681860A2889A8009B0BDE8F08F29
:10F000001E4688E701249FE7F2C60418F0B50C46B7
:10F010009BB08D1C294601AA064620461EF097F992
:10F02000284602AA04F130011EF091F9002331486C
:10F0300002AA147810F8011B013361402E2B02F84C
:10F04000011BF6D100215C274FF4B874012507FBA2
:10F0500001F32D334B43B3FBF4F204FB12330DF1F8
:10F06000680ECA430EEBD30EDB431AA81EF860EC01
:10F0700000EBD10C02F0070203F007031CF8300C80
:10F080004EFA03F305FA02F252B213F0010F20EA2E
:10F09000020008BF0022013140EA0203B1F5B87F47
:10F0A0000CF8303CD3D102AC0EAD0FCD0FC40FCD58
:10F0B0000FC495E80F0007C4304601A923801EF055
:10F0C00099F9022804460AD003280DD0012803D15B
:10F0D000304602A9FFF704FF20461BB0F0BD3046C2
:10F0E00002A9FFF7A1FEF7E7304602A9FFF764FE89
:10F0F000F2E700BF2FC70418084991F8E93000EB88
:10F100001310424202F00F0200F00F0058BF5042AD
:10F1100060F3071381F8E930704700BF9C3808009E
:10F12000024B1B791844002343707047C82F080016
:10F13000074A92F8D9301844C0B2642828BF642026
:10F14000052838BF052082F8D9001CF099BA00BF05
:10F150009C38080038B50446FBF778FA90F90E3071
:10F160000246002B857B17DAC38A0C494B43A34226
:10F1700012D8838A4B43A34234BF002001206B0680
:10F1800009D5538A05494B43A34204D8138A4B43FC
:10F19000A34228BF012038BD0020F0E740420F0005
:10F1A000F0B51F4E044696F8D2300F4699B0D3B151
:10F1B00022220021684618F04BFF6846B6F8D410AA
:10F1C0001CF049FA002C03DBBDF82030A34204DC1C
:10F1D0004FF0FF35284619B0F0BDB6F8D400A1B203
:10F1E0001CF03CFA00B281B268461CF031FA431CB4
:10F1F0000546EDD0DDF80600FFF7ACFF0028E9D0AA
:10F20000DDF80A00FFF7A6FF0028E3D05E2269467A
:10F210000448B482F1F7CCFC01233B70DAE700BF6D
:10F220009C380800B238080038B50B4C05462379E5
:10F23000C05C18B15F2801D01CF096FE0022237933
:10F24000EA5423791BB1013B2371627138BD002060
:10F250000021C4E90201F8E7C82F08002DE9F84FA2
:10F2600014469A4681460E461CF0D9F907462046B8
:10F2700088461CF075FC0546BAF1000F09D02B4BEF
:10F2800053F8200019F09EFA10F0FF0207D1BDE8F4
:10F29000F88F274B53F8200019F094FAC2B2254C8E
:10F2A0002379B342F3D2D4E902C1013EB7EB0C0E8D
:10F2B00068EB0100B34294F803B01DD1BEF52F7F77
:10F2C00070F10000E3DAAB45E1D15CEA01011DD148
:10F2D00063792279BAF1000F25D0144951F825102D
:10F2E000CB5C09F80230237919F803001CF03CFECE
:10F2F000C4E90278E570CAE75CEA0101E8D0AB45F1
:10F300000CD1BEF52F7F70F1000007DA6679013667
:10F31000B6FBF2F302FB13666671D9E70133237182
:10F3200000236371D4E70249D8E700BF38660418A8
:10F3300068660418C82F080038B50B4D95F8EA30F8
:10F3400060F3041385F8EA30084B1C68FEF76CFB89
:10F3500095F8EA2004F58A740146C2F300122046AB
:10F36000BDE83840FEF7C8BA9C380800AC26080053
:10F3700038B50B4D95F8EA3060F3C30385F8EA30F1
:10F38000084B1C68FEF750FB95F8EA2064340146F0
:10F39000C2F3C0022046BDE83840FEF7ADBA00BF58
:10F3A0009C380800AC260800064A13783BB1013BA4
:10F3B000D8B21070B0FA80F04009FEF751BB0138A6
:10F3C000C0B2F6E7C82F0800064A01381378834216
:10F3D000AEBF0020581CC0B21070B0FA80F04009D7
:10F3E000FEF73EBBC82F0800F8B50A4600260021EC
:10F3F0000027054D0446C5E90267E970A98018F0A9
:10F4000027FE5F232370F8BDC82F080008B5104AF7
:10F4100092F8EA3013F0070314D1431C16D092F887
:10F42000EA30C3F30201084460F3020382F8EA30D1
:10F43000FDF70AFFBDE8084000280CBF1B20132081
:10F44000FEF72ABA042BEAD10128E7E708BD00BF7E
:10F450009C380800054B5A7812B100225A70704748
:10F4600003491A7048740120FEF7FABAC82F080041
:10F470009C38080010B5462492B0224668460549DB
:10F48000F1F796FB224669460348F1F791FB12B06B
:10F4900010BD00BFD45403183831090030B5184BE3
:10F4A0000246187848BB174B93F8E93003F00F0376
:10F4B0005C1E0E2C1BD8DFE804F0080808080808BA
:10F4C0000F0F0F0F0F1B1B1B1E0041F28830434311
:10F4D0009A4271F1000107E04EF66020063B43437B
:10F4E000D8179A4271EB0000ACBF0120002030BD5C
:10F4F00005480B3BF3E7054BEAE70020F7E700BFC1
:10F500004CD909009C380800A0BB0D0080EE3600E5
:10F510000F4A92F8701092F86F3001F00101C3F3B6
:10F52000000343EA4103DBB278B1013392F8701073
:10F53000580860F3000182F8701092F86F100120F3
:10F5400063F3000182F86F107047013BDBB2EDE717
:10F550009C38080010B51CF062F80124074BC3E981
:10F560000001074B1C70FFF785FF064B8822002126
:10F5700005481C7018F06CFD10BD00BFC02F0800BE
:10F58000342D08004DD90900C82F080007B5FBF736
:10F59000E9FF0C4B0C4800930C4B012205211B6822
:10F5A0000068FCF785F90A4B0A4800930A4B0122D0
:10F5B00002211B680068FCF77BF903B05DF804EBDF
:10F5C000FEF762BA6DC70418D296041879C70418FA
:10F5D0007B390800CE9604187DC7041808B54FF48F
:10F5E000D27202490248F1F7E3FA08BD9C380800DC
:10F5F000D44D08002DE9F04FB14AB249137809788B
:10F60000064699429FB052D0AF49DFF8D8B251F8C0
:10F610002350013303F00F0313700123DFF8C88276
:10F620008BF8003098F80030C5F39D0913B1002322
:10F630008BF80030FAF7ACFFA44C034694F8D820BE
:10F6400005F0030A002A56D1A0BBA37A1BB31BF016
:10F65000E6FF05460F46BAF1000F60D0BAF1010F80
:10F6600025D1FEF75BFB90BB994B227C1B7C9A4219
:10F670002DD1984AD2E90001281A67EB0101FFF762
:10F680000DFFA0B198F8000088B901238BF80000A5
:10F6900088F800302AE019236374BAF1000F06D10C
:10F6A000032D04D9012384F811A084F8D8301FB0A9
:10F6B000BDE8F08F884A127812BB1BF0B0FF0546F8
:10F6C0000F46BAF1000F2AD0BAF1010FEFD1814BEA
:10F6D000C3E9005798F80030002BE8D0002388F8E1
:10F6E0000030012394F8D9008BF800301FB0BDE83A
:10F6F000F04F1BF0C5BF784A127832B10028A6D06F
:10F70000002275490A7075490A7003931BF087FF40
:10F71000039B05460F46BAF1000F42F0CD85FEF778
:10F7200083F96C4B0390C3E9005798F80030C9F394
:10F730005C07BBB917F4802F684D20D0012194F8E5
:10F74000EA302970DA0621D5634B19F0010F1A78D7
:10F7500036D0002A36D119704FF448700721FDF7D2
:10F7600079FD13E0002388F80030012394F8D900D4
:10F770008BF800301BF084FF7903DBD497E7564BFE
:10F780001B78002B00F00F8101232B7048461CF0E2
:10F79000DFF9DFF8588188F80300FEF745F998F89B
:10F7A00003300546013B082B56D8DFE813F0110063
:10F7B00025006B00A100B300C000D600E300E50007
:10F7C000002AE3D0002207214FF4C8701A70C6E760
:10F7D00094F81680B8F1010F3ED14046FFF798FE2D
:10F7E00086F8008094F8702045F00803DBB294F8A6
:10F7F0006F000093530828E0A37D012B2CD194F8CF
:10F8000070303222012B91BF3123C3F346037F3383
:10F8100003F07F03B3FBF2F102FB113394F8702085
:10F8200003F07F0363F3470284F8702094F86F209D
:10F8300063F34702012384F86F20337094F870203B
:10F8400094F86F0022FA03F30095410802F00102D8
:10F8500000F00100FDF756FE214B1F4200F095809D
:10F8600094F8DB30002B3FF422AF013B84F8DB300F
:10F8700001232946337094F8DB001FB0BDE8F04F38
:10F880001CF0A0BBA17D0129E6D1322094F87020A4
:10F89000C2F34603013303F07F03B3FBF0FC00FB2C
:10F8A0001C3303F07F0363F3470284F8702094F85D
:10F8B0006F2063F3470284F86F20317092E700BF36
:10F8C0004BD909004AD90900944D08009C3808001A
:10F8D000D44D0800C02F08004FD909004ED90900A7
:10F8E00000800108342D08004CD90900C82F0800F9
:10F8F000A17D0129B0D1E37D5A1C02F0010262F31F
:10F900000103E3753170E07D294600F00300FDF747
:10F9100073FDA1E7A37D0146012B0CBF0323012347
:10F92000A37501233370A07DFDF740FD94E7A16925
:10F9300040F6C412B1F57A7F0DD041F2883391427E
:10F9400018BF4FF47A73A361012333702946A0696D
:10F95000FDF776FD80E71346F5E76FF00400FFF74B
:10F96000E7FBA94B2946186894F8D92044301CF0CD
:10F9700087FB71E70520F2E798F802301BB90123F5
:10F9800088F8023068E70023FAE717F4103F03D144
:10F99000B7F1805FFFF48BAE94F8DB300E2B3FF6AF
:10F9A00086AE013362E72B7094F8D73033B117F489
:10F9B000006302BF84F8D73001233370637C07F4FF
:10F9C00000581A460493182A02F2D781DFE812F091
:10F9D00019007A03BB04D511D5113206BC06BC064A
:10F9E000BC06D511DD075C08D108D108F1085E0915
:10F9F000D511D5119609D511CC0A1D0C4D0F1B1030
:10FA0000631194F8A03123B1002384F8A0310123BD
:10FA10003370A27DDFF8F8B1012A9BF802A04ED125
:10FA200029F0404121F00101B1F5805F2BD19BF815
:10FA30000110BAF1000F71D181B3637C002B40F04B
:10FA400060823B0340F18D8294F8EA3003F00703B3
:10FA5000012B40F286821CF0A9FABFB257B194F88C
:10FA6000EA3003F00703012B04D1032140F2EE201A
:10FA7000FDF7F0FBB8F1000F3FF419AE1FB0BDE881
:10FA8000F04F03F0A3BBBAF1000F03D0637C002B4F
:10FA9000D7D036E29BF80130002BF7D1FB0440F1C0
:10FAA000D680637C8BF88430052363742B78002B1D
:10FAB00002F0B181012384F8A0313370C1E7BAF1BB
:10FAC000000FE3D19BF801100029E7D0032ADDD114
:10FAD00017F4805034D04FF001090BF17600FFF796
:10FAE0001FFB0A220BF17601484818F0C3FE8BF881
:10FAF00001A086F800905046039A9BF80110FDF78C
:10FB0000AFFD637CA3B1022B2B780AD0002B02F04F
:10FB1000EE8184F8A09186F8009092E70029B5D193
:10FB2000BCE7002B8DD084F8A09186F8009088E780
:10FB30002B78002B85D0012384F8A031337080E727
:10FB400017F4006322D04FF001098BF8010084F80C
:10FB5000EC0086F80090039A9BF80110FDF780FDF9
:10FB6000637C002BE4D0022B2B7807D0002B02F013
:10FB70004C8184F8A09186F8009062E7002B3FF456
:10FB800060AF84F8A09186F800905AE7B8F1000FB2
:10FB900002D08BF8013079E717F4703F19D00BF1E0
:10FBA0007600FFF741FB637C002BC1D0022B2B7842
:10FBB00007D0002B02F0AD81012384F8A03133700F
:10FBC0003FE7002B3FF43DAF012384F8A0313370B1
:10FBD00037E748461BF0B6FFE0B9627C2B78002A75
:10FBE000A7D0022A07D0002B02F08D81012384F8D0
:10FBF000A031337025E7002B3FF423AF012384F8B5
:10FC0000A03133701DE700BFAC260800883908001A
:10FC1000C82F080001234A4609210BF17600FFF79F
:10FC20001DFB637C002B83D0022B2B7807D0002B8D
:10FC300002F06381012384F8A031337001E7002BC7
:10FC40003FF4FFAE012384F8A0313370F9E6B8F138
:10FC5000000F40D05E22B1498818F0F7A9FF314665
:10FC6000B4F91400FFF79CFA013016D1627C2B78AE
:10FC7000002A3FF45EAF022A07D0002B02F08E81EB
:10FC8000012384F8A0313370DBE6002B3FF4D9AEBA
:10FC9000012384F8A0313370D3E60223039AA18AAA
:10FCA0009E486374FDF734FB637C002B3FF440AF48
:10FCB000022B2B7807D0002B02F09A81012384F8C5
:10FCC000A0313370BDE6002B3FF4BBAE012384F8B6
:10FCD000A0313370B5E6380527D5032A40F02584D6
:10FCE0004FF001090A218E488BF80190FFF77CFB49
:10FCF0004046039A9BF80110FDF7B2FC637C002B91
:10FD00003FF416AF022B2B7807D0002B02F03D8179
:10FD100084F8A09186F8009093E6002B3FF491AE12
:10FD200084F8A09186F800908BE67E4B3B40002B38
:10FD30006BD094F8A131DFF8F49159F82300E3690E
:10FD40001844FFF707FAB0B9627C2B78002A3FF419
:10FD5000F0AE022A07D0002B02F00B81012384F8B9
:10FD6000A03133706DE6002B3FF46BAE012384F8B5
:10FD7000A031337065E694F8A13159F82300236A65
:10FD80001844FFF7E7F9B0B9627C2B78002A3FF4FA
:10FD9000D0AE022A07D0002B02F01E81012384F886
:10FDA000A03133704DE6002B3FF44BAE012384F8B5
:10FDB000A031337045E694F8A13159F823204FF073
:10FDC0000109E3691344E361236A1344236286F85B
:10FDD0000090039AD4E907011CF0AAF8637C002B79
:10FDE0003FF4A6AE022B2B7807D0002B02F0BB808D
:10FDF00084F8A09186F8009023E6002B3FF421AE12
:10FE000084F8A09186F800901BE6474B3B40002BFE
:10FE100069D0DFF8189194F8A131E06959F82330DE
:10FE2000C01AFFF797F9B0B9627C2B78002A3FF42B
:10FE300080AE022A07D0002B02F08F80012384F8C5
:10FE4000A0313370FDE5002B3FF4FBAD012384F8B6
:10FE5000A0313370F5E594F8A131206A59F82330C8
:10FE6000C01AFFF777F9B0B9627C2B78002A3FF40B
:10FE700060AE022A07D0002B02F0A880012384F88C
:10FE8000A0313370DDE5002B3FF4DBAD012384F8B6
:10FE9000A0313370D5E594F8A13159F82320E369F6
:10FEA0009B1AE361236A9B1A236201233370039A2E
:10FEB000D4E907011CF03CF8637C002B3FF438AE1A
:10FEC000022B2B7807D0002B02F04180012384F80D
:10FED000A0313370B5E5002B3FF4B3AD012384F8B6
:10FEE000A0313370ADE5390344D594F8EA301FFAF8
:10FEF00087FA03F00703012B1AD8637C002B01F06B
:10FF00005887022B3FF49DAD94F8A031002B7FF46D
:10FF100098AD012384F8A031337092E5B23808001F
:10FF20003E30080000400010008000089462041871
:10FF300019F0010F1BD0FF234146B4F8D420B34879
:10FF40001CF09AF8637C002B01F02B87022B2B7896
:10FF500001F02887002B02F0A580012384F8A0314E
:10FF60003370607C049B834240F0338375E51CF062
:10FF70001DF8E7E7FA0242D5A54B1FFA87F91A7870
:10FF8000CAB1032083F80080FAF742FB637C002BA0
:10FF900001F02C82022B2B7807D0002B01F0CB87AD
:10FFA000012384F8A03133704BE5F3B1012384F8C9
:10FFB000A031337045E5012203201A70FAF718FBCF
:10FFC000637C002B01F01282022B2B7807D0002BD0
:10FFD00001F0F687012384F8A031337031E523B1B5
:10FFE000012384F8A03133702BE5607C002840F0B9
:10FFF000F082B9F1000F7FF432ADFFF758BB4846ED
:020000041801E1
:100000001BF09AFDF0B9627C2B78002A01F0EF8199
:10001000022A07D0002B01F0CD87012384F8A031FC
:1000200033700EE523B1012384F8A031337008E565
:10003000607C002840F0CD82BFB2002F7FF40FAD6E
:10004000FFF735BB012140466174ABF804101BF08B
:100050009CFF48461BF07CFDFCF7FEFEFCF7F0FF22
:100060004846CBE904881BF073FD414664224FF0FB
:100070000A0E9BF804C0DBF810308BF80300CCF1BB
:10008000070C8C4512DC02FB0033607CCBF810308F
:100090002B78002801F0AB8102280BD0002B01F057
:1000A0008387012384F8A0313370CAE40EFB02F287
:1000B0000131E6E7002B00F08C82012384F8A031A7
:1000C0003370BEE417F4805350D0DFF84891FCF74A
:1000D00099FE99F805A0BAF1000F1CD14FF4807376
:1000E000D9F81000A9F80430FDF73EF95146012077
:1000F0001BF04BFFFCF7A4FF637C002B3FF418AD13
:10010000022B2B782AD0002B01F07887012384F86A
:10011000A031337095E4BAF1010FEBD1D9E90403B2
:100120000BB9C9F81400FFF715F898B1D9F8140005
:10013000FFF710F870B10122D9F81030E361D9F857
:10014000143023623270D4E907011BF0F1FE002362
:100150006374CFE70120FDF7A3F9F8E7002B3FF424
:1001600070AC012384F8A03133706AE4B8F1000F59
:1001700001D0637465E417F4404F2BD0DFF89490FE
:1001800099F80530BBB90120039989F805001BF0E7
:10019000FCFE0023627C89F804302B78002A3FF4AF
:1001A000C8AC022A0ED0002B01F03A87012384F854
:1001B000A031337045E4012BEBD14046039989F817
:1001C0000580E4E7002B3FF43CAC012384F8A03128
:1001D000337036E448461BF0AFFCE8B9637C002B73
:1001E0003FF4A6AC022B2B7807D0002B01F012872E
:1001F000012384F8A031337023E4002B3FF421ACB9
:10020000012384F8A03133701BE400BFB23808002A
:1002100049D90900C82F0800DFF870A49AF8043003
:1002200001338AF80430FCF7EDFD48461BF090FCE2
:100230008AF80300FCF710FE9AF80430032B02D171
:100240006920FCF7E9FD9AF80530CBBB9AF8042049
:100250000021012A08BFCAF810304FF00A096423B0
:10026000DAF810009AF803C0C2F1070E8E4523DCBD
:1002700003FB0C00062ACAF810000BD9FDF774F82E
:100280004D20FCF7C9FD4FF48073AAF80430002319
:10029000CAF81430FCF7D4FE637C002B3FF448AC62
:1002A000022B2B7846D0002B01F0AE86012384F878
:1002B000A0313370FFF7C5BB09FB03F30131D5E76C
:1002C000012BE7D19AF804300020012B08BF00224F
:1002D0004FF064014FF00A0908BFCAF81420DAF899
:1002E00014209AF803C0C3F1070E86451EDC01FBFB
:1002F0000C22062BCAF81420CCD9DAF81000FEF72D
:1003000029FF80B1DAF81400FEF724FF58B101226A
:10031000DAF81030E361DAF8143023623270D4E98D
:1003200007011BF005FE00236374B3E709FB01F12D
:100330000130DAE7002B3FF484AB012384F8A031CD
:100340003370FFF77EBB94F8A03123B1002384F80B
:10035000A03101233370DFF834A39AF80230002B68
:100360007FF494AB07F4805205929AF801201FFAAB
:1003700087FB002A00F0B480059A8AB10AF1760062
:1003800003930A22FEF7CCFE0AF17601B94818F071
:1003900071FA039B8AF8013001233370FFF776BBB3
:1003A00017F4006303D0059B84F8EC30F2E7B8F152
:1003B000000F13D08AF80130637C002B3FF441AB6F
:1003C000022B3FF43EAB94F8A031002B7FF439AB05
:1003D000012384F8A0313370FFF733BB3B0325D5ED
:1003E00094F8EA3003F00703012B05D8637C002B57
:1003F0007FF487AD4046ECE019F0010F00F0B180CA
:10040000FF23B4F8D420A18A9B481BF035FE637CFF
:10041000002B01F0BD84022B2B787FF49BAD002BC9
:100420007FF49BAD607C022801F01EB817F4703F8A
:100430001BD00AF17600FEF7F7FE637C002B00F07C
:10044000D587022B2B7808D0002B01F0FB850123E8
:1004500084F8A0313370FFF7F4BA002BE2D0012307
:1004600084F8A0313370FFF7ECBA48461BF06AFB02
:10047000B8B9627C2B78002A00F0B987022A08D02C
:10048000002B01F0D985012384F8A0313370FFF7E8
:10049000D8BA002BC6D0012384F8A0313370FFF7FF
:1004A000D0BA01234A4609210AF17600FEF7D6FEAA
:1004B000637C002B00F09A87022B2B7808D0002B4E
:1004C00001F0B485012384F8A0313370FFF7B9BA85
:1004D000002BA7D0012384F8A0313370FFF7B1BA05
:1004E000059B23B1637C8AF88430FFF7DDBAB8F14D
:1004F000000F0BD061495E22A1F15E00F0F758FBBE
:1005000001233370059B6374FFF79BBA380515D53B
:10051000A37D032B09D101230A210AF176008AF871
:100520000130FEF761FFFFF7B1BA94F8D730002B26
:100530007FF4ACAA012384F8D7302EE7390313D512
:1005400094F8EA3003F00703012B7FF64FAF19F060
:10055000010F06D0A18AFF230131B4F8D42089B25B
:1005600052E71BF023FD52E7454B3B402BB3A08ADB
:100570003146013000B2FEF713FEA18A039A013121
:100580003D4889B2FCF7C4FE637C002B00F02E8747
:10059000022B2B7808D0002B01F06C85012384F806
:1005A000A0313370FFF74DBA002B3FF43BAF01236E
:1005B00084F8A0313370FFF744BA324B3B409BB90B
:1005C000637C002B7FF49DAC607C049B83423FF4F2
:1005D00033AD94F8EA3003F00703022B7FF63DAA0F
:1005E000FDF7A6F9FFF739BAA08A3146013800B203
:1005F000FEF7D6FDA18A039A01311F4889B2FCF7A4
:1006000087FE637C002B00F0F186022B2B7808D04C
:10061000002B01F02985012384F8A0313370FFF706
:1006200010BA002B3FF4FEAE012384F8A0313370E2
:10063000FFF707BA144B3B4053B30620FEF7B4FE56
:10064000637C002B3FF474AA022B2B7808D0002B7C
:1006500001F01685012384F8A0313370FFF7F1B95A
:10066000002B3FF4EEA9012384F8A0313370FFF78B
:10067000E8B900BF88390800B2380800103908000E
:10068000004000100080000800400008C82F08004B
:10069000B54B3B40DBB10620FEF796FE637C002B9A
:1006A0003FF446AA022B2B7808D0002B01F0D1830F
:1006B000012384F8A0313370FFF7C3B9002B3FF456
:1006C000C0A9012384F8A0313370FFF7BAB9FA0446
:1006D00018D5A64B1A78052A06D8DFE802F00309D8
:1006E0000B0D0F110622627400221A70FFF7CEB9AB
:1006F0000722F8E70822F6E70A22F4E70E22F2E7DB
:100700000F22F0E7B8F1000F3FF4D0A9974B93F810
:100710008400FEF79FFE637C002B3FF409AA022BA6
:100720002B7808D0002B01F0B184012384F8A0318C
:100730003370FFF786B9002B3FF483A9012384F8B7
:10074000A0313370FFF77DB9894B3B40DBB101200D
:10075000FEF72AFE637C002B3FF4EAA9022B2B78DC
:1007600008D0002B01F0A684012384F8A031337057
:10077000FFF767B9002B3FF464A9012384F8A03187
:100780003370FFF75EB9784B3B40002B75D0049B6C
:10079000DFF8D891062B99F8001023D106A81AF09B
:1007A0005AFF013018BF99F80030627C1CBF01333A
:1007B00089F800302B78002A3FF4BBA9022A08D020
:1007C000002B01F08F84012384F8A0313370FFF7F0
:1007D00038B9002B3FF435A9012384F8A0313370D8
:1007E000FFF72FB9049B0131072B06A822D11AF07D
:1007F0002FFF013018BF99F80030627C1CBF013315
:1008000089F800302B78002A3FF493A9022A08D0F7
:10081000002B01F02483012384F8A0313370FFF70B
:1008200010B9002B3FF40DA9012384F8A0313370D7
:10083000FFF707B91AF009FF013018BF99F8003027
:10084000627C1CBF013389F800302B78002A3FF40A
:1008500070A9022A08D0002B01F03E84012384F8FD
:10086000A0313370FFF7EDB8002B3FF4EAA8012365
:1008700084F8A0313370FFF7E4B8FB045DD5049B26
:10088000062B24D1DFF8E49099F80010A9B984F878
:10089000D21099F80030013BA4F8D43099F8843094
:1008A00023B95E2233498818F0F782F931460020D7
:1008B000FEF776FC0223637409E00123013989B253
:1008C00006A884F8D2301AF0C6FE0130E1D1627C6D
:1008D000072A17D02B78002A3FF42BA9022A08D028
:1008E000002B01F0ED83012384F8A0313370FFF772
:1008F000A8B8002B3FF4A5A8012384F8A0313370D9
:10090000FFF79FB8DFF8649099F8843023B95E222E
:1009100018498818F0F74CF9314699F80000FEF7AD
:100920003FFC022363742B78002B3FF48AA8012339
:1009300084F8A0313370FFF784B8B8F1000F3FF4AA
:1009400042AD0520FEF786FD637C002B3FF4F0A846
:10095000022B2B7810D0002B01F0CA83012384F8DE
:10096000A0313370FFF76DB800800010C82F080069
:1009700000400008B2380800002B3FF462A80123B1
:1009800084F8A0313370FFF75CB8AF4B3B40DBB16C
:100990000620FEF709FD637C002B3FF4C9A8022B5B
:1009A0002B7808D0002B01F0AF83012384F8A0310D
:1009B0003370FFF746B8002B3FF443A8012384F8B7
:1009C000A0313370FFF73DB8A04B3B40DBB10620B0
:1009D000FEF7FAFC637C002B3FF4AAA8022B2B78CD
:1009E00008D0002B01F04182012384F8A03133703C
:1009F000FFF727B8002B3FF424A8012384F8A03187
:100A00003370FFF71EB8F80415D5914B1A78052AF4
:100A10007FD8DFE802F00306080A0C0E1222627487
:100A200077E01422FBE71522F9E71622F7E71722F1
:100A3000F5E71822F3E7B8F1000F09D12B78002B66
:100A400001F06E83012384F8A0313370FEF7F9BF03
:100A50000520FEF7FFFC637C002B3FF469A8022B06
:100A60002B7808D0002B01F05583012384F8A031A6
:100A70003370FEF7E6BF002B3EF4E3AF012384F8AA
:100A8000A0313370FEF7DDBF6F4B3B40DBB106207A
:100A9000FEF78AFC637C002B3FF44AA8022B2B78DC
:100AA00008D0002B01F04883012384F8A031337073
:100AB000FEF7C7BF002B3EF4C4AF012384F8A0317A
:100AC0003370FEF7BEBF614B3B40DBB10620FEF743
:100AD0007BFC637C002B3FF42BA8022B2B7808D0E7
:100AE000002B01F0C881012384F8A0313370FEF798
:100AF000A8BF002B3EF4A5AF012384F8A0313370CA
:100B0000FEF79FBFF9040BD5514B1A7822B1012A89
:100B100004D000221A704FE40C2280E70D227EE7F9
:100B2000B8F1000F09D12B78002B01F011830123BC
:100B300084F8A0313370FEF784BF0520FEF78AFCED
:100B4000637C002B3EF4F4AF022B2B7808D0002BF3
:100B500001F0F882012384F8A0313370FEF771BFF1
:100B6000002B3EF46EAF012384F8A0313370FEF702
:100B700068BFB8F1000F3FF426AC0520FEF76AFC11
:100B8000637C002B3EF4D4AF022B2B7808D0002BD3
:100B900001F07781012384F8A0313370FEF751BF53
:100BA000002B3EF44EAF012384F8A0313370FEF7E2
:100BB00048BF254B3B40DBB10920FEF7F5FB637CCA
:100BC000002B3EF4B5AF022B2B7808D0002B01F0A0
:100BD000D182012384F8A0313370FEF732BF002B9D
:100BE0003EF42FAF012384F8A0313370FEF729BF04
:100BF000164B3B40DBB10920FEF7E6FB637C002B84
:100C00003EF496AF022B2B7808D0002B01F03F81E9
:100C1000012384F8A0313370FEF713BF002B3EF49C
:100C200010AF012384F8A0313370FEF70ABFB8F18A
:100C3000000F0FD12B78002B01F0A882012384F83C
:100C4000A0313370FEF7FDBE0040000800800010A8
:100C5000C82F08000520FEF7FDFB637C002B3EF447
:100C600067AF022B2B7808D0002B01F0898201237B
:100C700084F8A0313370FEF7E4BE002B3EF4E1AE01
:100C8000012384F8A0313370FEF7DBBEB04B3B404C
:100C900073B1B04A13780BB1013B13702B78002B62
:100CA00001F0FB80012384F8A0313370FEF7C9BE48
:100CB000A94B3B401BB1A74A13780133EDE7B8F1CC
:100CC000000FEBD00520FEF7C5FB637C002B3EF444
:100CD0002FAF022B2B7808D0002B01F06982012363
:100CE00084F8A0313370FEF7ACBE002B3EF4A9AE01
:100CF000012384F8A0313370FEF7A3BE17F4803FC0
:100D0000944B07D15A78002A00F08D8093493940DE
:100D1000002962D01B78012B28D0022B4DD0002B4C
:100D200051D16FF00400FEF703FA8D4B94F8D920EF
:100D30001868039944301BF0A3F9637C002B3EF440
:100D4000F7AE022B2B7808D0002B01F05B82012339
:100D500084F8A0313370FEF774BE002B3EF471AE00
:100D6000012384F8A0313370FEF76BBE94F8E930AC
:100D70001A071FBFC3F3030202F1FF3262F303033A
:100D800084F8E930FCF70CFE637C002B3EF4D0AE17
:100D9000022B2B7808D0002B01F01682012384F857
:100DA000A0313370FEF74DBE002B3EF44AAE012356
:100DB00084F8A0313370FEF744BE94F8F63083F027
:100DC000010384F8F6302B78002B01F00F82012309
:100DD00084F8A0313370FEF734BE62490F4252D01E
:100DE0001B781BB3012BEED194F8E93003F00F020E
:100DF0000F2A1FBFC3F30302013262F3030384F817
:100E0000E930FCF7CDFD637C002B3EF491AE022B64
:100E10002B782FD0002B01F04680012384F8A031DD
:100E20003370FEF70EBE17F4003FD8E70520FEF73B
:100E30007FF94B4B94F8D9201868039944301BF084
:100E40001FF9637C002B3EF473AE022B2B7808D085
:100E5000002B01F0C581012384F8A0313370FEF727
:100E6000F0BD002B3EF4EDAD012384F8A0313370CA
:100E7000FEF7E7BD002B3EF4E4AD012384F8A0317A
:100E80003370FEF7DEBD32493940D9B10320FEF799
:100E90008BFA637C002B3EF44BAE022B2B7808D0F0
:100EA000002B01F0CD81012384F8A0313370FEF7CF
:100EB000C8BD002B3EF4C5AD012384F8A0313370CA
:100EC000FEF7BFBD24493940D9B10320FEF77CFAB3
:100ED000637C002B3EF42CAE022B2B7808D0002B29
:100EE00001F0A881012384F8A0313370FEF7A9BD79
:100EF000002B3EF4A6AD012384F8A0313370FEF739
:100F0000A0BDF80403D582F001025A705BE7B8F186
:100F1000000F3FF458AF0A20FEF79CFA637C002BC9
:100F20003EF406AE022B2B7808D0002B01F0708126
:100F3000012384F8A0313370FEF783BD002B3EF40B
:100F400080AD012384F8A0313370FEF77ABD00BF75
:100F500000400008C82F0800008000100080000832
:100F6000AC26080000400210DFF844B39BF801A053
:100F7000BAF1000F00F0D5809BF80030012B00F093
:100F8000A280022B00F0AA80D3B9F90421D5E2692E
:100F9000DBF88010039302EB01094846FEF7DAF80C
:100FA00070B1BB4AC4F82090106800F58870FCF757
:100FB00031F8DBF88000FCF7D7F9039B8BF80130A0
:100FC0009BF80020002A40F0A880B8F1000F0ED155
:100FD00029E0B8F1000F0FD0AD4A106800F5887015
:100FE000FCF718F8D4E90720801AFCF7BDF94FF098
:100FF000000A8BF801A054E017F4703F1BD00A22BE
:10100000DBF88000B0FBF2F102FB11003030C0B21F
:101010001AF0AAFF9BF8042042B1013A8BF8042091
:1010200000228BF805204FF0000A3AE00020002152
:10103000CBE90201F4E748461AF07EFD10B31AF03E
:10104000EEFA8246484603911AF082FD0A21DBF847
:1010500080208146A2FB012171B982180CD2303068
:10106000C0B2CBF880201AF07FFF039B8BF803906F
:10107000CBF808A0CBF80C309BF8042001328BF899
:101080000420D0E719F0010FCDD03A03CBD594F866
:10109000EA2002F00702012AC5D9DBF88000FCF73C
:1010A00063F9637C002B00F08A86022B00F08786B0
:1010B0002B78002B40F0928694F8A031002B40F062
:1010C000808600F08BBE734A17423FF479AFD4E9B3
:1010D0000712511AA2EB4102226271E717F4103F86
:1010E00002D1B7F1805F0CD394F8A1216A49013293
:1010F0000968D2B2B2FBF1F001FB102284F8A12101
:101100005EE7664A17423FF45BAF634A116894F8A2
:10111000A121013A0A44D2B2ECE7FB043FF567AFE4
:1011200053E75F4A3A40DAB10320FEF73DF9637CAA
:10113000002B3EF4FDAC022B2B7808D0002B00F0E6
:10114000B886012384F8A0313370FEF77ABC002BF7
:101150003EF477AC012384F8A0313370FEF771BC04
:10116000504A3A40DAB10320FEF72EF9637C002B97
:101170003EF4DEAC022B2B7808D0002B01F07880F7
:10118000012384F8A0313370FEF75BBC002B3EF4E2
:1011900058AC012384F8A0313370FEF752BCF80438
:1011A00014D501228BF801209BF800200AB9CBF856
:1011B000802000228BF804202B78002B01F04C803B
:1011C000012384F8A0313370FEF73BBCB8F1000F67
:1011D000F2D00A20FEF73EF9637C002B3EF4A8AC67
:1011E000022B2B7808D0002B01F03080012384F8EB
:1011F000A0313370FEF725BC002B3EF422AC012356
:1012000084F8A0313370FEF71CBCDFF8A4A09AF874
:101210000130002B00F05C829AF800301FFA87FB47
:10122000032B00F24182DFE813F0040027012B02B8
:10123000490217F480513DD01B48FDF771FF0A2287
:1012400019491A4817F016FB0021114B01221868A2
:10125000164BE4308AF801101AF026FF637C002B4D
:101260003EF466AC022B2B7808D0002B00F0C4872C
:10127000012384F8A0313370FEF7E3BB002B3EF46A
:10128000E0AB012384F8A0313370FEF7DABB00BF76
:10129000AC26080000C00318906204180080010802
:1012A00000400008008000103E3008007B39080034
:1012B000C82F0800B8F1000F21D0BD4B01221868DB
:1012C000BC4BE4308AF801101AF0EEFE637C002B70
:1012D0003EF42EAC022B2B7808D0002B00F0CE87EA
:1012E000012384F8A0313370FEF7ABBB002B3EF432
:1012F000A8AB012384F8A0313370FEF7A2BB17F42A
:10130000703F1BD0AC48FDF78FFF637C002B3EF491
:101310000FAC022B2B7808D0002B00F08E85012318
:1013200084F8A0313370FEF78CBB002B3EF489AB00
:10133000012384F8A0313370FEF783BB48461AF0CE
:1013400001FCF0B101234A4609219B48FDF786FFC5
:10135000637C002B3EF4ECAB022B2B7808D0002BE7
:1013600000F0DD85012384F8A0313370FEF769BBFE
:10137000002B3EF466AB012384F8A0313370FEF7F6
:1013800060BB19F0010F18D1637C002B3EF4D0AB89
:10139000022B2B7808D0002B00F0E086012384F884
:1013A000A0313370FEF74DBB002B3EF44AAB012356
:1013B00084F8A0313370FEF744BB39031CD4607C41
:1013C000A0B102282B7808D0002B00F0478601231B
:1013D00084F8A0313370FEF734BB002B3FF4F9A83A
:1013E000012384F8A0313370FEF72BBB2B78002B40
:1013F0007EF4A1ABFFF7E8B894F8EA3003F00703F6
:10140000012B1CD8637CA3B1022B2B7808D0002BB6
:1014100000F04286012384F8A0313370FEF711BB3F
:10142000002B3EF411AB012384F8A0313370FEF79A
:1014300008BB2B78002B7EF47EABFEF7DBBF0122CE
:1014400011465B4B18685C4BE4301AF02DFE637C50
:10145000002B00F0A084022B2B787EF47BAD002BB8
:101460007EF47BAD607C15287FF4B3A8BBF1000F40
:101470007EF4F5AAFEF71BB917F480512DD04F4822
:10148000FDF74EFE34224D494D4817F0F3F9002187
:10149000474B012218684A4B00F5A6708AF8751070
:1014A0008AF801101AF000FE637C002B3EF440AB7A
:1014B000022B2B7808D0002B00F08C86012384F8B7
:1014C000A0313370FEF7BDBA002B3EF4BAAA012357
:1014D00084F8A0313370FEF7B4BAB8F1000F24D00D
:1014E000334B01221868364B00F5A6708AF8751048
:1014F0008AF801101AF0D8FD637C002B3EF418AB7B
:10150000022B2B7808D0002B00F0C486012384F82E
:10151000A0313370FEF795BA002B3EF492AA012356
:1015200084F8A0313370FEF78CBA17F4703F1BD0EB
:101530002248FDF779FE637C002B3EF4F9AA022BCA
:101540002B7808D0002B00F06F86012384F8A0319F
:101550003370FEF776BA002B3EF473AA012384F8A9
:10156000A0313370FEF76DBA48461AF0EBFA48B373
:1015700043464A4634211148FDF770FE637C002B38
:101580003EF4D6AA022B2B7808D0002B00F09E85C3
:10159000012384F8A0313370FEF753BA002B3EF4D8
:1015A00050AA012384F8A0313370FEF74ABA00BF75
:1015B000AC2608007B3908003E30080008300800DF
:1015C0009439080019F0010F18D1627C2B78002A99
:1015D0003EF4AFAA022A08D0002B00F06786012350
:1015E00084F8A0313370FEF72CBA002B3EF429AA00
:1015F000012384F8A0313370FEF723BA3A0318D4DC
:10160000607C2B7800283FF4F2AE022808D0002B33
:1016100000F0C285012384F8A0313370FEF711BABF
:10162000002B3EF4D6AF012384F8A0313370FEF7CF
:1016300008BA94F8EA3003F00703012B18D8627C4B
:101640002B78002A3FF4F6AE022A08D0002B00F0D7
:10165000A985012384F8A0313370FEF7F2B9002B7D
:101660003EF4F2A9012384F8A0313370FEF7E9B902
:101670000122B64B11461868B54B00F5A670E4E69A
:10168000B44B3B4013B14FF0FF3003E0B24B3B4053
:1016900023B10120FDF730FDFEF78EBE17F4405F49
:1016A00002D000238AF801302B78002B00F08685C9
:1016B000012384F8A0313370FEF7C3B9A74B1F4252
:1016C000ECD094F8EB3083F0010384F8EB30EBE7D7
:1016D000FB045AD54FF001099AF800308AF80190BE
:1016E0006BB90A210AF17600FDF77EFE974B4A4658
:1016F000186849460AF17603E4301AF0D5FC9AF8E6
:101700000090B9F1010F18D0627C2B78002A3EF4CA
:1017100010AA022A08D0002B00F0B685012384F815
:10172000A0313370FEF78DB9002B3EF48AA9012356
:1017300084F8A0313370FEF784B9352184488AF8E3
:101740007590FDF751FE814B4A4618684946804B1B
:1017500000F5A6701AF0A8FC637C002B3EF4E8A903
:10176000022B2B7808D0002B00F0A98384F8A091DD
:1017700086F80090FEF765B9002B3EF462A984F864
:10178000A09186F80090FEF75CB9754B3B40DBB149
:101790000420FDF709FE637C002B3EF4C9A9022B4F
:1017A0002B7808D0002B00F04E83012384F8A03161
:1017B0003370FEF746B9002B3EF443A9012384F8A9
:1017C000A0313370FEF73DB9664B3B40DBB10420DE
:1017D000FDF7FAFD637C002B3EF4AAA9022B2B78BF
:1017E00008D0002B00F0C084012384F8A0313370AE
:1017F000FEF727B9002B3EF424A9012384F8A03179
:101800003370FEF71EB9B80304D59AF80030022BE6
:101810003FF43FAFF90304D59AF80030022B3FF4B0
:1018200032AFB8F1000F3FF43FAF4FF001090A208B
:1018300086F80090FDF70EFE637C002B3EF478A93D
:10184000022B2B7808D0002B00F0028484F8A091A2
:1018500086F80090FEF7F5B8002B3EF4F2A884F865
:10186000A09186F80090FEF7ECB83F4B5A78002A1A
:1018700055D0B8F1000F01D000225A70187858B135
:1018800001283DD02B78002B00F03884012384F808
:10189000A0313370FEF7D5B82E4A3A400AB394F817
:1018A0007030012B96BF3122FE3362F3470384F878
:1018B0007030322194F870205308B3FBF1F001FB33
:1018C000103303F07F0363F3470284F8702094F829
:1018D0006F2063F3470284F86F2001233370FEF713
:1018E0006BBD1D4994F870203940500821B1134652
:1018F000411C61F34703DAE7FA0448BF5970D8E79F
:101900001449394011B1FDF703FEE6E7124A3A40A7
:101910000AB10846F7E7FD04DFD55A70DDE7104A43
:101920003A4062B30220FDF73FFD637C002B3EF49A
:10193000FFA8022B2B7819D0002B00F0C6820123C0
:1019400084F8A0313370FEF77CB800BFAC260800E5
:1019500008300800008000080040001000C0031894
:101960000040000800800010C82F0800002B3EF443
:1019700068A8012384F8A0313370FEF762B8BC4A2E
:101980003A40DAB10220FDF71FFD637C002B3EF4E4
:10199000CFA8022B2B7808D0002B00F03F84012326
:1019A00084F8A0313370FEF74CB8002B3EF449A800
:1019B000012384F8A0313370FEF743B8F80402D550
:1019C00001225A705EE7B8F1000F3FF45BAF0A20C6
:1019D000FDF740FD637C002B3EF4AAA8022B2B7878
:1019E00008D0002B00F05C84012384F8A031337010
:1019F000FEF727B8002B3EF424A8012384F8A03179
:101A00003370FEF71EB817F4803F9A4B06D15A7810
:101A1000002A7BD09849394000295FD093F8009084
:101A2000B9F1010F21D0B9F1020F3BD0B9F1000F8C
:101A300062D14846FDF780FC637C002B3EF478A819
:101A4000022B2B7808D0002B00F0D981012384F8D9
:101A5000A0313370FDF7F5BF002B3DF4F2AF012349
:101A600084F8A0313370FDF7ECBF4FF0FF30FDF785
:101A7000CDFC637C002B3EF45BA8022B2B7808D0B6
:101A8000002B00F0EF8384F8A09186F80090FDF71A
:101A9000D8BF002B3DF4D5AF84F8A09186F8009014
:101AA000FDF7CFBF0020FDF763FC637C002B3EF405
:101AB0003FA8022B2B7808D0002B00F09481012343
:101AC00084F8A0313370FDF7BCBF002B3DF4B9AFF3
:101AD000012384F8A0313370FDF7B3BF67490F428B
:101AE0006BD093F80090B9F1010F2ED0B9F1020F2D
:101AF00047D0B9F1000F0CD02B78002B00F0798182
:101B0000012384F8A0313370FDF79BBF17F4003F29
:101B1000E6E70120FDF710FC637C002B3EF408A8EB
:101B2000022B2B7808D0002B00F05181012384F880
:101B3000A0313370FDF785BF002B3DF482AF012348
:101B400084F8A0313370FDF77CBF4846FDF75EFC9A
:101B5000637C002B3DF4ECAF022B2B7808D0002BDC
:101B600000F0B98184F8A09186F80090FDF769BF74
:101B7000002B3DF466AF84F8A09186F80090FDF745
:101B800060BF0120FDF7F4FB637C002B3DF4D0AF78
:101B9000022B2B7808D0002B00F04381012384F81E
:101BA000A0313370FDF74DBF002B3DF44AAF012348
:101BB00084F8A0313370FDF744BF31493940D9B1C1
:101BC0000320FDF7F1FB637C002B3DF4B1AF022B4A
:101BD0002B7808D0002B00F0B481012384F8A031C9
:101BE0003370FDF72EBF002B3DF42BAF012384F89B
:101BF000A0313370FDF725BF1D493940D9B103200D
:101C0000FDF7E2FB637C002B3DF492AF022B2B78B7
:101C100008D0002B00F08981012384F8A0313370B3
:101C2000FDF70FBF002B3DF40CAF012384F8A0316A
:101C30003370FDF706BFF90403D582F001025A7034
:101C40005AE7B8F1000F3FF457AF0A20FDF702FC46
:101C5000637C002B3DF46CAF022B2B7812D0002B51
:101C600000F0E580012384F8A0313370FDF7E9BE70
:101C700000800010C82F08000080000800400210FB
:101C800000400008002B3DF4DCAE012384F8A031B5
:101C90003370FDF7D6BEC04B07F48052597859BB5C
:101CA0005AB101225A702B78002B00F06881012371
:101CB00084F8A0313370FDF7C4BEB8F1000FF2D044
:101CC0000A20FDF7C7FB637C002B3DF431AF022BEC
:101CD0002B7808D0002B00F08581012384F8A031F7
:101CE0003370FDF7AEBE002B3DF4ABAE012384F89C
:101CF000A0313370FDF7A5BEFAB100225A70F9F792
:101D0000CBFA0A20FDF7A6FB637C002B3DF410AF55
:101D1000022B2B7808D0002B00F0E380012384F8FD
:101D2000A0313370FDF78DBE002B3DF48AAE012348
:101D300084F8A0313370FDF784BEB8F1000FB2D043
:101D40000A205A70FDF786FB637C002B3DF4F0AE51
:101D5000022B2B7808D0002B00F0E881012384F8B7
:101D6000A0313370FDF76DBE002B3DF46AAE012348
:101D700084F8A0313370FDF764BE94F8A031002BD5
:101D80007DF45FAE012384F8A0313370FDF759BEB6
:101D90002B78FEF744BB2B78002B7EF4DEA8FEF7F1
:101DA00029BB2B78002B7EF4D8A8607C00287EF419
:101DB00010ACBAF1000F7DF452AEFDF778BC2B7871
:101DC00063B9BAF1000F7EF4CCA8FDF73ABE94F8DF
:101DD000A031002B7DF435AE4FF0000A012384F8CA
:101DE000A0313370EDE794F8A031002B7DF429AEDB
:101DF000F2E794F8A031002B7DF423AEECE794F8E1
:101E0000A031002B7DF41DAEE6E794F8A031002B45
:101E10007DF417AEE0E794F8A031002B7DF411AE0D
:101E2000DAE794F8A031002B7DF40BAED4E794F8F8
:101E3000A031002B7DF405AECEE794F8A031002B45
:101E40007DF4FFADC8E794F8A031002B7DF4F9AD27
:101E5000C2E794F8A031002B7DF4F3ADBCE794F811
:101E6000A031002B7DF4EDADB6E794F8A031002B46
:101E70007DF4E7ADB0E794F8A031002B7DF4E1AD3F
:101E8000AAE794F8A031002B7DF4DBADA4E794F829
:101E9000A031002B7DF4D5AD9EE794F8A031002B46
:101EA0007DF4CFAD98E794F8A031002B7DF4C9AD57
:101EB00092E794F8A031002B7DF4C3AD8CE794F841
:101EC000A031002B7DF4BDAD86E794F8A031002B46
:101ED0007DF4B7AD80E794F8A031002B7DF4B1AD6F
:101EE0007AE794F8A031002B7DF4ABAD74E794F859
:101EF000A031002B7DF4A5AD6EE794F8A031002B46
:101F00007DF49FAD68E794F8A031002B7DF499AD86
:101F100062E794F8A031002B7DF493AD5CE794F870
:101F2000A031002B7DF48DAD56E794F8A031002B45
:101F30007DF487AD50E794F8A031002B7DF481AD9E
:101F40004AE794F8A031002B7DF47BAD44E794F888
:101F5000A031002B7DF475AD3EE794F8A031002B45
:101F60007DF46FAD38E794F8A031002B7DF469ADB6
:101F700032E794F8A031002B7DF463AD2CE794F8A0
:101F8000A031002B7DF45DAD26E794F8A031002B45
:101F90007DF457AD20E700BFC82F080094F8A031AA
:101FA000002B7DF44EAD17E794F8A031002B7DF4A3
:101FB00048AD11E794F8A031002B7DF442AD0BE75A
:101FC00094F8A031002B7DF43CAD05E794F8A031E6
:101FD000002B7DF436ADFFE694F8A031002B7DF4A4
:101FE00030ADF9E694F8A031002B7DF42AADF3E68C
:101FF00094F8A031002B7DF424ADEDE694F8A031E7
:10200000002B7DF41EADE7E694F8A031002B7DF4A3
:1020100018ADE1E694F8A031002B7DF412ADDBE6BB
:1020200094F8A031002B7DF40CADD5E694F8A031E6
:10203000002B7DF406ADCFE694F8A031002B7DF4A3
:1020400000ADC9E694F8A031002B7DF4FAACC3E6EC
:1020500094F8A031002B7DF4F4ACBDE694F8A031E7
:10206000002B7DF4EEACB7E694F8A031002B7DF4A4
:10207000E8ACB1E694F8A031002B7DF4E2ACABE61D
:1020800094F8A031002B7DF4DCACA5E694F8A031E7
:10209000002B7DF4D6AC9FE694F8A031002B7DF4A4
:1020A000D0AC99E694F8A031002B7DF45AAF4FF0F4
:1020B000010A93E694F8A031002B7DF4C2AC8BE6C4
:1020C00094F8A031002B7DF4BCAC85E694F8A031E7
:1020D000002B7DF4B6AC7FE694F8A031002B7DF4A4
:1020E000B0AC79E694F8A031002B7DF4AAAC73E68D
:1020F00094F8A031002B7DF4A4AC6DE694F8A031E7
:10210000002B7DF49EAC67E694F8A031002B7DF4A3
:1021100098AC61E694F8A031002B7DF492AC5BE6BC
:1021200094F8A031002B7DF48CAC55E694F8A031E6
:10213000002B7DF486AC4FE694F8A031002B7DF4A3
:1021400080AC49E694F8A031002B7DF47AAC43E6EC
:1021500094F8A031002B7DF474AC3DE694F8A031E6
:10216000002B7DF46EAC37E694F8A031002B7DF4A3
:1021700068AC31E694F8A031002B7DF462AC2BE61C
:1021800094F8A031002B7DF45CAC25E694F8A031E6
:10219000002B7DF456AC1FE694F8A031002B7DF4A3
:1021A00050AC19E694F8A031002B7DF44AAC13E64C
:1021B00094F8A031002B7DF444AC0DE694F8A031E6
:1021C000002B7DF43EAC07E694F8A031002B7DF4A3
:1021D00038AC01E694F8A031002B7DF432ACFBE57D
:1021E00094F8A031002B7DF42CACF5E594F8A031E7
:1021F000002B7DF426ACEFE594F8A031002B7DF4A4
:1022000020ACE9E594F8A031002B7DF41AACE3E5AD
:1022100094F8A031002B7DF414ACDDE594F8A031E6
:10222000002B7DF40EACD7E594F8A031002B7DF4A3
:1022300008ACD1E594F8A031002B7DF402ACCBE5DD
:1022400094F8A031002B7DF4FCABC5E594F8A031E7
:10225000002B7DF4F6ABBFE594F8A031002B7DF4A4
:10226000F0ABB9E594F8A031002B7DF4EAABB3E50F
:1022700094F8A031002B7DF4E4ABADE594F8A031E7
:10228000002B7DF4DEABA7E594F8A031002B7DF4A4
:10229000D8ABA1E594F8A031002B7DF4D2AB9BE53F
:1022A00094F8A031002B7DF4CCAB95E594F8A031E7
:1022B000002B7DF4C6AB8FE5BAF1010F7DF4F7A9D1
:1022C000002B3DF4CEA9FDF702BA00BFF0B5524D88
:1022D00087B02C787CB3514E33781BB9FDF7CAF820
:1022E000012333704E4B5B7C192B11D8DFE803F0D0
:1022F0000D262A10102E32363A103E42464A4E52D1
:10230000101056106A5A5E62666E46481BF0AAFBB1
:10231000454B1B786BB1012200204FF07F430092A8
:10232000A0218022CDE9043019F097FB3D4801F04F
:1023300067FD00232B70204607B0F0BD39481BF025
:10234000A9FBE5E737481BF0B3FBE1E7354801F0AF
:10235000D5F8DDE7334801F0F3F8D9E7314801F06B
:1023600011F9D5E72F4801F02FF9D1E72D4801F0F9
:102370004DF9CDE72B4801F06BF9C9E7294801F089
:1023800089F9C5E7274801F0D5F9C1E7254801F0EB
:1023900021FABDE7234801F043FAB9E7214801F0EB
:1023A00095FAB5E71F4801F0B7FAB1E71D4801F00B
:1023B0008DFBADE71B4801F0AFFBA9E7194801F021
:1023C000D1FBA5E7174801F043FCA1E7F9F7CAF8EC
:1023D00016480A232A2250210390F9F7CFFA4FF426
:1023E000AA004FF4CA030122114FCDE904033B6850
:1023F0001146D3F8F83000930E4B1E683346F9F7B8
:1024000057FA01223B681146D3F8FC300598009337
:102410003346F9F74DFA7BE7342D08004DD9090012
:10242000D44D0800C82F08004ED90900280010001C
:10243000AC2608007DC7041830B50A4A0A4D147846
:102440002D78631C03F00F039D421FBF00F00300B3
:1024500040EA81010548137016BF40F8241000209F
:10246000012030BD4AD909004BD90900944D08001C
:1024700030B51C4A0546937A92F8F6201A4C85B07E
:10248000F2B1E18AA08A6288C1F18F01A2EB400219
:10249000ADF80C10ADF80E001121039892B2F9F7C7
:1024A0006DFAAB7853B128230093104B00221B68C0
:1024B00094F83710D4F81A0019F022FB05B030BD9B
:1024C000628B0121ADF80C20A28B0193084B023ADC
:1024D0000093064BADF80E201B6802220398F9F713
:1024E000E7F9DEE7D44D0800383109007DC704184C
:1024F00080C904181FB50D4A92F8D2300BB1B2F85A
:10250000D4300B490B480391928A0132CDE9013254
:10251000094B01220093094B90F838101B68D0F842
:102520001E00F9F7C5F905B05DF804FBD44D0800AD
:10253000FA4D08003831090085C904187DC7041810
:1025400010B5114B88B01B6840EA4100D3F8344104
:1025500092000094D3F8284142FA80F00194D3F815
:102560002C41D3F8303102940393084B0493084B69
:102570000593084B0693084B079308AB03EB8000C9
:1025800050F8200C08B010BDAC260800F3C80418A1
:1025900096C90418C9CA041859CA04182DE9F04785
:1025A0004FF00009AB4CB0B0A37D0546022BCDE93E
:1025B00007994AD0032B55D0012B33D1E37D13F07B
:1025C000030332D1A44A082107A815F0C7FF94F8E5
:1025D000700094F86F10A14D10F0010095F83A606A
:1025E0009F4F01F0010100D119B394F870309D4A5A
:1025F0005B0832F813400122FFF7A2FF0A22B4FB66
:10260000F2F302FB1344A4B2CDE9023407AB019309
:10261000954B04900093012231463B68D5F8220087
:10262000F9F746F930B0BDE8F087012BCFD18F4ADA
:10263000C9E70122314607AB01938D4B0093D5F8D2
:1026400022003B68F9F734F9ECE78A4B83480193A1
:10265000894B01220093824B90F83A101B68D0F806
:102660002200EFE7FBF7B4FA8C2201460DA8EEF743
:102670009FFA9DF86130794CDFF8E481002B00F07F
:10268000CC802423D8F8006000934A46334694F85F
:102690003B10774FD4F8220019F032FA0DF16203A3
:1026A000019300973346012294F83A10D4F822009F
:1026B000F9F7FEF8232300934A46334694F839107D
:1026C000D4F81E0019F01CFA1BABCDE900730122EF
:1026D000334694F83A10D4F81E00F9F7E9F89DF85B
:1026E0007630ABB1212300934A46334694F83D102F
:1026F000D4F82E0019F004FA0DF17603CDE9007339
:102700000122334694F83A10D4F82E00F9F7D0F8A5
:102710009DF88A20002A6AD00DF18A0016F052F83E
:102720006E6B82460DF1240948BB8DF8240018F029
:1027300076FFD5E90E23821A61EB0303642A73F155
:10274000000306468A4609DB0DF18A0016F03AF8C6
:102750000D2845D800236B63C5E90E6ACDE90079E1
:10276000D8F80030012294F83A10D4F82600F9F78E
:102770009FF89DF88A30002B7FF454AF3AE00D2883
:102780000DD802460DF18A014846EEF711FA0AF11A
:10279000C0030DEB030A00230AF89C3CC7E7042E94
:1027A0001CD9A0F108039E428CBFA0F10D02721F3C
:1027B0000DF18A031A444B4602F1080C1E461068BC
:1027C0005168083203C662453346F7D100231068CA
:1027D0003060127932718DF83130A8E70022E7E7D6
:1027E0006A6B831E013293426A63B3D9B4E79DF8E2
:1027F000803013B900236B6314E72923D8F80060F5
:10280000009394F840103346D4F8260019F078F974
:1028100020ABCDE900733346A4E76B785BB1763526
:10282000164B019500930122D8F8003094F83A1025
:10283000D4F8220006E70A210DF1560016F062F8DE
:1028400020B90F4B1B68D3F80851E9E70DF1560585
:10285000E6E700BFD44D080098C9041838310900D4
:102860007DC704180A9604189CC90418BACA04182B
:102870006BCA04185CF70418A8C90418B1C9041875
:10288000AC2608002DE9F04F8FB0F7F781FE3C4BE6
:102890003C49D3E90723002818BF1A46B2FBF1F3DD
:1028A00001FB13220A21B2FBF1F200251021009254
:1028B00006A8354ACDE90655CDE9085515F04EFE76
:1028C00006A815F07FFF314B0DF1280A1B88841EE6
:1028D0002246ADF80C3006A910235046DFF8B4802C
:1028E0000DF10C09CDE90A55CDE90C558DF80E50C6
:1028F00015F0F4FF06AB19190222484615F0BAFF8D
:1029000098F83E0051460228064638BF0226F8F7DE
:1029100095FE023EF6B2074649463046F8F78EFE6F
:10292000B8F82C303C18A4B2ADF81230C4F1A004B1
:10293000174BCDF804A004EBD474DFF85CA0D3F8F7
:1029400000B06410ADF81040CDF800A05B462A46F8
:1029500098F83E100498F8F7ABFFB8F82C302744ED
:10296000ADF81630ADF814705B462A463146CDE915
:1029700000A90598F8F79CFF0FB0BDE8F08F00BFE5
:10298000D44D080040420F00B9C90418A5600418CE
:102990007DC70418383109006BCA04182DE9F04FBF
:1029A0000379C778032B07F13007044690F80580B8
:1029B00087B0FFB238D90433DDB2B8F1000F7CD054
:1029C000B8F1010F65D12369DFF854914FF0640B22
:1029D000B3FBF9F209FB1233B3FBFBF3DFF848A1B9
:1029E000CDE901234B4B4C4E0093DAF800304246C0
:1029F00096F84210D6F822000593F8F759FF22798D
:102A0000059B002A68D12269B2FBF9F109FB11226A
:102A1000B2FBFBF2CDE90112404A009296F8421057
:102A20004246D6F82A0032E0DD1CEDB2B8F1000FC4
:102A3000C6D18BBB03693A493748B3FBF1F201FBBE
:102A400012336421B3FBF1F3CDE90123354B0122AD
:102A50000093354B90F842101B68D0F82200F8F72D
:102A600027FF324B2E491B6A2B48B3FBF1F201FBC7
:102A700012336421B3FBF1F3CDE9012301222C4B86
:102A80000093294B90F842101B68D0F82A00F8F701
:102A90000FFF07B0BDE8F08F012B00F118020CD139
:102AA0002449134601F10C0251F8040B914243F8FA
:102AB000040BF9D104250A781A70254416481834F5
:102AC000194B2F76009490F8421001221B68D0F821
:102AD0002200F8F7EDFEC4E7012A04F126010BD12C
:102AE0000A46154B03F10C0053F804CB834242F81D
:102AF00004CBF9D11B7813702C4484F82670009114
:102B00000122DAF8003096F84210D6F82A00F8F7D9
:102B1000CFFEBEE7F2C904183831090002CA041812
:102B200040420F00C5C904187DC70418D44D0800E1
:102B3000E2C90418D5C9041812CA04182DE9F043D3
:102B40001B4B1C4D1E8A598ADA8A314487B0C1F169
:102B50008001C2F15004ADF81610EF6895F8DB90D3
:102B600095F81080ADF8142018F0B8FDA97D640028
:102B70000129A4B20FD00239012909D801230090FC
:102B8000CDE9018332463B4621460598F9F766F8C0
:102B900007B0BDE8F083084B32461868CDE90098CD
:102BA000CDE902103B4621460598F8F775FFEFE79F
:102BB00038310900D44D080079C7041808B5074B0F
:102BC0001B78934207D9064B53F82230054A15F07B
:102BD000C5FC002008BD4FF0FF30FBE78EC704188E
:102BE000542608006BCA041808B5074B1B7893429B
:102BF00007D9064B53F82230054A15F0AFFC0020E8
:102C000008BD4FF0FF30FBE78DC704183C260800D5
:102C10006BCA041808B5074B1B78934207D9064BBB
:102C200053F82230054A15F099FC002008BD4FF0FA
:102C3000FF30FBE78CC70418302608006BCA041865
:102C400038B5174B04461B780D46934225D9012A07
:102C500009D0022A14D0F2B9124B93F8D930294680
:102C60002046114A08E00F4B104A93F8E93003F070
:102C70000F0352F823300E4A15F070FC002038BDC7
:102C80000C4B1A68D2E90143064A92F8F620002A52
:102C900008BF2346EFE70023E1E74FF0FF30EEE700
:102CA0008CC70418D44D080066CA04186C260800A6
:102CB0006BCA0418AC26080008B5074B1B78934272
:102CC00007D9064B53F82230054A15F047FC00207F
:102CD00008BD4FF0FF30FBE78BC70418242608001F
:102CE0006BCA041808B5074B1B78934207D9064BEB
:102CF00053F82230054A15F031FC002008BD4FF092
:102D0000FF30FBE78AC70418142608006BCA0418B2
:102D100008B5074B1B78934207D9064B53F822306E
:102D2000054A15F01BFC002008BD4FF0FF30FBE703
:102D300089C704180C2608006BCA041808B5074B8D
:102D40001B78934207D9064B53F82230054A15F0F9
:102D500005FC002008BD4FF0FF30FBE788C70418D2
:102D6000002608006BCA04181D4B10B51B7893424F
:102D700032D9012A04D0022A18D01AB3002010BD7B
:102D8000184B93F8EA3013F0070306D0012B09D053
:102D9000154A013B15F0E2FBF0E7144B1B685B683A
:102DA000134AF7E7114B1B689B6EF9E70D4C0F4B6D
:102DB00094F8EA401A6814F0080FD2E9013218BFFB
:102DC0001346EDE7094B074C1A6894F8EA40D2E93C
:102DD000013214F0100FF2E74FF0FF30CFE700BFE1
:102DE00088C70418D44D080066CA0418AC26080029
:102DF0006BCA041808B5074B1B78934207D9064BDA
:102E000053F82230054A15F0A9FB002008BD4FF009
:102E1000FF30FBE787C70418F82508006BCA0418C1
:102E200008B5074B1B78934207D9064B53F822305D
:102E3000054A15F093FB002008BD4FF0FF30FBE77B
:102E400086C70418D42508006BCA041870B5284B2F
:102E500004461B780D46934286B046D9012A0CD110
:102E6000244AD2E90723934234BF2D232B23037036
:102E700000234370002006B070BDCAB1022A2AD0D8
:102E8000002220260120B2FBF0F300FB13221021C8
:102E9000009202A8184A15F061FB02A818F068FE1B
:102EA00029462046154A009602AB15F057FBE1E78C
:102EB000104AD2E9072393428CBF9A1AD21A104BB8
:102EC0009A420FD8B2F57A7F35BF20266B260120B3
:102ED0004FF47A70D7E7074B93F8A121094B53F8C9
:102EE0002220ECE74D260848CDE74FF0FF30C2E73F
:102EF0008BC70418D44D08001FCA041825CA04182B
:102F00003F420F009462041840420F007FB51F4BF0
:102F100004461B780D46934235D9032A1DD8DFE8B5
:102F200002F0020521271A4B1A4A12E01A4E3046C7
:102F300015F048FC072813D996E803000023ADF8E4
:102F40000810164A090C8DF80C3001908DF80A1003
:102F500001AB2946204615F001FB002004B070BDEE
:102F60003346E1E70E4B0F4A93F8E9301B09F0E7CF
:102F70000D4B1A68D2E90113094A92F8EB20002A96
:102F800008BF0B46D0E74FF0FF30E7E78AC70418C9
:102F9000B34E08006BCA0418CC4E08002CCA0418A3
:102FA000D44D080066CA0418AC2608001A4B37B581
:102FB0001B78044693420D462AD922B1012A14D027
:102FC000002003B030BD0A24144B154A93F870302A
:102FD0005B0832F81320B2FBF4F304FB132292B225
:102FE0000092104A15F0BAFAEAE70C4B002293F867
:102FF0006F1093F8700001F0010100F00100FFF77D
:103000009FFA29460346084A204615F0A7FAD7E753
:103010004FF0FF30D5E700BF89C70418D44D080032
:103020000A96041875CA04186BCA041873B51646B4
:1030300004460D46F7F70AFB2F4B1B78B34258D9CD
:10304000082E0CD8DFE806F0050E262A2E364A4F49
:1030500052002A4B2A4A2946204615F07FFA0020C2
:1030600002B070BD4FF47A71264B1A8902F1320317
:10307000B3FBF1F3A1F5FA6101FB032264213232C3
:1030800092FBF1F292B200921F4A2946204615F0B7
:1030900065FAE4E71B4B1D4A9B7ADCE7194B1C4A97
:1030A000DB68D8E718F01CFF064618F01BFF194A2A
:1030B000331AD0E790F90E30827B002BB7BF164B46
:1030C000164B1B68D3F88830520649BF124A134A80
:1030D0001268D2F88C200092114AD6E7C38A828AFD
:1030E0000092104AD1E7438A028AF9E743890E4ADF
:1030F000B1E74FF0FF30B3E786C7041830CA0418B1
:103100006BCA0418D44D08004ACA041880C90418B0
:1031100051CA041857CA0418AC2608005CF70418F2
:103120005BCA041861CA041866CA041870B598B05E
:1031300005460E466846114618F08AFA431C0446B6
:1031400005D031462846034A04AB15F007FA20465D
:1031500018B070BD6BCA041870B58AB005460E462B
:103160006846114618F071FA431C044605D06B46B8
:1031700031462846024A15F0F1F920460AB070BDE2
:103180006BCA041870B506460D4614468AB04AB993
:103190000C4B0A461B68D3F8A81015F06BFB2046B1
:1031A0000AB070BD541EA1B201A818F054FA431C15
:1031B0000446F4D029463046034A01AB15F0CEF957
:1031C000EDE700BFAC2608006BCA04180023024AD2
:1031D0001370024A1370704766D9090051D909006B
:1031E0002DE9F04F494B0646B3F92050D3F81E00A5
:1031F000DB89C5F17F0797FBF3F700248FB0FFB29F
:10320000029105907B1C1122214609A85FFA83FBDD
:10321000089414F01DFF7F2D2FDCA146F71BFBB295
:103220000393039BB34598BF994609EB040A029B9D
:1032300015215FFA8AF208A89847431C07461CD05C
:10324000B2451FFA85F81BD0314B18680690DFF89D
:10325000BCA008ABADF8165000930022069B9AF86C
:1032600043100598F8F724FBBAF80E30013498445F
:103270000FFA88F50FB97F2DD3DD0FB0BDE8F08FC1
:10328000244B4FF0000A1868204BADF81CA0DA89D7
:103290000690C2F103034344ADF81E3001230093AE
:1032A0001B4BA0211B68079818F0D7FB1A4B93F80B
:1032B000EA3003F00703012BC9D99DF82030002B19
:1032C000C5D0164908A8EDF7E9FC0028BFD01522A3
:1032D00008A9124815F05AFA114B83F800A0F9F723
:1032E00091FD514608A8FAF7EBF80B4B5B7C082BD5
:1032F00004D8062B04D9F9F7A3FEA8E70E2BFAD0C1
:10330000084B1868AC30F9F785FEF4E7383109004E
:103310007DC7041881C704189C38080066D90900C5
:1033200051D90900AC2608002DE9F04F97B0CDE93E
:1033300003236A4B0024B3F920600290D3F81E00E7
:10334000DB89C6F17F0595FBF3F5112207900F4647
:103350000BA821460A9414F07BFE1122214611A8E5
:103360000135109414F074FE7F2EEDB23FDCA246BE
:103370007B1B0133DBB20593059BBD4298BF9A4688
:103380000AEB04095FFA89F842461521039B0AA853
:10339000984742461521049B10A89847B0F1FF3F7B
:1033A000804624D0B9454E4B24D018680890DFF8E9
:1033B0002C910AABADF81E6000930022089B99F88F
:1033C00043100798F8F774FA10AB00930222089B99
:1033D00099F843100798F8F76BFAB9F80E300134F2
:1033E00033441EB2B8F1000F01D17F2EC4DD17B0F7
:1033F000BDE8F08F3B4A1068029A08905278002A84
:1034000058D01868089000204FF0000B334AADF8F0
:1034100024B0D2891B68C2F103013144ADF82610F3
:103420000090A021099818F018FB2F4A029B93F8EE
:103430000190137882F8009099451CBF2B4A82F8BE
:1034400000B0B9F1000F01D0002BB0D1284B93F898
:10345000EA3003F00703012BA9D99DF82830002B8F
:10346000A5D09DF84030002BA1D020490AA8EDF747
:1034700015FC08B315221D480AA915F087F910A9F3
:1034800015221C4815F082F9F9F7BCFC00210AA8A6
:10349000FAF716F8B9F1000F02D08520F9F7BCFC55
:1034A0009DF840301BB1002110A8FAF709F8F9F790
:1034B000C7FD7CE70120A7E70E4910A8EDF7EEFB5A
:1034C00000283FF474AF18F0AAF80B4A1368106094
:1034D000C31AB3F57A7FFFF46AAFD0E73831090039
:1034E0007DC7041881C7041850D9090066D909009E
:1034F0009C38080051D909007C4F080013B50446D8
:10350000F8F730F80A4B0B481B680122D3F8AC30AF
:103510000093094B90F836101B68D0F81A00F8F7A2
:10352000C7F90649207802B0BDE81040FFF758BE41
:10353000AC260800383109007DC70418BD2B0118DE
:1035400013B50446F8F70EF80A4B0B481B68012226
:10355000DB680093094B90F836101B68D0F81A000E
:10356000F8F7A6F90649207802B0BDE81040FFF749
:1035700037BE00BFAC260800383109007DC70418EB
:103580008531011813B50446F7F7ECFF0A4B0B48D9
:103590001B6801221B690093094B90F836101B68C9
:1035A000D0F81A00F8F784F90649207802B0BDE88F
:1035B0001040FFF715BE00BFAC26080038310900E7
:1035C0007DC704182D31011813B50446F7F7CAFF5B
:1035D0000A4B0B481B6801225B690093094B90F86A
:1035E00036101B68D0F81A00F8F762F906492078FF
:1035F00002B0BDE81040FFF7F3BD00BFAC260800E5
:10360000383109007DC704185931011813B5044633
:10361000F7F7A8FF0A4B0B481B680122DB690093F0
:10362000094B90F836101B68D0F81A00F8F740F9EB
:103630000649207802B0BDE81040FFF7D1BD00BFB9
:10364000AC260800383109007DC70418E92B0118A1
:1036500013B50446F7F786FF0A4B0B481B68012297
:103660001B6A0093094B90F836101B68D0F81A00BB
:10367000F8F71EF90649207802B0BDE81040FFF7C0
:10368000AFBD00BFAC260800383109007DC7041863
:10369000F52D01187FB5234EF7F764FF3368224CF0
:1036A000D3F8C03001220093204B94F836101D68E7
:1036B000D4F81A002B46F8F7FBF83368D4F8220048
:1036C000D3F8C430B4F924400122022100932B46E0
:1036D0000390F8F7EDF83368A4B2D3F8C83004F1DA
:1036E0001202ADF80E2002210122009303982B460E
:1036F000F8F7DEF833682434D3F8CC30ADF80E4058
:1037000001220221009303982B46F8F7D1F8F6F72F
:103710003FFF28B10322064B1A70012283F89E2135
:1037200004B070BDAC260800383109007DC704180C
:103730009C3808007FB5234EF7F714FF3368224CFE
:10374000D3F8D03001220093204B94F836101D6836
:10375000D4F81A002B46F8F7ABF83368D4F82200F7
:10376000D3F8C430B4F924400122022100932B463F
:103770000390F8F79DF83368A4B2D3F8D43004F17D
:103780001202ADF80E2002210122009303982B466D
:10379000F8F78EF833682434D3F8CC30ADF80E4007
:1037A00001220221009303982B46F8F781F8F6F7DF
:1037B000EFFE28B10322064B1A70012283F89F21E5
:1037C00004B070BDAC260800383109007DC704186C
:1037D0009C38080013B50446F7F7C4FE0B4B0C48A1
:1037E0001B6801225B6A00930A4B90F836101B6835
:1037F000D0F81A00F8F75CF82046074B074A217802
:1038000002B0BDE81040FFF78FBD00BFAC26080036
:10381000383109007DC704182D300118212E0118F8
:103820002DE9FF470646F7F79DFE224B0122009344
:10383000214B05211B684FF4C810F8F739F81623FF
:10384000DFF87C80ADF80C30B8F80E300027A3EB21
:1038500083057B352DB2C5F17F0494FBF3F4174B40
:1038600001341B78E4B232781B1BDBB29A42DFF8DA
:103870005490DFF854A028BF3370FBB29C4202D8AA
:1038800004B0BDE8F087327801371344DBB259F851
:103890002330ADF80E5000930022DAF8003098F88B
:1038A00043100398F8F704F8B8F80E302B441DB213
:1038B000E3E700BF6DC7041879C7041885C704186B
:1038C00038310900B82508007DC7041813B504462F
:1038D000F7F748FE0B4B0C481B680122DB6A00938C
:1038E0000A4B90F836101B68D0F81A00F7F7E0FF83
:1038F0002046074B074A217802B0BDE81040FFF789
:1039000013BD00BFAC260800383109007DC704187C
:10391000412C0118152C01182DE9F04F0646DFF84F
:10392000A4A189B0F7F71EFEDAF80030DFF898910D
:10393000D3F8E030604CD9F8008000930122434670
:1039400094F83610D4F81A00F7F7B2FF7378377886
:10395000002B51D0002F4FD16288238AE18AD018E2
:10396000C0F1800000EBD0704FEA6009C0F34F0057
:10397000C0F1800000EBD0704010ADF81E00DAF806
:103980000000C1F15005D0F8E4006D00CDE90380DE
:10399000ADB2029794F84300C5F1A00C4FEA6C0C4D
:1039A00009B2C3F18003ADF81CC0019000911BB2B5
:1039B000042112B20120F7F79FFF434629461FFA60
:1039C00089F20798009718F048F801217636238A83
:1039D000CDE90386029194F84220C3F1800301925D
:1039E000B4F916201BB20092B4F902200846F7F78A
:1039F00083FF09B0BDE8F08F96F87530002B52D0E8
:103A0000012F50D16288238AE18AD518C5F180053B
:103A100005EBD5754FEA650BC5F34F05C5F180057C
:103A200005EBD5756D10ADF81E500025C1F150089D
:103A30004FEA48081FFA88F8C8F1A0004010ADF816
:103A40001C00DAF8000009B2D0F84C01029504908D
:103A5000D9F80000C3F18003039094F843001BB22F
:103A60000190009112B204213846F7F745FF009506
:103A7000D9F8005041462B461FFA8BF20798403682
:103A800017F0EBFF228ACDE90356029794F84430F1
:103A9000C2F180020193B4F916303946009313B293
:103AA000B4F90220A2E739463046044B044A09B073
:103AB000BDE8F04FFFF738BC383109000D2F011871
:103AC000E52C0118AC2608007DC7041813B5044680
:103AD000F7F748FD0B4B0C481B6801225B6B00930A
:103AE0000A4B90F836101B68D0F81A00F7F7E0FE82
:103AF0002046074B074A217802B0BDE81040FFF787
:103B000013BC00BFAC260800383109007DC704187B
:103B1000AD2F0118112D011813B50446F7F722FD3A
:103B20000B4B0C481B680122D3F8003100930A4B61
:103B300090F836101B68D0F81A00F7F7B9FE204647
:103B4000064B074A217802B0BDE81040FFF7ECBBF6
:103B5000AC260800383109007DC70418692D01180A
:103B60003D2D0118F0B5344F89B0F7F7FBFC3B68E9
:103B7000324CD3F8E830324D0093324B94F8361083
:103B80001E6801223346D4F81A00F7F791FE2B681D
:103B90003A68DB0758BF07964FF0010648BF2A4B2B
:103BA000D2F8EC2048BF1868238A48BF07900492D7
:103BB000079A0296039294F83620C3F1800301928B
:103BC000B4F9162004210092B4F902201BB2304649
:103BD000F7F792FE3A68238AD2F8F020C3F1800307
:103BE0000492079A1BB2CDE9026294F836200421B0
:103BF0000192B4F9162002200092B4F90220F7F7DE
:103C00007BFE17F00CFD114CD4E90032C01A40F2D3
:103C1000E93361EB0201984271F1000106DB2B6888
:103C200033442B6017F0FBFCC4E900012B6801331F
:103C30002B6009B0F0BD00BFAC2608003831090088
:103C4000784F08007DC7041879C704185030080061
:103C50002DE9F04105468EB0F7F784FC404B414E0C
:103C60001B68414CD3F80C313768009301223B4666
:103C700094F83610D4F81A00F7F71AFE95F8008079
:103C8000B8F1000F63D16B78002B60D00D22414654
:103C90000AA8CDF8248014F0DBF9E18A238A62882F
:103CA000C1F15001490089B21A44C2F18002C1F148
:103CB000A00302EBD2725B10ADF82030C2F34F03C9
:103CC000C3F1800303EBD3735B10ADF82230C2F372
:103CD0004F023B460898CDF8008017F0BEFED5F89D
:103CE0008020224B9A422FD8B2F57A7F35BF01212E
:103CF0004FF47A7120276B27B2FBF1F301FB1322FB
:103D000009AD112100922846194A14F027FC2846D3
:103D100017F02EFF0121238A3068CDE90557154A97
:103D200003900492029194F84220C3F1800301921F
:103D3000B4F9162008460092B4F902201BB2F7F736
:103D4000DBFD0EB0BDE8F0814D270B49D4E74146BD
:103D500028460A4B0A4A0EB0BDE8F041FFF7E4BA24
:103D6000AC2608007DC70418383109003F420F0017
:103D70001FCA041825CA041840420F004D2E01180E
:103D8000B92C011873B5194B194D1B68194CD3F890
:103D9000F4302E6800930122334694F83610D4F89C
:103DA0001A00F7F785FD144B1B784BB122230093C3
:103DB0000022334694F83710D4F81A0017F0A0FE0A
:103DC0000E4B93F8DE2062B193F8373194F8371038
:103DD000D4F81A003BB12623009302222B6817F077
:103DE0008FFE02B070BD2723F6E700BFAC260800A7
:103DF0007DC70418383109004FD90900D44D080097
:103E00002DE9F04FC84D8BB00590FFF7BBFF95F83B
:103E100016A0C64FBAF1010FC54CDFF838B307AE94
:103E200040F06381C34BD7F80090009300224B46CB
:103E300094F83610D4F81E00F7F73AFD95F816807E
:103E4000B8F1010F40F033814FF0000A95F86F1080
:103E500095F87000424601F0010100F00100CDE943
:103E600007AA8DF824A0FEF76BFB09210346B24A8E
:103E7000304614F073FBDBF800B000965B46524608
:103E800094F83610D4F81E00F7F712FD0A2195F8C1
:103E90007030AA4A5B0832F81330B3FBF1F201FB31
:103EA00012339BB2CDE90123A54B5246009394F8FF
:103EB00036105B46D4F81E00F7F7FAFCA14B4246D9
:103EC000009394F836104B46D4F81E00F7F7F0FC38
:103ED0009D4B424600935B4694F83610D4F81E0082
:103EE000F7F7E6FC994B0222009394F836103B68F2
:103EF000D4F81E00F7F7DCFC0222954B0093954B9B
:103F00001B6894F83610D4F81E00F7F7D1FCE38B49
:103F1000B4F92020ADF81830B4F92C30DFF8348231
:103F20009B1A03EBD37302EB63028B4BADF81A20A1
:103F3000009300223B6894F836100698F7F7B8FC17
:103F4000AB7D012B40F0E9800023CDE907330993D5
:103F5000EB7D13F0030300F0D880012B00F0DB8031
:103F600000960022D8F8003094F836100698F7F73B
:103F70009FFC7A4B0122009394F836103B68069818
:103F8000F7F796FC0023AA7DCDE90733022A0993AF
:103F900000F00681032A00F00981012A08D1704B44
:103FA0000093D8F8003094F836100698F7F780FCA4
:103FB0000096D8F800600122334694F8361006982F
:103FC000F7F776FC674B0222009394F836103B68B3
:103FD0000698F7F76DFC4FF47A71AB69B3FBF1F219
:103FE00001FB1233632B94F8361000F2E1805E4B34
:103FF00001920093022233460698F7F759FC5B4B77
:104000003E6800930022334694F83610D4F82A0014
:10401000F7F74EFC564BD8F80050009300222B4681
:1040200094F83610D4F82A00F7F742FC514B0022DE
:1040300093F8D9300193504B009394F836102B46E7
:10404000D4F82A00F7F734FC4C4B0122009394F883
:1040500036103346D4F82A00F7F72AFC484B0122E1
:10406000009394F836102B46D4F82A00F7F720FC7A
:10407000444B0222009394F836103346D4F82A00B9
:10408000F7F716FC059B94F836109B78D4F82A00B5
:10409000002B00F09C803C4B022200932B46F7F74C
:1040A00007FCFEF74BFD01200BB0BDE8F08FB8F127
:1040B000030F7FF417AF1F4B0022009394F83610C4
:1040C0004B46D4F81E00F7F7F3FB304B0022009369
:1040D00094F83610DBF80030D4F81E00F7F7E8FB50
:1040E000184B524600934B46F6E6BAF1030F7FF4A5
:1040F0000EAF3346264A10685168127A03C31A700D
:104100000122DBF800300096FBE6224A0C21304603
:1041100014F024FA24E7204AF8E7032B7FF429AFB0
:104120001E4B00931DE700BFD44D080079C704184B
:1041300038310900FCD2041869CA04180A96041818
:104140006ECA041818E404187BCA041890CA04182C
:104150009ACA04187DC704189FC70418A5CA041872
:10416000B1CA0418D9CA0418E6CA0418D7CA041870
:10417000EACA04189C380800EFCA0418B4C7041827
:10418000FACA041805CB04180FCB041885CA041802
:1041900087CA04189ECA0418A7CA041888CA041833
:1041A0000C4B00930122D8F80030FCE60A4BF8E7EC
:1041B0006420B3FBF0F3CDE90123084B01390093F0
:1041C000022233460698C9B2F7F772FB17E7044B91
:1041D00062E700BFBDCA0418CBCA0418E3CA0418BA
:1041E00014CB041870B5054670B1037863B1002490
:1041F000074E284656F8041BECF750FD08B9204638
:1042000070BD0134542CF4D14FF0FF30F8E700BFFB
:1042100038690418F0B500249C4200DDF0BD064664
:10422000DFED0A7A002500EB8407A2EB040C65455C
:10423000C1ED007A02DB01340431EDE7F6EC016AEE
:10424000B7EC017A013546EE877AF0E7000000000E
:104250002DE9F04F2DED048B561C06FB06F39B0059
:1042600007338BB023F0070300AFADEB030DEA4635
:104270000546931C9B003B626FF003034FF001095E
:10428000B5EC018A0AF1040BD846F7EE008A9FEDDF
:10429000459A26F04046144603FB06F2FA613A6A54
:1042A000B9611A44FA60FA69A3EB0A037A6206EB71
:1042B0000902BD607A603B60A1455DDC2B46424649
:1042C000DFED387A05E0F2EC016A33ED017A46EE73
:1042D000877AB9688B42F6D1B5EC017A77EE277A06
:1042E00017EE900AECF770F801F1004338617B613A
:1042F00018EE100AECF768F802460B46D7E90401FD
:10430000ECF7E4F9ECF79AFB07EE900AB0EEE77AE7
:10431000B4EE687AF1EE10FA7B6879FE277A09FB31
:1043200003F30AEB8303C3ED007AFB68DC4608EB7A
:104330000300024601233968884499450FD1B0EE45
:10434000687A07EEE77A3B6AFA699B447B6A28EE53
:10435000078A1344804609F101097B62ACE7796A58
:104360007CED016A5118414491ED007A07EEA67A7E
:104370000133A2EC017AE0E706FB04F1BB6924EA11
:10438000E472013192000AEB8101181DECF710FC78
:104390004FF07E53BA692C371360BD46BDEC048BD9
:1043A000BDE8F08F0000000010B5044628B9D42104
:1043B0000A4B0B4A0B4813F06DF8D0F8D00619F0F1
:1043C000C9FB2368B3F57A5F03D1D4F8D40617F09C
:1043D00090F92046BDE8104017F08BB963D004185F
:1043E00091D0041814D004182DE9F84306462DED99
:1043F000028B174601259FED188A4FF00008DFF861
:104400005C9001F1080473680834AB4203DABDEC38
:10441000028BBDE8F88307EE905A96ED007AF8EE2D
:10442000E77A67EE877AC7EE887A17EE900AEBF79D
:10443000CBFF4B464246EBF769FEECF7B7FA07EBCA
:10444000C000D0ED017AF1EE677A0368013544EDE2
:10445000017A44F8083CD6E7DB0F493C0000E03F16
:10446000024B03EB00135868704700BF086C041838
:104470002DE9F0430024074625469FED1B7A204690
:10448000DDF820C0079EB54225DA8846964600260C
:10449000DFED167A07EB84090EE0B8EC016AF9EC5F
:1044A000016AFEEC015A76EEC66A25EEA66A66EE51
:1044B000266A46EEA57A01369E42EEDBF4EEC77A16
:1044C000F1EE10FA54BFF0EE477A2846B0EE677A64
:1044D00001351C44D6E7DCED007A77EE877ACCED27
:1044E000007ABDE8F08300BFAEC59D7400000000F7
:1044F00010B50124844011F0E3F9F2EE047A9FED47
:104500000D7A40EE277AC7EE876A07EE904AB8EE3A
:10451000E77AF6EE007A46EE877AFBFE677AFDEEE2
:10452000E77A17EE900A20EAE070A042A8BF04F1F3
:10453000FF3010BD0000484201238B4007EE903A47
:1045400007EE100AF8EEE77A9FED076AC6EE276AD3
:10455000F8EEC77AB2EE047AB0EE470A16EEA70A72
:1045600080EE070A11F02AB90000484210B504464F
:1045700030B94FF4AC71154B154A164812F08AFF4A
:10458000D0F8480817F0B5F8D4F85808FFF70CFF32
:10459000A06B19F0DFFAE06B19F0E2FAD4F86008CA
:1045A00019F0DEFAD4F8440817F0A3F8D4F84C0850
:1045B00017F09FF8206C17F09CF8D4F8640817F0F7
:1045C00098F82046BDE8104017F093B835D104188C
:1045D000F2D1041804D1041810B530B940F2D11149
:1045E000084B094A094812F055FF00F58053D3F8EB
:1045F000243123B94FF4E971054B034AF2E7BDE8D2
:104600001040184735D10418E4D1041804D1041817
:1046100040D1041810B530B94FF4F5710C4B0D4A68
:104620000D4812F037FF00F58053D3F828413CB90C
:10463000D3F82C3143B940F2EB11084B054AEFE7B0
:104640002346BDE810401847BDE81040184700BF9A
:1046500035D10418D2D1041804D1041853D1041848
:104660009FED010AFFF7D6BF0000000070B52DEDE9
:10467000028B15460446ADF5A26D1A4628460E4635
:1046800002A9B0EE408AFFF7AFFE02AB04F6680263
:104690002946206BEDF7D8FF284604F66C01EEF7AB
:1046A0002BFC01230193D4F844380093D4F86428F8
:1046B0002B46D4F86018206BEFF7EEFC0022216B3C
:1046C000D4F864388A421EDB184600229FED2F7A08
:1046D000914222DCDFED2E6AC7EE267AB7EE007A31
:1046E000F4EEC77AF1EE10FA22DC00229FED297A6F
:1046F000DFED296A2949236B9A4228DB0DF5A26D6B
:10470000BDEC028B70BD03EB8203D3ED007A67EE44
:10471000887A0132C3ED007AD1E7F0EC017AF4EE49
:10472000C77AF1EE10FA02F1010237FE877ACFE77D
:1047300067EEA77A0022C7EE276A9142D5DDD3ED56
:10474000007A66EEA77A0132E3EC017AF5E7D4F855
:10475000643803EB8203D3ED007AF4EEC77AF1EE0E
:1047600010FA0DDCF4EEE67AF1EE10FA0BD4FDEE61
:10477000E77A17EE903A1BB226F812300132BAE708
:1047800047F6FF73F8E70B46F6E700BF00000000AE
:104790000060EA4600FEFF4600FEFFC60180FFFF04
:1047A0002DE9F0410025ADF5B46D0E4617460446DF
:1047B000039530B940F21D21364B374A374812F085
:1047C00069FE03682946B3FA83F35B09DA003046D1
:1047D00013F03EFC3A46204623A9EEF7BDFE012326
:1047E0003046DDF89C2503A919F07DFA226B20469E
:1047F00007EB420223A9EEF7AFFE0123DDF89C256B
:10480000304603A919F06FFA9DED230A0721201DF8
:1048100019F069F90A2702460723304603A919F05F
:1048200062FA0197636B18A90093236CD4F84C28A3
:1048300004A8EEF775FA0520FFF75AFE0523024695
:1048400003A9304619F04FFA3A4604A90EA8EDF72D
:10485000ABFF0EAF284657F8048BFFF701FE01357A
:1048600003464246304603A919F03DFA0A2DF1D11C
:104870002368039AB3FA83F35B09B2EB831F04D076
:1048800040F23521064B044A98E70DF5B46DBDE8BA
:10489000F08100BF35D10418BFD1041804D1041829
:1048A00080D1041801EBD171B0B549104A1C9200B7
:1048B000D31D23F0070300AFADEB030D6B464FF0A4
:1048C0007E5483ED010A1C6002251C46A94207DACA
:1048D00010449FED0D0A002291420DDABD46B0BD95
:1048E000D4ED016A30EE007AF4EC017A57EE267AC4
:1048F0000135C4ED017AE9E730ED017AF3EC017A94
:10490000013207EE270AE7E7000000002DE9F04F2B
:1049100001F1010C85B04FEA8C0C00AFBB600CF1CB
:10492000070323F00703ADEB030DE946ADEB030DE1
:10493000EA46144653464FF07E524D4643F8042B48
:1049400045F8042B8B46B0EE404A012201EBD176AC
:1049500000F1040E76106044B2421BDD5246484618
:104960000023B3422CDB0025DFED4B4AA0462E4648
:10497000F0EE645AB7EE006ABFEE003AF6EE002A97
:104980005E452BDB00265E457DDB28461437BD46A1
:10499000BDE8F08FFEEC017A70ED016A13ED016A5B
:1049A00037EEA67A37EE467A77EEE67AA3EC017A0E
:1049B00015ED017A77EE877A0132E5EC017ACBE7E3
:1049C000D2ED007A77EEA77AE2EC017AD0ED007AA8
:1049D00077EEA77A0133E0EC017AC2E716F0010F17
:1049E00014BF4B4653465946B0EE460A1846FB6084
:1049F000FFF758FFF4EEC35AF1EE10FAB0EE405A4A
:104A000020DB76EE445A5946B0EE650AF868FFF7A7
:104A100049FF65EE007AF5EEC07AF1EE10FA04D4A3
:104A2000B5EE400AF1EE10FA2AD1F0EE463A002334
:104A3000B0EE646A0135BA68934207DD88ED006A1A
:104A4000F0EE464A013608F1040899E733EEA56A0C
:104A500026EE226A5946B0EE460AF8687B60FFF7F8
:104A600021FF65EE007AF5EEC07AF1EE10FA7B6870
:104A700075FE865A76FE233A30FE055A0133DAE790
:104A8000B0EE656AB6E794ED000A10F0E3FE013679
:104A9000A4EC010A77E700BF000000002DE9F84F01
:104AA00093001446DA1D22F0070200AFADEB020DB1
:104AB0006E469B000833ADEB030D0D46E84681467C
:104AC000B3464FF0000AA24521DB04EBD4794FEA4C
:104AD00069094FEA89039A1C02334FEA8202404671
:104AE000B8BF0022002113F0B3FA0022F7EE007ADB
:104AF0009646B6EE005ADFED2E4A08F10C08A645A0
:104B000052DCC4463146F0EE676A00202FE0B9EC73
:104B1000010A10F00FFE0AF1010AABEC010AD2E71C
:104B200011ED027A53ED075A37EE077AF0EE673A45
:104B300047EE653A11ED017A13ED056A37EE077A13
:104B4000B0EE663A13ED064A07EE463A13ED047AE4
:104B5000624643ED077A43ED056A43ED065A03EDDD
:104B6000046A9C4673EE076A73EE847A01308145CD
:104B70000CF1100301F10801D2DC92ED017A92ED03
:104B8000026A37EE877A36EEC66A37EE067A27EE85
:104B9000057AC2ED017AA5EC017AC2ED026AF0EE67
:104BA000647A0EF1010EAAE7BD46BDE8F88F00BF9A
:104BB000000000002DE9F74F0E464468476A04EBF9
:104BC000D4754FEA650BC7EB650525EAE572002150
:104BD0003046920013F03CFA4FF000084FEA4709C4
:104BE00006EB850A0BEB0703AB4221DC4FF07E504E
:104BF000650004EB440404EBD474611006EB8302FB
:104C0000C7EB64049C422EDC4FF07E5006EB840818
:104C10000F44A7422BDCEA1B9200AF42C8BF002220
:104C2000002106EB870003B0BDE8F04F13F010BA87
:104C30004AF8048B4846EBF7B5FB02460B460020CA
:104C40001749EBF743FDCDE900014046EBF7BCFB0C
:104C500002460B46DDE90001EBF758FAEBF7EEFEF2
:104C600001358046BEE742F8040B0133CAE748F835
:104C7000040BEBF7A9FB824648468B46EBF792FB09
:104C800002460B4600200649EBF720FD02460B4684
:104C900050465946EBF738FAEBF7D0FE0134B8E747
:104CA0000000F03F43F23900044B05491A6801FB4C
:104CB00002001860C0F30E40704700BFB026080025
:104CC0006D4EC6412DE9F84F9A462DED028B0C46EC
:104CD000B0EE408A154606460027574503DBBDEC7B
:104CE000028BBDE8F88F18EE100AEBF76DFB024659
:104CF0000B4600201249EBF707FA54F804BB804634
:104D000058468946EBF760FBF5EC018A02460B46F4
:104D100040464946EBF7B0FB68EE887A804617EECE
:104D2000900A8946EBF750FB02460B46404649463F
:104D3000EBF7ECF9EBF782FE013746F8040BCCE712
:104D40000000F03F2DE9F04F2DED088B164689B09D
:104D5000DDE91A250F46D2F804B0116806FB03FA04
:104D60000BFB01F9BBF1010F0446049100EBC909EB
:104D70004FEACA0A16D1034697E8030083E8030006
:104D8000083399455744F7D105F584730293049B82
:104D9000023B032B00F28082DFE813F01B00560079
:104DA000F9009B0108320292049A4FEACB08724341
:104DB0000299019500913946CDE906230590FFF748
:104DC000C1FFDDE906230598574440448145EFD1F2
:104DD000DAE70BF1010304EBC303F6000834D5ED69
:104DE000436A53ED015AD5ED427A13ED026A25EE7E
:104DF000A67A16EE277A67EEA57A46EE267A54ED65
:104E0000026A76EEC76A43ED026A54ED016A76EEF5
:104E1000E76A43ED016A54ED026A36EE877A04EDE3
:104E2000027A14ED017A77EE277ABBF1010B44ED9B
:104E3000017A03F1080304F108043544CFD109B025
:104E4000BDEC088BBDE8F08F06FB0BF304EBCB0841
:104E500005EBC30304EB0B1A93ED43BA4FEAC60903
:104E6000330104F1080644465F46AB46049304341C
:104E7000D8ED016AD5ED437A14ED017A95ED428AB9
:104E800066EEA78A57EE088A28EE268ADAED016ACE
:104E900007EE278ADBED437A9AED007A66EEA79A51
:104EA0009BED429A57EE099A29EE269A56F8080C7D
:104EB00007EE279A78EEA9AAEBF786FACDE9020168
:104EC0001AEE900AEBF780FA0022F24BEBF7D4FAD5
:104ED00002460B46DDE90201EBF716F9EBF7AEFDF2
:104EE00044F8040C56F8040CEBF76EFA38EE09AAF5
:104EF000CDE902011AEE100AEBF766FA0022E54B43
:104F0000EBF7BAFA0B460246DDE90201EBF7FCF8D3
:104F1000EBF794FDC8F8040056ED026A76EEAA6A33
:104F200046ED026A56ED016A76EE8A6A78EE497AB3
:104F300046ED016A67EE8B7A54ED016A76EEA76A58
:104F400038EEE97ACAED006A27EE0B7AD8ED016AED
:104F500076EEC76ACAED016A54ED016A76EEE77A29
:104F600044ED017AD8ED017A77EE877A049B013F10
:104F7000C8ED017A06F1080608F108084D440AF167
:104F8000080A9B4404F108047FF472AF57E75F46B8
:104F90004FF0180BA846AC46AE460BFB06FB04EBE5
:104FA00007134FEAC60A4FEA061904EBC70003EBE2
:104FB000C701221D90ED015A98ED437AD0ED005AB9
:104FC000D8ED427A65EE076A55EEA76A67EE857AF4
:104FD000D3ED014A45EE877ADEED435A93ED005A50
:104FE000B0EE666A24EEA57ADEED426A15EE267A08
:104FF00066EEA46AD1ED013A45EE256A9CED435A6E
:10500000D1ED004ADCED425A23EE854A12ED013A19
:1050100014EEA54A65EEA35AD4ED013A44EE855A42
:1050200073EE474A37EE037A36EE043A02ED017A20
:1050300033EEE65A37EE437A76EEA36AC4ED016AA0
:1050400083ED007A77EEA53A94ED017A37EE637A34
:1050500083ED017A12ED017A37EE037A02ED017ADF
:1050600094ED017A37EE237A84ED017A77EEE57AD2
:1050700076EE446A6E6874EEA75A34EEE77A35EE3F
:10508000666A75EE267A5EB9F0EE656AF0EE475A0A
:10509000B0EE667AF0EE466AB0EE676AF0EE667AD7
:1050A000013F80ED007AC0ED017A04F10804C1ED02
:1050B000005A81ED016A00F10800D04403F10803B1
:1050C000CE4401F10801DC4402F108027FF472AF22
:1050D000B5E60BFB06F3029A4FF0180902EBC30783
:1050E000D7ED003A97ED013A07EBC307D7ED002A59
:1050F00097ED012AF7000497AE46AC462F464FF0D5
:10510000000804EB0B1309FB06F94FEA061A7601B7
:1051100004EBCB0003EBCB0103EB0B120296C34570
:1051200004F1080400F1080003F1080301F108018B
:1051300002F108027FF783AED5ED436A10ED015A04
:10514000D5ED425A10ED026A25EE264A13ED011AFA
:1051500016EE254A65EE855A97ED425AD7ED434A39
:1051600053ED021A46EE265A65EE016A51ED010A28
:1051700041EEA46A21EE246ADCED434A11ED021AE5
:1051800011EE856A9CED425A60EEA41A12ED018A76
:1051900051EE051A25EE205ADEED430A12ED020A01
:1051A00001EE245ADEED424A28EE201A10EE241AAF
:1051B00076EE218A64EE884A34EE018A14ED027A92
:1051C00040EE204A36EE850A76EEC56A38EE285A59
:1051D00075EEA40A35EE075A54ED017A04ED025A31
:1051E00030EE805A75EEE45A35EE275AF0EE474A13
:1051F00004ED015A34EE414A36EE616AB0EE675A68
:1052000022EE261A43EE884A03EE251A42EEA84AF9
:1052100062EE061A03EEA05A02EE887A62EE255A72
:1052200034EEC19A53EE265A02EE805A54EE431AD7
:1052300003EEA87A63EE066A42EEA07A00ED029AC7
:1052400037EE256A35EE619A43EE807A52EE046AB3
:1052500074EE814A35EE215A00ED019A37EE657AF7
:1052600042ED024A02ED015A03ED026A37EEA66AE8
:1052700077EEE67A049E03ED016A3544029E01ED65
:10528000027A41ED017A08F101085744CC44B64452
:1052900045E700BF0000E03F049BD5F800A0DD001B
:1052A000284609F0B9FE4FF0000C4FEACB020792F6
:1052B0000BFB06F2034606922A1865460592AB459B
:1052C0001EDC184609B0BDEC088BBDE8F04F1DF0A0
:1052D00091BA03EBC20804EBCE0103C988E80300CE
:1052E000DE44013204999142F3DCE0464FF0000EB7
:1052F00004EBC5020499714505DC0135B444DEE7D1
:10530000AE460022EEE793E8030082E803000021A6
:1053100003F10800059F874206D107990EF1010E9F
:105320000A4406998844E5E74144029F8A45D8BF6C
:10533000A1EB0A0107EBC10990ED015A99ED016A51
:10534000D0ED005AD9ED007A65EE066A92ED007A4A
:1053500055EEA76A67EE857A37EE267A45EE867AAD
:1053600082ED007A92ED017A77EE277A0830C2ED6D
:10537000017ACFE7F8B505460068164643682BB1B9
:105380004A21354B354A364812F084F86A68046879
:1053900018F086FC6B680022D3ED007A93ED017A59
:1053A00077EE876A77EEC77A06EBC403C6ED006A2C
:1053B000C3ED007A72605A606FF007020121B6EE09
:1053C000006A04EBD474671006F1080C921B8F423C
:1053D0000CF1080C00DAF8BD6C68CE0004EBC100DB
:1053E000D0ED015AD0ED006AD0180444D4ED004A43
:1053F000D4ED017AA868083E304434EEA67A35EE42
:10540000E75A76EEE46A77EEA57AD0ED014A90EDA0
:10541000004A67EEA45A67EE847A56EE845A46EE46
:10542000A47A77EE256A66EE866A37EE657A4CEDE9
:10543000026A77EE856A77EEC57A66EE866A27EEAF
:10544000067A67EE867A4CED016A013103ED027A45
:1054500043ED017A083BBAE796D2041809D3041841
:10546000AFD204182DE9F843036891465F68012F15
:1054700005D07E21394B3A4A3A4812F00BF81C68A5
:10548000D1ED007A01EBC40393ED007A77EE877AD1
:10549000456804EBD474C5ED007AD1ED007A93ED44
:1054A000007A77EEC77A45680E46C5ED017A651039
:1054B0006FF007040836641ABD42416806F1080619
:1054C00005DA4A46BDE8F843006818F0E9BB13ED79
:1054D000025A56ED015A53ED017A16ED027A8268AE
:1054E0004FEAC708A8F1080E964435EE076A75EE34
:1054F000E76A37EE457A77EEA57A9EED015ADEED42
:10550000004A67EE855A67EEA47A57EE245A47EEB2
:10551000057A36EE257A414481ED007A37EEA67A97
:10552000416836EE656A414481ED017A416804EBD9
:10553000030C614481ED006A76EEE76A4168013749
:105540006144C1ED016A4168083B6144D1ED017AD3
:10555000F1EE677AC1ED017AAEE700BFE3D204183D
:10556000FED20418AFD2041838B5044C044DAC4236
:1055700000D338BD54F8043B9847F8E7145103189A
:105580002851031838B5054C256804EB850405B986
:1055900038BD54F80439013D9847F8E7085103181D
:1055A0002DE9F04F91B0009302F004030293C2F38F
:1055B000C2030133840705460E46DDF86890039266
:1055C000059340F0FA81041D30B1072909D86FF026
:1055D0001B0011B0BDE8F08F01F00706341DC6F1C5
:1055E00008064FF000084FF0040B009B4FF0FF320D
:1055F000591E47464346DA46CDF8108001920DB158
:10560000009820600598002800F3DA809A48009AF4
:10561000824203D399488242C0F0D280039AA4EB1D
:10562000050E92074FEA9E0040F1E5804FF0000C16
:10563000CFE07A285FD84B280CD847285BD8292898
:105640002CD8252854D056D820287AD02338434245
:10565000434176E0A0F14C0CBCF12E0F4BD8DFE8B3
:105660000CF0704A4A4A4A4A4A4A4A4A4A4A4C4A0A
:105670004A4A4A4A4A4A4A5A4A4C4C5A5A5A704C1E
:105680006D4A704A184C184A4A817E4C4A4A4C4A24
:105690007E00002000234FF0040B3AE00122A0F12D
:1056A0002A0C5FFA8CFC02FA0CFC1CEA0E0F48D1A3
:1056B0001CF062502FD11CEA020342D0013C5C4432
:1056C000CBF1000C04EA0C04002D60D0AAEB050C11
:1056D000A4446645FFF47BAF00286AD1BAF1040FF9
:1056E00045D159F8040B20604FF0040A043428E037
:1056F000019B013B0193002323E011F8013C6C2B3B
:1057000032D1002011F8023C6C2B0346C3D14FF07C
:10571000080BDA46D2E709F1070929F0070907342F
:1057200024F00704F9E802AB35B106982044B042F2
:105730003FF64DAFC4E900AB002308344FF0080B2F
:10574000DA4611F8010F002800F0BF80002B7FF42B
:1057500070AF2528F5D1019B0133019301234FF050
:10576000040BEDE7184695E700200346A6E7BAF1DB
:10577000080F40F09C8009F1070929F00709B9ECEE
:10578000027B84ED007B4FF0080A0834D9E780B92A
:10579000BAF1040F02D109F10409A5E7BAF1080F23
:1057A00040F0858009F1070929F0070909F1080986
:1057B000E9E705980138059059F8040B00901EE7B9
:1057C000039A90074CD54FF0010CA4EB050E4FEA5D
:1057D0009E00BEF5007F1FD3294940F27B23294A52
:1057E000294818F0D1FC294818F0CEFC40F27B2162
:1057F000244818F0C2FC0F2F10D8002D4AD007F112
:1058000040020DEB020C019A0CF8200C0CF8102C45
:1058100004980130049022E00F2F0CD918494FF45E
:105820002073184A184818F0AFFC194818F0ACFC5F
:105830004FF42071DCE7D5B107F140020DEB020E09
:10584000019AC0B20EF8200C0EF8102CBCF1000F1B
:10585000DED060F07F000EF8200C08F1010801375F
:10586000C5F108024FF6DA7E0434069269E7BCF10E
:10587000000F0FD00136F2E7B04C0318580105189D
:10588000DA99041813D304181F98041841D3041884
:1058900062D30418029A0236002AE0D10098CDE9BA
:1058A000063112F08FFFDDE906310644D7E740F2FA
:1058B000C523434A4349444818F066FC51464348CF
:1058C00018F062FC40F2C52192E7631BB3F5806FCC
:1058D0000CD33C4940F2D123394A3B4818F054FCE0
:1058E0003B4818F051FC40F2D12181E71DB9A6F1E7
:1058F0000804E0186DE6029A9B0828602B709DF85A
:105900001030C2B1EB7085F80280B8F1000F05D0FD
:10591000002208A8C5F1010C97420ED14FF0000AF1
:10592000C5F101030DF1200901930DF1300B57452D
:1059300012D1601B4DE66B70E5E710F8013B1906CC
:1059400008D504EB0C0E764503F07F03FFF43FAE61
:1059500004F8013B0132DFE7B8F1000F03D099F9F9
:105960000020002A17DB029BD3B11AF80B2004F8A1
:10597000012B0022019B981820448642FFF427AE99
:1059800099F80000009904F8010B20460392EBF708
:105990000FF9039A14440AF1010A09F10109C6E753
:1059A00099F8002055F822300093029B009845F8A2
:1059B000223012F007FF421CDCE76FF00D0008E612
:1059C00013D30418DA9904181F9804187CD3041808
:1059D00091D30418014B1860704700BFB42608002B
:1059E00070B50C46002934D002680B1F9B1AD908E9
:1059F00023F0070313445D88E8070DD4AF23154A4D
:105A00001549164818F0C0FB2146154818F0BCFB94
:105A1000AF21104818F0B1FB104618F0ECF908441B
:105A200032F83060801B81420BD0B723094A0D4900
:105A30000A4818F0A9FB21460B4818F0A5FBB7212E
:105A4000E7E725F001055D801046BDE8704018F0DD
:105A50008FBA70BDB9D30418DAD304181F9804188C
:105A6000EBD3041823D4041849D404182DE9F843BF
:105A70004B1E0B400F461446066810D0C1F10009BA
:105A800009EA01094A46591E042A28BF042219427C
:105A90000CD11F46E4B900252846BDE8F883042947
:105AA00013D8BDE8F843114618F093BA2C494FF4C7
:105AB000A2732C4A2C4818F067FB2C4818F064FBA2
:105AC0004FF4A271274818F058FB99460422E1E7E9
:105AD000B368B3EBD40FDED904F10B013944891A52
:105AE0003046C90818F0DDF980460028D3D009F106
:105AF000040505EBC0057B1E35441D447F423D4037
:105B0000A5EB09052C442B1F07349B1B24F007042D
:105B1000A41BB0EBD30F4FEAD3074FEAE40408D23B
:105B200001463A46304618F009FA4146304618F028
:105B300067F93946304618F05EF93844844207D296
:105B40003046224618F0FAF92146304618F058F946
:105B500006EBC706738843F0010373809CE700BF20
:105B600085D40418B9D304181F980418A0D40418B5
:105B7000B2F5802F2DE9F0410ED33C4940F2EB13F2
:105B80003B4A3C4818F000FB3B4818F0FDFA40F255
:105B9000EB11374818F0F1FA042A0CD837494FF4C2
:105BA000F973334A334818F0EFFA354818F0ECFA35
:105BB0004FF4F971EDE7043ACD1D8E1825F0070575
:105BC00026F00706761B172E4FEAD6070CD82D496C
:105BD00040F2FB13264A274818F0D6FA284818F056
:105BE000D3FA40F2FB11D4E7B7FA87F44FF000087C
:105BF000C4F12002C4F12404A4000734E408631CA7
:105C0000BB420560AF60C5F80C800CD91E494FF44B
:105C10000373174A174818F0B7FA194818F0B4FA7E
:105C20004FF40371B5E74146920005F1100012F000
:105C30000FFA630043F001036B803B1B05EBC402CA
:105C40005900A5F800805180AA1925F83440A2F81F
:105C50000280AB5305EBC7035A88214642F001028C
:105C60005A802846BDE8F04118F0CAB8BDD40418DF
:105C7000B9D304181F980418D3D40418EAD404180C
:105C80000BD5041824D504184DD50418F8B50646CC
:105C9000DDE906051C4618F0C5F9D0E90013994264
:105CA000B668026914D156F8213004B9DB4332EAF0
:105CB00003002BD022EA03025DB362BB1A491B48E2
:105CC00096231B4A18F060FA9621194818F055FAE5
:105CD00056F8217004B9FF4332EA070C02D022EAD9
:105CE0000702E9E756F8237004B9FF43426932EA34
:105CF000070008D0194622EA0702DDE756F82120FE
:105D000004B1D24322B901318B42F7D8012001E01E
:105D10000DB90020F8BD92FAA2F2B2FA82F202EBBB
:105D200041122A60F5E700BF9DD504181F9804189A
:105D300078D504182DE9F0410C461746054658B9A8
:105D40002F4940F213132F4A2F4818F01DFA40F242
:105D500013112C4818F011FA03684BB92B494FF472
:105D60008A73284A284818F00FFA4FF48A71F0E72E
:105D700000F10C064FF00803EFF3118883F312884B
:105D8000BFF36F8F30460CF019FB60B99423204AA3
:105D900020491D4818F0F8F931461F4818F0F4F969
:105DA00094211B48D6E730460CF024FBEFB12B685A
:105DB000A3421AD9AB68620953F8223004F01F04D9
:105DC000E340002403F001033B6030460CF004FB89
:105DD00070B9C3230E4A11490B4818F0D5F9314662
:105DE0000F4818F0D1F9C321DBE76FF01504ECE799
:105DF00088F31188BFF36F8F2046BDE8F08100BFA4
:105E00000CD6041878D504181F98041824D6041842
:105E1000B2D50418DFD50418F4D504183BD60418FD
:105E200052D604182DE9F04F0D46914604468BB02A
:105E300058B946494FF4C573454A464818F0A4F985
:105E40004FF4C571424818F098F903684BB94249BC
:105E500040F28B133E4A3F4818F096F940F28B11FE
:105E6000F0E700F10C064FF00803EFF3118A83F31B
:105E70001288BFF36F8F30460CF0A0FA60B99423FC
:105E8000364A3749334818F07FF93146354818F01B
:105E90007BF994213148D6E730460CF0ABFAB9F1E2
:105EA000000F48D0002D46D02068A84243D30022DE
:105EB000676897424FEA421B0DD0A36853F822301F
:105EC000591C01D10132F4E72BB1DB4393FAA3F360
:105ED000B3FA83F39B44A0EB050804AFC34502D992
:105EE0006FF01B0413E003ABCDE900732A460023D7
:105EF00059462046FFF7CAFEC8B1204600240123B8
:105F00002A465946009718F0AAF8C9F800B030465A
:105F10000CF062FA90B9C323104A13490D4818F0E7
:105F200033F93146114818F02FF9C321B2E703992C
:105F300001F1010BD2E76FF01504E8E78AF311884D
:105F4000BFF36F8F20460BB0BDE8F08F0CD604185E
:105F500078D504181F98041824D60418B2D504184C
:105F6000DFD50418F4D504183BD6041852D604180B
:105F70002DE9F0474C1E0E469046054688B0144465
:105F800058B937494FF4E873364A374818F0FCF8E7
:105F90004FF4E871334818F0F0F803684BB933490F
:105FA00040F2D1132F4A304818F0EEF840F2D111E8
:105FB000F0E700F10C094FF00803EFF3118A83F3C7
:105FC0001288BFF36F8F48460CF0F8F960B994233C
:105FD000274A2849244818F0D7F84946264818F097
:105FE000D3F894212248D6E748460CF003FA46B38A
:105FF0002B68B34225D3434523D9A34221D900249A
:1060000002AF012332464146284601940097FFF72C
:106010003DFEC8B12346324641462846009718F057
:106020001EF848460CF0D8F988B9C323104A134922
:106030000D4818F0A9F84946114818F0A5F8C321F1
:10604000D0E76FF01504ECE76FF00D04E9E78AF391
:106050001188BFF36F8F204608B0BDE8F08700BFFE
:106060000CD6041878D504181F98041824D60418E0
:10607000B2D50418DFD50418F4D504183BD604189B
:1060800052D60418F0B5024601680A270020074ED0
:106090000B461C780131355D6D0701D41360F0BDEE
:1060A00007FB0043A3F13000F2E700BFF17C0418C6
:1060B0002DE9F84F15469A46D378224A6F2B12F8ED
:1060C00003B080460F460BF0030B29D024D8582B81
:1060D0000CBF10260A26DDF82890324600234046E1
:1060E0003946EAF74BFD092AD4B21ED83034B04500
:1060F000E4B277F1000709F8014D01D3D14511D879
:106100002B789B0605D5082E15D1AB7843F00803F4
:10611000AB704846BDE8F88F03F0F703702BD7E764
:106120000826D8E780460F46D7E7BBF1010F0CBF22
:1061300037345734DBE7102EEBD1AB7843F0100344
:10614000E6E700BFF17C04184FF08C43022170B5E4
:106150009A6C61F302029A649A6C42F008029A64A3
:106160009A6C61F306129A649A6C42F080029A6407
:106170009A6C42F480329A649A6C42F400329A64C7
:10618000204B5A6912F4003211D1BFF34F8FBFF385
:106190006F8FC3F85022BFF34F8FBFF36F8F5A69D1
:1061A00042F400325A61BFF34F8FBFF36F8F154A2D
:1061B000536913F4803323D1C2F88430BFF34F8F77
:1061C00043F6E074D2F88030C3F3C900C3F34E3312
:1061D0005B01014603EA040646EA81750139C2F80B
:1061E0006052F9D2203B13F1200FF2D1BFF34F8F51
:1061F000536943F480335361BFF34F8FBFF36F8F05
:10620000002070BD00ED00E008B5164BD3F88820E3
:1062100022F47002C3F88820D3F8882042F4A00248
:10622000C3F88820BFF36F8F4FF04042C3F8342289
:10623000BFF34F8FBFF36F8F0023E1EE103A04F0EE
:10624000D3FB094B1A681A6007F02CF8074A084973
:1062500008481DF014FDBDE80840074A07490848F2
:106260001DF00DBD00ED00E00000D0450000000075
:1062700040500518004F2B3000000000405005181A
:10628000004F2B307FB50E4B5B68DBB20F2B15D95F
:10629000103BDBB2202B11D80A4A52F82320CDE95B
:1062A0000332094B01220293002308491846CDE925
:1062B000003317F077FF07B05DF804FB044AEEE700
:1062C00000ED00E0F07104188CD60418505103184A
:1062D00084D604182DE9F04F4B4B95B00293002360
:1062E00006460C4601221846CDE90033474917F00F
:1062F00059FF012E01D1FFF7C5FF3C22002105A85F
:1063000011F0A6FEA36E1F6AA3690493636903F1EB
:106310006842023AB2F5800F9FBF023B0593012409
:10632000022584BF002401250DF0C8FEDFF8ECE053
:10633000D0E91D1319448F4236D3354F0024B84697
:106340004FF0200ADFF8D8B00DF110093846594651
:1063500059F8042B013412F045F9AC4287F808A033
:1063600007F10907F2D100252A4B04EBC404444489
:1063700004F8015C0122CDE9015328462B4623494C
:10638000CDF80C80009517F00DFF00F035F9224B89
:106390002846CDE9015301222B461C49009517F0F0
:1063A00001FF30461DF060FC3B68DA0724D503F19D
:1063B0006842053A72451FD80F2D1DD833F8032CBB
:1063C000DFF860C033F8050C02EA0C08B8F5784F26
:1063D00014D100EA0C02B2F5704F0DD1022DA3F1D9
:1063E000020303D114B1059A934205D014AA02EB1B
:1063F000850242F8403C013504379CE702F47F42B5
:10640000B2F58E4FE9E700BFB0D60418505103181B
:106410007BD90900C8D604181BD70418FCFF3F001D
:10642000C2D6041800F8FFFF7FB50BAB05930393AA
:10643000064B082202930023CDE9003218460422BD
:1064400000F08CF907B05DF804FB00BF0ED804180B
:106450001FB5094B00240393084B04220293082321
:106460002046CDE9004306492346FFF7DDFF08F04B
:10647000D5FF204604B010BD2AD804180ED8041841
:10648000C05103182DE9F84FDFF814A13D4F8146A4
:10649000AAEB07039F2B88460BD93B4940F21913FF
:1064A0003A4A3B4817F070FE40F21911374817F08E
:1064B00064FE384817F090FE0646002834D13C466A
:1064C00005464FF0010B544527D933494FF49373D8
:1064D0002E4A2F4817F058FE304817F055FE4FF45B
:1064E0009371E3E7237B73B12368DB680BB120462C
:1064F000984723681B6943B96368042220461968DA
:1065000000F006F901361034DDE7204698470028F0
:10651000F2D00BFA06F31D43F4E7E3D3B9F1000F11
:1065200002D04FF0010A0DB9BDE8F88FA94695FADF
:10653000A5F4B4FA84F40AFA04F3260107EB041470
:106540006FEA030B25EA0305237B5BB1BB591B698B
:106550009BB93E44736804222046196809EA0B0976
:1065600000F0D6F8002DE2D1B8F1000F03D064207E
:1065700000210DF071FD4D46D5E7204698470028D3
:10658000F0D1E6E7E051031870D8041843D8041896
:106590001F9804188C4F080094D80418E09D041824
:1065A000F0510318014B53F820007047747204181F
:1065B00008B5034608462BB1044A136000F0FEFA02
:1065C000002008BD6FF01500FBE700BFB8260800EB
:1065D0000023054A4FF47A711370044A044813608B
:1065E000044A1360FFF7E4BF0BDA0900844F080088
:1065F000C9E10218884F080070B5134D297809BB0E
:106600000120FFF73FFF114C114EB44217D9114939
:106610004FF4C473104A114817F0B6FD104817F034
:10662000B3FD4FF4C4710C4817F0A7FD63685B79A4
:106630001BB1236820469B6898471034E5E7F5D3E3
:1066400001232B7070BD00BF0BDA0900E051031865
:10665000F051031894D8041843D804181F9804184C
:10666000E09D041810B50446064817F0B5FD3CB18E
:10667000054BD3E8EF1F0139C3E8E21F002AF8D128
:1066800010BD00BF844F0800884F080070B5124B42
:1066900005461B689847114C114EA860B44218D9A2
:1066A000104940F2C513104A104817F06DFD10480C
:1066B00017F06AFD40F2C5110B4817F05EFD6368E4
:1066C0005B7923B12368294620461B68984710341C
:1066D000E4E7F4D370BD00BFB8260800E05103180A
:1066E000F051031894D8041843D804181F980418BC
:1066F000E09D0418044A054B9B1AB1EBD30F34BF3D
:1067000052F831000020704728510318E051031857
:106710000E4B10B5C31A1B110133DBB248B90C493B
:106720000C48DF230C4A17F02FFDDF210A4817F031
:1067300024FD4468237143689A71012243681960FB
:1067400043685A71BDE8104017F064BDE05103186A
:1067500039D904181F98041801D904182DE9F04FED
:1067600085B002AF0446D7E90EA90E469346984677
:106770003D6BBAF1000F15D0C7F80490CDF800902A
:106780001021534600207A6BFEF70AFF011E0ADA39
:106790001E4975231E4A1F4817F0F6FC75211C4838
:1067A00017F0EBFC51461C4A04F007040BF0070BF2
:1067B000E40044EA8B1402EA4122144344EA0554FB
:1067C00017350D4425F00705ADEB050D02ADBAF107
:1067D000000F11D0CDF8009053467A6B05F11000F0
:1067E000FEF7DEFE002807DA08498F23084A094829
:1067F00017F0CAFC8F21D2E743462246314628468D
:1068000017F00BFD0C37BD46BDE8F08F85D9041895
:1068100059D904181F98041800FE0F000EB403B5D0
:1068200003AB53F8042B01460448019317F037FDDE
:1068300002B05DF804EB03B0704700BF4DE20218F0
:10684000CA0605D48B064CBF02490349FFF7E6BFD1
:10685000704700BF5BF704188FD904182DE9F04F7B
:106860008BB09B46DDE915839DF850700693179B0E
:1068700004460D46189E08920593002F00F0948060
:10688000042F0BD9994940F2B313994A994817F04C
:106890007BFC40F2B311964817F06FFC06F0010341
:1068A000099306F00803079317F0B5FC06F0020AF7
:1068B0000246002848D020468F49FFF7AFFF8146A7
:1068C000BAF1000F08D016F0440F3FD12A462046F7
:1068D0008A49FFF7A3FF8144099B53B1884B2046A7
:1068E00053F82720874B8849002A08BF1A46FFF72C
:1068F00095FF079B002B55D0844B204653F827204B
:106900008349FFF78BFF0546089B2BB11A462046AB
:106910008049FFF783FF0544BBF1000F05D05A46BD
:1069200020467D49FFF77AFF05444D44B8F1000F3A
:106930004BD1059B002B60D1F30700F1D08031468D
:106940002046FFF77DFFC4E08146B9E7734B186826
:106950000028C0D0724B4FF47A7A1B684FF4616103
:10696000B5FBF3F5B5FBF0F300FB13550AFB05F59A
:10697000B3FBF1F2B5FBF0FE4FF03C0C01FB123122
:1069800000FB1E55B1FBFCF30AFB05F5B5FBF0F56A
:106990000CFB131120460091CDE901E56149FFF799
:1069A0003DFF98E7079DAFE7BBF1010F08D1B8F1B4
:1069B000000F1CD1059B002B00F08B8000251CE0F4
:1069C000B8F1000FF6D0584812E058484346224626
:1069D000574917F0C4F900280CDA564940F2092348
:1069E000434A444817F0D0FB40F2092153E74F488F
:1069F0003D46EBE7059B002B68D0DFF84C91DFF8B4
:106A00004CA1059B3146102B28BF102320469846E9
:106A10004FF0000BFFF714FF5D4543DC069B51462A
:106A200020461A78FFF7FAFE4FF0010B1BF0070F14
:106A300003D149462046FFF7F1FED84539D9069BD8
:106A40005146204613F80B20FFF7E8FE0BF1010B2F
:106A5000BBF1100FEAD14FF0000B20463649FFF78B
:106A6000DDFE5A46069B20469A5C344B995C11F039
:106A7000970F08BF2E223249FFF7D0FE0BF1010B12
:106A8000BBF1100F1AD01BF0070F03D14946204667
:106A9000FFF7C4FED8455A46E4D849462046FFF7DA
:106AA000BDFEEBE749462046FFF7B8FE0BF1010BB0
:106AB000B2E720462349FFF7B1FEC7E7069B4344F0
:106AC0000693059BB3EB080305939AD1002F7FF43F
:106AD00033AF20460BB0BDE8F04F17F0E7BB2046C0
:106AE000084A0949FFF79AFE29E700BFC6D90418EA
:106AF00097D904181F980418D2D90418D6D90418A5
:106B00008472041892D904186BCA04189872041875
:106B1000FBD9041801DA041805DA0418944F0800A8
:106B2000904F0800DFD9041869E202184DE20218FC
:106B30009FE202180ADA041819DA0418F17C041822
:106B40001BDA04188CCA04188ECA041813DA041845
:106B50002DE9F0410F884B6805460C4690468E683B
:106B600086B0C7F382175BB1134A9B1A43F3CF0178
:106B700000291FDB2078C0F3C200FFF7BBFD0346EE
:106B8000214651F8102B6088C2F34A22002A01EBFB
:106B9000020408BF0021C0F30B10CDE90308CDE9C2
:106BA00001140022314628460097FFF757FE06B031
:106BB000BDE8F0810023E3E72851031800210123F9
:106BC000064A904206D8064A01B901231360054BD4
:106BD00018607047012140085B00F2E740420F0057
:106BE000904F0800944F0800014B00201960704737
:106BF000AC4F08000122024B02481A7017F056BB36
:106C00000DDA0900C872041810B5064B0C46186856
:106C1000FFF7C8FC2146BDE8104003460F2202489A
:106C2000184700BFAC4F0800C8720418F8B50D46ED
:106C30000446064F4618B44201D12846F8BD14F860
:106C4000011BBB6801485B689847F4E7384E03189E
:106C500008B507481CF0EDFF48B9064906487F23F0
:106C6000064A17F091FA7F21044817F086FA08BD0A
:106C7000384E03187CDA04181F9804183EDA0418FA
:106C800008B5034A0349044817F09EF8002008BDE0
:106C9000B0DA0418BBDA0418C3DA04180149102268
:106CA0000A60704710ED00E072B6404080F3118832
:106CB000BFF36F8FBFF34F8F30BF62B6BFF36F8FDD
:106CC000704700BF2DE9F04780460D468CB0002983
:106CD00000F0B88000248B68012205934B682046A1
:106CE00004930B685B4903935B4BCDE9004402932B
:106CF000234617F0E8FA6B69012205932B692046B9
:106D00000493EB6853490393544B0094CDE901433A
:106D1000234617F0D8FAEB6901220393504B204623
:106D2000CDE901434B492346009417F0CCFA2F4696
:106D30002646DFF84891DFF81CA1D7ED0B7AFCEE70
:106D4000E77AE31C0993CDED0A7AD7ED0A7AFCEED7
:106D5000E77AA31C0793CDED087AD7ED097AFCEE0C
:106D6000E77A631C0593CDED067AD7ED087A002308
:106D7000FCEEE77ACDE90294CDED047A012251468A
:106D80001846CDE90066043417F09DFA102C07F17F
:106D90001007D2D12B6E01220393324B2D49CDE93E
:106DA000016300230096184617F08DFAAC6E002C94
:106DB0002FD0A368012205936368264904932368B2
:106DC00000960393284BCDE901630023184617F082
:106DD0007AFA63690122059323691E490493E368E3
:106DE00000960393214BCDE901630023184617F069
:106DF0006AFA236A01220593E36916490493A36999
:106E0000009603931A4BCDE901630023184617F04F
:106E10005AFA00242B6F01220393164B20460D498A
:106E20000293CDE90044234617F04DFAAB690122E5
:106E30000393114B2046CDE90143064923460094B4
:106E400017F041FA294640460CB0BDE8F0470AF079
:106E5000E5BE00BFD0510318ECDA04181BDB0418A0
:106E60004ADB04189CDB0418ABDB0418DADB0418DB
:106E700009DC041838DC04184ADC041859DB04184F
:106E800040B2002807DB01234109034A00F01F003C
:106E9000834042F82130704700E100E038B54B1CD8
:106EA0001F2B04460D460FD95C23104A1049114888
:106EB00017F06AF9294610481F23224617F064F993
:106EC0005C210A4817F059F940B20028ACBF00F124
:106ED00060400A4A4FEAC303DBB2ABBF00F5614032
:106EE00000F00F0080F80033135438BD78DC04182C
:106EF000AEDC04181F980418C9DC041814ED00E077
:106F000030BFFFF7FDBF00BF144A08B5144B22F095
:106F10007F029A60BFF34F8FBFF36F8FD3F8882043
:106F200022F47002C3F88820D3F8882042F4A0022B
:106F3000C3F888204FF04042C3F83422BFF34F8F8C
:106F4000BFF36F8F0023E1EE103A0AF021FF0DF03E
:106F50002BFB00F027FC0AF06FFF00BF00000018B9
:106F600000ED00E00A4A0B4993680968C3F8840001
:106F7000C3F8881008494B6843F080534B600023E6
:106F800083F31188BFF36F8F9368D3F8880070473D
:106F9000E07A08004877041800ED00E023498A6889
:106FA00082F8CDE04FF030001044EFF3098C80E818
:106FB000F01F1EF0100F03D102F18C0080EC108A3C
:106FC000082080F31288BFF36F8F194F4FF00066CF
:106FD0008A698A603E6092F9CDE0D2F8840000238D
:106FE000C2F8843080F311881EF0100F03D0002304
:106FF000E1EE103A03E002F18C0090EC108AEFF31E
:10700000148323F0040383F31488BFF36F8F02F11A
:10701000300090E8F01F8CF3098802F1000004B5FD
:1070200017F07FF9BDE8044070470000E07A0800DF
:1070300004ED00E01EF0040F0CBFEFF30880EFF347
:107040000980816911F8021C0229FFD001B5EFF314
:10705000098106B42DE9F00F694617F044F90AB02A
:1070600001BD00BF42F8203C009B0D4942F81C3C8A
:10707000019B21F0010142F8183C029B42F8081CD8
:1070800042F8143C4FF0807342F8043C0023C0F8EF
:1070900084304FF47D43203A0265C0F8CC3070470D
:1070A000E3DD02180023E1EE103AEFF3148323F03E
:1070B000040383F31488BFF36F8FBFF36F8F094B03
:1070C0009860436F83F30B88104681F30988002191
:1070D00063B681F31188BFF36F8F0022002316F08F
:1070E00080FE00BFE07A080001B5EFF30580A0F153
:1070F00010004FEAC0000449014409C99847BDE89F
:107100000140024908470000704F0318117101182F
:10711000044B99689869884203D003494FF0805224
:107120000A607047E07A080004ED00E0F0B5002442
:107130004B4B85B00293074623460E46012220465C
:10714000CDE90044474917F0F5F8474B9B6ADD0647
:1071500074D5464B2046CDE90143012223464149DF
:10716000009417F0E7F811203F4B9B6A1C070AD5E3
:107170003F4B0122029300233A491846CDE90033E0
:1071800017F0D8F81220384DAB6A99071FD50024A4
:10719000384B0122029320462346CDE90044314971
:1071A00017F0C8F86B6BAA6A12060FD50393324B1F
:1071B0000122CDE90143204623462A49009417F0D5
:1071C000B9F81FB1AB6A23F08003AB621320264BE2
:1071D0009B6ADB070AD5294B012202930023214930
:1071E0001846CDE9003317F0A5F814201E4B9B6A12
:1071F0009F060AD5224B0122029300231949184603
:10720000CDE9003317F096F81520174B9A6AD5068A
:1072100002D49A6A940713D59B6AD90610D51949E6
:107220004FF4B173184A194816F0AEFF184816F01B
:10723000ABFF4FF4B171144816F09FFF102093E795
:10724000094B9A6A920642BF5A6A22F400525A6265
:107250009A6A42F0FF029A620023337005B0F0BDD3
:1072600009DD0418D051031800ED00E01FDD0418FB
:1072700052DD041865DD04187DDD041893DD041863
:10728000B2DD04181BDE0418E1DD04181F98041891
:1072900065DE0418F0B50024434B85B00293074621
:1072A00023460E4601222046CDE900443F4917F00F
:1072B00041F83F4B9B6ADB0465D53E4B2046CDE948
:1072C0000143012223463949009417F033F817206F
:1072D000374B9B6A1D050AD5374B012202930023C9
:1072E00032491846CDE9003317F024F81820304D04
:1072F000AB6A9C051FD50024304B01222046029327
:10730000CDE900442346294917F014F8AB6BAA6A6B
:1073100010040FD503932A4B0122CDE901432046E7
:1073200023462249009417F005F81FB1AB6A23F4F5
:107330000043AB6219201E4B9B6A59050AD5214BAD
:1073400001220293002319491846CDE9003316F0B3
:10735000F1FF1A20164A936A13F4807315D01A4B62
:1073600001220293002311491846CDE9003316F09B
:10737000E1FF1B200E4A936A43F47F43936200238C
:10738000337005B0F0BD1620A2E7926A9204F1D5E1
:107390000E4A1846CDE9013204490122009316F045
:1073A000C9FF1C20E6E700BFC9DE0418D05103184E
:1073B00000ED00E0DFDE041852DD0418F0DE0418F2
:1073C00009DF04181EDF041839DF0418B2DD0418C1
:1073D0001FB500243E4B3F4902930122234620461D
:1073E000CDE9004416F0A6FF3B4B9B6A99016DD591
:1073F0003A4B2046CDE9014301222346354900940A
:1074000016F098FF1E20344B9B6ADA010AD5344BE4
:107410000122029300232F491846CDE9003316F0CC
:1074200089FF1F202C4B9B6ADB020AD52D4B0122C2
:107430000293002327491846CDE9003316F07AFF5E
:107440000220254B9B6A1C030AD5274B012202937D
:10745000002320491846CDE9003316F06BFF2120A8
:107460001D4B9B6A59030AD5204B0122029300232E
:1074700018491846CDE9003316F05CFF2220164B60
:107480009B6A9A030AD51A4B0122029300231149E1
:107490001846CDE9003316F04DFF23200E4B9B6AB2
:1074A000DB030AD5134B0122029300230949184636
:1074B000CDE9003316F03EFF2420074A936A6FEAB5
:1074C00003436FEA1343936204B010BD1D209AE793
:1074D00051DF0418D051031800ED00E069DF0418F3
:1074E0007CDF041896DF0418C0DF0418DEDF041800
:1074F00003E004181DE004182DE9F04F9A46894B6B
:107500000D465968904681460023A5B0C1F3080294
:1075100083F31188BFF36F8F08F07F40B0F17F4F86
:107520000CD108F00C00082817D17F4A1846CDE985
:1075300001327E490122009316F0FCFE7C4940F2A4
:107540003F437C4A7C4816F01FFE7C4816F01CFE28
:1075500040F23F41774816F010FE18F0080F0ABFBE
:107560004D461F460127002DE8D04FF0000BD31EDB
:107570008DF81BB0092B00F2BC80DFE803F005B0EA
:10758000B493BABABABABAB86D4B0122CDE901B315
:10759000002366491846634ECDF800B016F0CAFEC7
:1075A0008DF81BB0F46A14F0020405D0654BCDE9E8
:1075B00001B3CDF800B006E0F36A002B0BDA624BA2
:1075C0000094CDE90143002301221846574916F0E3
:1075D000B1FE002430E0F36A5B0073D55B4B0122FF
:1075E000CDE90143204623465049009416F0A2FEFF
:1075F0007369AA6943F480737361BFF34F8FBFF35C
:107600006F8F736932F8022C23F480737361BFF3B8
:107610004F8FBFF36F8F4DF602739A422AD12B68BA
:10762000204603934A4B0094CDE9014301222346AF
:107630003E4916F07FFE2C689DF81B30BBB96822CE
:10764000294607A8E9F7B4FACDE921A90E9BCDF8A0
:107650008C80002F61D0C3F3080222B96FEA532354
:107660006FEA43230E93204607A9FFF72BFB25B0B3
:10767000BDE8F08FB36ADBB233B101200DF11B011D
:10768000FFF754FD0446D7E7B36A13F47F4F05D0E4
:1076900001200DF11B01FFF7FDFDF3E7B36AB3F520
:1076A000803F02D3FFF794FEECE72A4940F2113302
:1076B000204A214816F068FD274816F065FD40F283
:1076C000113147E7234940F215331A4A1A4816F098
:1076D0005BFD224816F058FD40F215313AE70020D4
:1076E0000DF11B01CCE700200DF11B01D3E71C4B72
:1076F0005DE711F4F87F1B491B4B18BF0B46103A8E
:10770000CDE90332194B01220293002307491846A1
:10771000CDE9003316F00EFE5BE723F4FF7323F090
:1077200001039FE700ED00E076E00418D051031854
:10773000A1E00418E1DD04181F980418B4E004184F
:10774000F2E0041809E104182AE1041838E10418E9
:1077500057E10418DA99041873E1041897E1041842
:10776000C7E104185DE0041848E00418EBE10418D0
:10777000044B5A6942F010025A615A6942F480621D
:107780005A61704700ED00E0EFF30880EFF30981E4
:1077900001B506B42DE9F00F6B467246FFF7ACFE5B
:1077A0000AB001BD002308210348C2180133202B71
:1077B00082F80013F9D1704700E100E0FEF724FDE4
:1077C000082080F3118808484FF40061401880F3C6
:1077D0000988EFF314800221084380F31488BFF373
:1077E0006F8FFFF791FB000030FA0900084B9B6890
:1077F00083420BD1EFF3058343B1064B5A6842F045
:1078000080525A605A6A22F400425A620CF05CBC00
:10781000E07A080000ED00E0002910DD00F01F0311
:107820000B44BFF34F8F07490344C1F85C0220307B
:107830001A1A002AF9DCBFF34F8FBFF36F8F0020B5
:10784000704700BF00ED00E01FB5094C094A234610
:107850000121094800F018F900230393074B012187
:10786000E41A01A80193029400F032F904B010BDAB
:1078700000000C0000000800D8720418D82D080081
:1078800010B50C7A0B6804F01F0223F01F031A4393
:10789000CB68640923F01F03054943EA440343F01E
:1078A0000103C1F89800C1F89C20C1F8A03010BDB8
:1078B00000ED00E00F281FB504460FD9094B0390D7
:1078C0000293002301221846CDE90033064916F041
:1078D0004AFD6FF01504204604B010BDFFF7D0FF3D
:1078E000F9E700BF02E20418C85103182DE9F04F70
:1078F0008946144606464FF00008544D89B0C845E5
:107900002DDAD6F804A0BAF1000F4AD0BAF11F0F51
:1079100017D91AF01F0F14D1D6F800B01BF01F0FA3
:107920000FD1584616F016FD07460AEB0B0001383A
:1079300016F010FD874216D06FF01507444B0397E1
:1079400002E0444BCDF80C8002930023012218463C
:10795000CDE90033404916F006FD6FF015042046CE
:1079600009B0BDE8F08F17F1160FE7D0BC42E5DD96
:10797000C5F89870D5F89C10C5F89870D5F8A03067
:1079800021F01F0143F01F0BD6E900321A4499423F
:1079900002F1FF3A1DD1D34507D13146F8B216F0B6
:1079A000F2FC08F101080C36A9E73146C5F89870D9
:1079B000D5F89C3022F01F0203F01F031343C5F8D3
:1079C0009C30E0B216F0DFFC10F1160FC5D0441C5D
:1079D000E7E7C5F89870D5F8A020013B23F01F0316
:1079E00002F01F021343D3453146E0B2C5F8A03080
:1079F000E8D016F0C8FC10F1160FAED0C5F898709C
:107A0000D5F89C209DF818300BF1FF3B62F304037E
:107A10008DF81830D5F8A0309DF818205B0863F376
:107A200047128DF81820D6E900321344049323F04E
:107A30001F035B44A3EB0A03013023F01F0304A9D7
:107A4000C0B20793FFF736FFBEE700BF00ED00E0CE
:107A50004BE2041828E20418C85103180522044B0D
:107A6000C3F89420BFF34F8FBFF36F8F704700BFF1
:107A700000ED00E0BFF35F8F0022024BC3F89420BB
:107A8000704700BF00ED00E038B50C4D0C462A7879
:107A9000FFF72CFF287016300FD140F21B13084A55
:107AA0000849094816F070FB2146084816F06CFB9F
:107AB00040F21B11024816F060FB38BD0EDA0900D7
:107AC0006EE20418DA9904181F980418A5E2041845
:107AD0002DE9F74F314E894605464FF00008B34671
:107AE0002F4FC84502DB03B0BDE8F08FD5F804A0E6
:107AF000BAF1000F4CD029680846019116F02AFC13
:107B0000019904460AEB0100013816F023FC844277
:107B10004FF01402234B15D002FB08F36FF015024F
:107B20004BF8032040F22B131F4A2049204816F03F
:107B30002BFB49461F4816F027FB40F22B111A4831
:107B400016F01BFB14F1160F3460EBD01978A1422C
:107B5000E8DD02FB08B0C7F89840C7F89840D7F8AE
:107B60009C4000F10801007B64F304000871D7F821
:107B7000A0000C79400860F347140C71D7F89C10F2
:107B800021F01F017160D7F8A01021F01F013161B1
:107B900008F1010814360C35A3E700BFB04F080008
:107BA00000ED00E00EDA09006EE20418DA9904181C
:107BB0001F980418D1E2041838B51F4D2C68102CFA
:107BC00010D94FF4A9731D4A1D491E4816F0DCFA5E
:107BD000214610221C4816F0D7FA4FF4A971174815
:107BE00016F0CBFA0020FFF745FF184B184AC3F8F0
:107BF000C020844217D1174B1C70FFF72FFF134B87
:107C0000D3F89030C3F30723102B13D012494FF44D
:107C1000DE730A4A0B4816F0B7FA104816F0B4FAA9
:107C20004FF4DE71DBE7696801EB0011FFF728FE16
:107C30000130DEE7002038BDB87104186EE2041888
:107C4000DA9904181F98041800E3041800ED00E006
:107C5000AAFF44000EDA090034E3041885E304188F
:107C600008B50A4BC3F54023B3F5005F0CD20849B1
:107C70008023084A084816F087FA084816F084FA64
:107C80008021044816F079FA002008BD70130B001B
:107C9000D6E30418A6E304181F9804181AE404187D
:107CA000014B1860704700BFC0260800F8B50646B3
:107CB0000D460024064FAC4208DA3B6898470A2874
:107CC000305504F1010401D00D28F4D12046F8BD4F
:107CD000BC260800F8B50D46094F461EC0F1010448
:107CE000A3199D4201DC2846F8BD73780A2B02D106
:107CF0000D203B6898473B6816F8010F9847EFE75F
:107D0000C026080010B506490B68C2180548C0F522
:107D10004024A24236BF0A604FF0FF30C01810BDA9
:107D2000C44F080070130B0010B5044658B9114930
:107D300040F27913104A114816F026FA40F27911F0
:107D40000D4816F01AFA142013F0D5FC206060B923
:107D50000B4940F28113084A084816F015FA094801
:107D600016F012FA40F28111EAE7BDE810401BF06C
:107D7000DFBF00BFA2E40418A6E304181F9804188C
:107D8000A1E40418DDE4041808B558B90749084807
:107D90004FF4CA73074A16F0F7F94FF4CA71054851
:107DA00016F0EBF9BDE8084013F0A7BCA2E40418F4
:107DB0001F980418A6E3041810B558B909490A48D1
:107DC0004FF4D373094A16F0DFF94FF4D371074823
:107DD00016F0D3F94FF0FF32BDE810404FF0FF33FB
:107DE0000AF0E0BCA2E404181F980418A6E30418E3
:107DF00008B558B9074908484FF4E173074A16F027
:107E0000C3F94FF4E171054816F0B7F9BDE8084031
:107E10000AF098BDA2E404181F980418A6E30418F9
:107E200008B51D210448FFF755FF404080F3118835
:107E30004FF0030002DF00BF00E5041808B5044856
:107E400015F0C2FF404080F311884FF0040002DFBC
:107E50001EE5041813B5002802DB002002B010BD97
:107E600020F000442146064801AAFDF763FF0028E0
:107E7000F3DB019B002BF0D0024800EBC400EDE7E0
:107E8000C4260800CC4F080013B5044601AA0121FE
:107E90000748FDF7C7FF0028B1BF0020019B054838
:107EA00043F00042A4BF00EBC300226002B010BD4B
:107EB000C4260800CC4F0800F8B5054608461E4603
:107EC000174600F0AFF804462868431C0FD0FFF7B0
:107ED000C1FFD8B1D4B13A46334621460CF020FB5D
:107EE00010F10B0F14D0002805DA4042F8BD2846E7
:107EF000FFF7CAFFEDE7F9D0064907486423074AB0
:107F000016F042F96421054816F037F91620EDE71E
:107F10007420EBE753E504181F98041827E50418AC
:107F200038B500240A4D28461BF05BFF48B10949CB
:107F30000948C723094A16F027F9C721074816F050
:107F40001CF90134052C05F10805ECD138BD00BF42
:107F5000CC4F08005CE504181F98041827E50418A6
:107F600008B503685A1C09D01846FFF773FF98B18B
:107F70000CF084FA002804DA404208BDFFF784FFC1
:107F8000F5E7FAD0054906487923064A16F0FCF8C9
:107F90007921044816F0F1F81620EEE753E50418AD
:107FA0001F98041827E5041813B5002802DB0020E9
:107FB00002B010BD20F000442146074801AAFDF799
:107FC000B9FE0028F3DB019B002BF0D014230348FB
:107FD00003FB0400ECE700BFD4260800F84F0800BC
:107FE00038B500240B4D28461BF0A2FE58B10A49B3
:107FF0000A484FF4A0730A4A16F0C6F84FF4A0716D
:10800000074816F0BAF80134052C05F11405EAD139
:1080100038BD00BFF84F08005CE504181F9804182D
:1080200065E5041813B504460068431C04D002B08B
:10803000BDE81040FFF7B8BF0121104801AAFDF7C5
:10804000F1FE002815DB019B43F000422260142260
:108050000B4C02FB034420461BF06AFE50B1094959
:1080600009485F23094A16F08FF85F21074816F088
:1080700084F80024204602B010BD00BFD4260800BA
:10808000F84F08005CE504181F98041865E504180B
:108090002DE9F84317461E46FFF7C4FF05460028A2
:1080A0007DD04049404B411A891059433F4B5C5C9D
:1080B0004FF00803EFF3118883F31288BFF36F8F3B
:1080C0003B480AF07BF968B994233A4A3A493B485D
:1080D00016F05AF836493A4816F056F894213548C1
:1080E00016F04BF832480AF085F9D5F808900BF0F5
:1080F000E5FF81454DD1012C21D0022C4BD0002C25
:108100003AD157EA060348D029480AF065F958B928
:10811000C323284A2B49294816F036F824492A480F
:1081200016F032F8C321DAE788F31188BFF36F8FB6
:108130004FF0FF314FF0FF300BF08EFFF8E747F6BE
:10814000FE73EC689C428CBF0B24002418480AF094
:1081500043F90028DCD088F31188BFF36F8F2CB966
:108160003A46334628460AF01DFB044684EAE4708A
:10817000A0EBE470BDE8F8838C23144A14490F483F
:1081800016F002F82146134815F0FEFF8C210F4827
:10819000A6E70024DAE72D24D8E71024D6E7162036
:1081A000E8E700BFF84F0800CDCCCCCC0FDA0900CF
:1081B0005C500800B2D50418DFD504181F980418C5
:1081C000F4D504183BD6041852D6041865E50418F3
:1081D000DA99041892E504184FF0FF3310B50360E4
:1081E0000C46FFF71FFF58B144B9064BC01A064BA7
:1081F00080105843054B1C54002010BD2478F4E730
:108200000C20FAE7F84F0800CDCCCCCC0FDA0900EF
:1082100008B50068FFF7C8FE80B10AF093FB00289C
:1082200001DA404208BDFDD005490648F023064A60
:1082300015F0AAFFF021044815F09FFF1620F1E782
:1082400053E504181F98041865E5041810B5044692
:108250000068FFF7A9FE98B122680121094822F0C1
:108260000042FDF785FE60B10749084840F2071358
:10827000074A15F089FF40F20711054815F07DFF08
:10828000162010BDD42608005CE504181F980418B9
:1082900065E5041838B50025104C20461BF048FD54
:1082A00048B10F49AA230F4A0F4815F06DFFAA21C4
:1082B0000C4815F062FF04F114001BF092FD38B178
:1082C0000749AC23074A084815F05EFFAC21EFE7E9
:1082D0000135052D04F12404DFD138BD60500800BC
:1082E0005CE50418ACE504181F980418052010B5C7
:1082F000064B074A546803F1D0010138C3E934241E
:10830000216003F1E8035160F4D110BD583008003A
:10831000F426080070B504460E46D0F8D850CDB902
:108320004FF00803EFF3118583F31288BFF36F8FCB
:1083300022480AF043F8A0B99423214A214922484F
:1083400015F022FF1D49214815F01EFF94211C48FD
:1083500015F013FF6B689B680BB1A86898472D68F0
:10836000DDE716480AF046F8D4E934210A60516086
:10837000174A04F1D00351681048C4E934210B6056
:1083800053600223C4F8E06084F8E7300AF024F870
:1083900058B9C3230A4A0F490B4815F0F5FE07499F
:1083A0000D4815F0F1FEC321D1E785F31188BFF325
:1083B0006F8F2046BDE87040FFF718BA14510800CF
:1083C000B2D50418DFD504181F980418F4D5041882
:1083D000E42608003BD6041852D60418012908B533
:1083E0000DD10F2809D90C499E230C4A0C4815F0D1
:1083F000CBFE9E21094815F0C0FEC04308BD0E28E3
:1084000007D90849A123054A054815F0BDFEA12159
:10841000F0E7C0F10E00F1E702E60418DBE504180E
:108420001F98041810E604180028F8B520F000463C
:1084300001DB0020F8BD042EFBD84FF00803EFF35A
:10844000118783F31288BFF36F8F1E4809F0B6FFC0
:1084500068B994231C4A1D491D4815F095FE194919
:108460001C4815F091FE9421174815F086FE15481A
:1084700009F0C0FFE823184D03FB065393F8E740CB
:108480002CB1B3F8E640B4F5007418BF01240D48D0
:1084900009F0A2FF58B9C3230B4A10490C4815F044
:1084A00073FE08490E4815F06FFEC321DCE787F321
:1084B0001188BFF36F8F002CBBD0E82303FB06505D
:1084C000B8E700BF14510800B2D50418DFD504186E
:1084D0001F980418F4D50418583008003BD6041827
:1084E00052D6041808B50BF0E9FD044BC01A044B32
:1084F000C010584340F0004008BD00BF583008008D
:1085000035C2724F2DE9F04F0646914698460F4608
:1085100089B0002900F0C780CB69002B00F0C38030
:108520004B68002B00F0BF808B68002B00F0BB80F5
:108530004B69022B00F2B7808B69012B00F2B380EC
:10854000CC6814F0010440F0AE804FF00803EFF364
:10855000118A83F31288BFF36F8F554809F02EFFFD
:1085600068B99423534A5449544815F00DFE5049B4
:10857000534815F009FE94214E4815F0FEFD4C4875
:1085800009F038FF4F4B1D689D4222D0D5E90032DB
:1085900013605A60C5E90044D03D4B4A05F1D00351
:1085A00051682C46C5E934210B605360012385F8DE
:1085B000E730BB6985F8E630FB6813F0010F4FF038
:1085C0000003C5E9363318BF85F8E43085F8E53097
:1085D00011E03E4B1C689C4238D064B15A68A4F14B
:1085E000D005A24217D0246804B1D03C95F8E6200B
:1085F000012A23D18CB92E4809F0EEFE40BBC323DB
:108600002C4A33492D4815F0BFFD2949314815F052
:10861000BBFDC321B0E70024E8E725465A6805F111
:10862000D0018A424FF00004E0D0D5F8D040002CB1
:10863000DCD095F8E620D03C012AEED0D5E93432E2
:1086400013605A600023C5E93433A6E70024D2E75B
:108650008AF31188BFF36F8F3CB3D7E901AB796917
:108660003868FFF7BBFED7E903120A23A2FB0323F6
:108670000025CDE90623CDE90301174B20465A46D4
:108680005146CDE90195CDF8008009F0DFFD28467F
:10869000124BE41A124BE4105C4344F00044346083
:1086A00009B0BDE8F08F1620FAE70B20F8E700BF0D
:1086B00014510800B2D50418DFD504181F98041807
:1086C000F4D50418F4260800EC260800E426080077
:1086D0003BD6041852D6041815E402185830080086
:1086E00035C2724F034630B568B1084C04F120051D
:1086F000224603CAAA4218605960144603F10803CF
:10870000F6D1002030BD0C20FCE700BFE472041855
:1087100070B504460BF0D2FC344B354AC31ADB105B
:10872000534343F000439C425BD02046FFF77CFE5E
:108730000446002857D04FF00803EFF3118683F367
:108740001288BFF36F8F2B4809F038FE68B9942365
:10875000294A2A492A4815F017FD2649294815F0C3
:1087600013FD9421244815F008FD224809F042FE2B
:1087700094F8E630012B15D194F8E730A3B1002529
:1087800084F8E6501B4809F027FE78B9C3231A4A3B
:108790001D491B4815F0F8FC16491C4815F0F4FC5F
:1087A000C321DFE71625EDE70325EBE786F3118804
:1087B000BFF36F8F0DB1002070BD4FF0FF324FF04F
:1087C000FF3320460BF048FD0028F4D010490C4838
:1087D00040F24F230F4A15F0D7FC40F24F210D48CD
:1087E000C1E72D20E8E70320E6E700BF5830080086
:1087F00035C2724F14510800B2D50418DFD50418E1
:108800001F980418F4D504183BD6041852D604183F
:108810005CE50418DBE5041870B5FFF705FE0546B6
:1088200000283ED04FF00803EFF3118683F312883F
:10883000BFF36F8F1C4809F0C1FD68B994231B4A30
:108840001B491C4815F0A0FC17491B4815F09CFC5F
:108850009421164815F091FC134809F0CBFD95F8CA
:10886000E730B3B195F8E630012B12D1002485F83A
:10887000E6400D4809F0B0FD68B9C3230B4A0F4923
:108880000C4815F081FC08490D4815F07DFCC3210A
:10889000DFE71624EDE786F31188BFF36F8F2046DC
:1088A00070BD0324FBE700BF14510800B2D50418C3
:1088B000DFD504181F980418F4D504183BD6041803
:1088C00052D6041813280ED8084A12F8103053B1A3
:1088D00002EB4002527832B10868434393FBF2F353
:1088E00000200B6070476FF0150070471EE60418FB
:1088F0001FB5087900F01F03062B0FD90393194BFE
:1089000001220293002318491846CDE9003315F0DF
:108910009FFD6FF0150005B05DF804FB4A8852B169
:10892000124B02930023CDE90033012218460E4971
:1089300015F08EFDEDE710F0200305D00C4B0092F2
:10894000CDE901231346F0E70A78082A02D0094A44
:108950000292E8E74A78042A01D0074AF8E7184665
:10896000D9E700BF46E604184051031862E6041830
:1089700085E60418ADE60418C6E604182DE9F047AC
:10898000D0F89030224C816EC0F89430214B0546CF
:1089900043EA8111206805F073FF0321206885F800
:1089A000981006F0E3F8206806F096F80021206899
:1089B00006F0AEF84FF0010A0020266F2EB92846C7
:1089C000BDE8F047144915F053BD96FAA6F7B7FA7B
:1089D00087F74FF000080AFA07F94FEA891994F867
:1089E000A0205FFA88F39A420AD8D4F898300AFA9D
:1089F00007F79A1CC4F8982026EA07061880DDE7D6
:108A00004946206806F0D4F808F10108E7E700BFFE
:108A1000401E08001400F000F04D03182DE9F0434B
:108A200007698B680446C7F89830894685B048378F
:108A30004FF0FF334FF0FF3238460AF069F899F8EB
:108A4000103024690B2B14D00B230393274B0122E6
:108A50000293002326491846CDE9003315F0F8FCAF
:108A60006FF01504384609F0FBFF204605B0BDE85D
:108A7000F0834E4604F16C050FCE0FC53368002617
:108A80002B60A666D9F8003004F1080853B30FCB69
:108A900004F1800585E80F00E566A4F8906008B34E
:108AA000D8E8EF3FC8E8E26F002AF9D1D4F8800097
:108AB000642263304FF0000346F10001E8F75EF8EE
:108AC0000022CDE90001002308F108000CF0BCF8F9
:108AD0004FF0FF3204F158004FF0FF330AF018F85E
:108AE000A46EBFE74046FFF749FFF1E7E4E604184C
:108AF0004051031808B507481BF09BF838B10648E9
:108B0000FFF7CEF80448FCF765FF002008BD6FF0C2
:108B10001200FBE7384E03181D8B01180A2838B5E0
:108B20000446074D04D1AB680D2128465B68984781
:108B3000AB6803485B68E1B29847204638BD00BF88
:108B4000384E03182DE9F04112F0FC6F1346D0E9BE
:108B5000014706690ED042494FF43573414A4248F5
:108B600015F012FB414815F00FFB4FF435713D48ED
:108B700015F003FB02F03002302A0CD13C4940F2E0
:108B8000D723384A384815F0FFFA3A4815F0FCFA6E
:108B900040F2D721EBE7384A384D1A40AA420CD1AF
:108BA000374940F2DB232F4A2F4815F0EDFA3548BC
:108BB00015F0EAFA40F2DB21D9E703F00602042AB5
:108BC00009D1314940F2DE23264A274815F0DCFA64
:108BD00040F2DE21CBE713F4402216D09D030CD4E3
:108BE0002A4940F2E1231F4A1F4815F0CDFA2848D0
:108BF00015F0CAFA40F2E121B9E7B2F5402F18D0DA
:108C0000244A9A4301D183F44023012524688D40EE
:108C1000254223F4801219D11F4940F2F123114A51
:108C2000114815F0B1FA1D4815F0AEFA40F2F121E5
:108C30009DE71B4940F2E5230A4A0B4815F0A4FAC8
:108C4000184815F0A1FA40F2E52190E73468DB07F7
:108C50004CBF2C43AC4334603B68BDE8F04118473F
:108C600015E70418B09704181F98041872E7041841
:108C70004E980418879804180200030002000100AF
:108C8000C49804180B9904185A9904189699041852
:108C9000DC99041801001000E19704183C980418AE
:108CA00096E70418D7E704181FB51029436807D1C1
:108CB00093F82C0010F0080008D105B05DF804FB13
:108CC000202903D193F82C301B070CD4074B012229
:108CD0000293002306491846CDE9003315F071FCD4
:108CE0006FF08500E9E70020E7E700BF03E804181C
:108CF000685103181FB5002369B1084A1846CDE929
:108D0000013207490122009315F05BFC6FF08500EA
:108D100005B05DF804FB0846FAE700BF27E8041831
:108D200068510318034610B50A46197901230068F3
:108D300003FA01F1436804691B6819420ED10E4918
:108D400040F25C530D4A0E4815F01EFA0D4815F01E
:108D50001BFA40F25C51094815F00FFA23681942DA
:108D600018BF82F0010222B18368DB68BDE81040C1
:108D7000184783681B69F9E7E1970418B09704184E
:108D80001F9804183C9804182DE9FF471C46B3F8B7
:108D900004C01B8981469C451546DDF83080476834
:108DA0000CD93E49CC233E4A3E4815F0EDF93E48E9
:108DB00015F0EAF9CC213A4815F0DFF9E688226887
:108DC0007343B2EB430F0AD23849CD23344A3548B6
:108DD00015F0DAF9364815F0D7F9CD21EBE703693C
:108DE0001A88B3F802A011444BBA1CFA81F1013978
:108DF00049BAADF80830ADF80A1004232A2102AAB6
:108E000015F0FEFB002832DB55446BBA16FA85F5E7
:108E1000013DADF808302B21042348466DBA02AA63
:108E2000ADF80A5015F0ECFB002820DBA38822895E
:108E3000E5889A4294BF2E46012606FB03F342467C
:108E40004FF02C0148464FEA430398BF012515F027
:108E5000D7FB00280BDB0123B4F80890CDF808D02D
:108E600008EB490998460393A84503D3002004B0B2
:108E7000BDE8F087A3883846734302A95B00CDF8AC
:108E80000090019315F0ADFB0028F0DB238908F179
:108E9000010809EB43091FFA88F8E5E789E8041897
:108EA00054E804181F980418A4E80418C2E8041829
:108EB000F6E80418F0B54468064685B020681AF054
:108EC000B8FE88B9236801221B68A0490393A04B10
:108ED000029300231846CDE9003315F072FB6FF0C2
:108EE0001205284605B0F0BDE06818B11AF0A1FEE1
:108EF0000028E7D0206A08B31AF09BFE034640B969
:108F0000944ACDE9013291490122009315F059FBB1
:108F1000E5E7E28C206A94F8241042F4B012FFF7DF
:108F200011FE054650B18C4B0293002301221846D6
:108F3000CDE90033854915F044FBD2E7A0691AF06A
:108F400078FE034608B9854ADBE7E28BA069217FFA
:108F500042F40032FFF7F6FD054608B1804BE3E727
:108F60007468236AFBB1203401212046FFF7DAFE42
:108F700000210A200BF070F829462046FFF7D2FEA8
:108F800000214FF496600BF067F8002311211A4678
:108F9000304615F035FB041E19DA724B029300239C
:108FA000CDE900330CE0034602460121304615F0BE
:108FB00027FB041EE4DA6C4B0095CDE901532B46E8
:108FC00001221846614915F0FCFA254689E700217F
:108FD0004FF496600BF040F877680323B1213046D8
:108FE00007F1420215F00CFB041E01DA5F4BD5E7D6
:108FF0000323B221304607F1450215F001FB041EA0
:10900000F4DB0623B321304607F1480215F0F8FAE5
:10901000041EEBDB0123B421304607F1370215F0C3
:10902000EFFA041EE2DB0323C021304607F13802C9
:1090300015F0E6FA041ED9DB0123C121304607F101
:109040003B0215F0DDFA041ED0DB0223C2213046BC
:1090500007F13C0215F0D4FA041EC7DB0223C3213A
:10906000304607F13E0215F0CBFA041EBEDB0223A8
:10907000C421304607F1400215F0C2FA041EB5DBE8
:109080000123C521304607F1360215F0B9FA041E56
:10909000ACDB97F86E30002B54D0002321211A4608
:1090A000304615F0ADFA002804469FDB0123362137
:1090B000304607F12C0215F0A3FA041E96DB0123BB
:1090C0003A21304607F12D0215F09AFA041E8DDB85
:1090D00004232A21304607F12E0215F091FA041ECE
:1090E00084DB04232B21304607F1320215F088FA85
:1090F000041EFFF67BAF1023E021304607F14E023D
:1091000015F07EFA041EFFF671AF1023E121304600
:1091100007F15E0215F074FA041EFFF667AF002334
:1091200013211A46304615F06BFA041EFFF65EAFA7
:10913000002329211A46304615F062FA041EBFF6B4
:10914000D0AE53E71A462021AAE700BF68510318A2
:109150000FE9041824E904184AE9041867E9041817
:1091600084E90418BBE90418A4E90418CFE9041839
:10917000F0B585B06D4604462A46124B03F1100740
:109180002E4618685968083303C6BB423546F7D1E6
:10919000002332F8021BA14210D00133082BF8D172
:1091A0004623094A09490A4814F0EEFF21460948B6
:1091B00014F0EAFF4621044814F0DFFFD8B205B0EE
:1091C000F0BD00BF1A550318FBE90418DA9904181A
:1091D0001F98041822EA04182DE9F0410E4614469F
:1091E00086B060B15AB105290ED9A84B029300236D
:1091F00001221846CDE90033A54915F04CFA6FF06D
:10920000150006B0BDE8F081342202FB01F50769C4
:1092100005F10C003D4495F83C30384403F0FF085C
:1092200083B195F83C300122CDE90313994B98495D
:10923000029300231846CDE9003315F02CFA6FF0A5
:109240000F00DEE741460EF003FFA27812F018038C
:109250000DD0914BCDF80080CDE9018343461846EF
:1092600001228B4915F017FA6FF08500C9E7E26813
:10927000012A04D9894A0292CDE90033EFE7E28856
:10928000511E01290CD9042A0AD00392844A029261
:1092900001221846CDE900337D4915F0FCF9AEE70F
:1092A000A3885A1E012A06D9042B04D003937D4BB0
:1092B00002930023ECE72369002B36D01A7F3F2A64
:1092C00003D9794B02930023D6E75A68342303FB72
:1092D00006739A6122691268DA612269A18852696B
:1092E000B2FBF1F25A62A2881A622269527F110718
:1092F0001EBF1A6B42F002021A632369E2885B699F
:10930000B3FBF2F102FB11337BB19723674A684943
:10931000684814F039FF236967485969A28814F036
:1093200033FF9721614814F028FFA2692AB1342342
:1093300003FB0673DA6062691A614FF03408E5884E
:1093400008FB06786D086D00C8F82850A3885B08F4
:1093500045EA0315C8F828506089FFF709FF45EA78
:10936000C025C8F828502089FFF702FF45EA803061
:1093700040F00103C8F82830637803F00703012B9D
:1093800056D0022B5BD0002B5CD123691B7FC3F32B
:109390000113012B58D0022B5ED0002B63D123691F
:1093A0001B7FC3F38103012B5FD0022B65D0002B01
:1093B0006AD13423226803FB0673920A02F0E002AA
:1093C000DA62627802F00702022A7DD121781A6BF4
:1093D00042EAC1121A6321690B7F9A070DD5342323
:1093E000CA6803FB0673098AC2F3130242EA0152F8
:1093F0005A639A6A42F480229A6221690B7FDB07E2
:109400000DD534238A6803FB0673498AC2F313021D
:1094100042EA01529A639A6A42F400329A62342311
:1094200003FB06776378002003F007037B61E8E61F
:1094300040F4801040F00100C8F82800A5E740F48F
:109440000010F7E71D4B3DE7342303FB06739A6AD0
:1094500042F080029A62A2E7342303FB06739A6A01
:1094600042F48072F6E7164BC0E6342303FB067322
:109470009A6A42F400729A629BE7342303FB0673F4
:109480009A6A42F48062F6E70E4BAFE641EA0418AE
:109490007051031856EA04186CEA041897EA041885
:1094A000B8EA0418DCEA0418FFEA0418FBE9041817
:1094B0001BEB04181F98041858EB041886EB0418CB
:1094C000ABEB0418C2EB0418012A84D121781A6B83
:1094D00042EAC1227EE700BF30B5052985B0089D6C
:1094E00004690DD91D4B0122029300231C49184623
:1094F000CDE9003315F0CFF86FF0150005B030BDA1
:10950000342000FB014494F83C1061B1154B01225A
:109510000293002312491846CDE9003315F0BBF839
:109520006FF00F00EAE7C4E90632236AB5FBF3F0F7
:10953000606203FB10500028E0D040F21F130A4A7B
:109540000A490B4814F020FE29460A48226A14F002
:109550001BFE40F21F11044814F00FFE41EA0418EC
:1095600070510318DBEB0418FBE90418E8EB04184E
:109570001F9804180EEC04182DE9F041052988B055
:10958000CFB202460D46D0F810808DF81F700AD970
:10959000384B0293002301221846CDE900333649A7
:1095A00015F079F83FE0342606FB018696F83C304A
:1095B00003F0FF049BB9032330490DF11F001BF09A
:1095C000DBF99DF81F30FF2B0ED12D4B0122CDE989
:1095D0000143204623462849009415F05CF86FF0BB
:1095E0000F0008B0BDE8F081AB420CD0CDE90353C9
:1095F000244B0122CDE90143204623461E49009415
:1096000015F049F8EBE7736933F002030ED1B36943
:1096100063B91D4A1846CDE9013217490122039367
:10962000009315F038F86FF01500DAE7342404FBE6
:109630000584E2690AB1A3690BB9144BA9E70121BA
:10964000606B84F83C100590A06B0490206B039035
:10965000E06A0290A06A0190606A009038461BF0B0
:1096600073F90028BDD000236FF0040084F83C306B
:10967000B7E700BF41EA0418705103180100010068
:109680003AEC04185BEC041896EC0418F3EC04189C
:109690001FB5074B01220293002306491846CDE966
:1096A000003314F0F8FF6FF0150005B05DF804FB0F
:1096B00041EA0418705103187FB50BAB059303936F
:1096C000054B0222029300231846CDE90033FDF733
:1096D00045F807B05DF804FB65ED0418F0B50746E2
:1096E0000D46144687B00CB9204633E01AF081FBD2
:1096F0000A220023E7F742FA00F164063B69186882
:1097000005F06EFC012811D13B692646186805F06A
:109710004DFC042C28BF042605903246284605A996
:109720003544A61BE7F744FAB4B2DCE71AF061FB54
:109730000A220023E7F722FA8642DFDA064B0222EA
:109740000293002305491846CDE90033FFF7B4FF23
:109750006FF0730007B0F0BD65ED041848510318B1
:1097600038B5144649B9134913486A23134A14F00B
:109770000BFD6A21114814F000FDAAB113F001039A
:1097800015D04FF00803EFF3118583F31288BFF370
:109790006F8FFFF7A3FF85F31188BFF36F8F10EA78
:1097A000200038BF204638BD6FF01500FBE7184693
:1097B000F9E700BFA5ED04181F98041876ED04180A
:1097C000F8B5044617460E4649B9114911485623C3
:1097D000114A14F0D9FC56210F4814F0CEFC05694B
:1097E00092B104354FF0FF334FF0FF32284609F0B5
:1097F0008FF93A4631462046FFF770FF0446284667
:1098000009F02EF92046F8BD6FF01504FAE700BF05
:10981000A5ED04181F98041876ED0418024B0B6090
:1098200001231360704700BF187404180048704784
:10983000207404187FB50BAB05930393054B0122ED
:10984000029300231846CDE90033FCF787FF07B0E9
:109850005DF804FBD6ED0418B1F5800F2DE9FF414A
:1098600006460D46904615DC8B18B3F5800F11D8CF
:1098700041EA0203C3F30B0393B14FF48053039304
:10988000514B01220293002350491846CDE9003381
:10989000FFF7D0FF6FF01504204604B0BDE8F0815B
:1098A000EFF31087012383F310884FF080426FF0AD
:1098B0006040D2F8A0131368B3F1C05F73D314688B
:1098C00084428CBF00240124936DB3F1C05F6CD33C
:1098D000936D83428CBF0023012344EA4303D2F8F3
:1098E000B040B4F1C05F62D3D2F8B04084428CBFC4
:1098F0000024012443EA8403D2F80841B4F1C05F94
:1099000057D3D2F8084184428CBF0024012443EA93
:10991000C403D2F86041B4F1C05F4CD3D2F86041C7
:1099200084428CBF0024012443EA0413D2F8B841D6
:10993000B4F1C05F41D3D2F8B84184428CBF002457
:10994000012443EA4413D2F81042B4F1C05F36D385
:10995000D2F8104284428CBF0024012443EA8413CD
:10996000D2F86842B4F1C05F2BD3D2F86842844287
:109970008CBF0024012443EAC413194099D17068B4
:109980001AF0DAFF424605F1C05170681AF0E8FF9C
:109990000121041E706818BF6FF004041AF0CCFF98
:1099A00087F3108878E700248EE7002395E70024EA
:1099B000A0E70024ABE70024B6E70024C1E70024B9
:1099C000CCE70024D7E700BFD6ED04188051031878
:1099D00010B5036961B920492A23204A204814F0B0
:1099E000D3FB204814F0D0FB2A211C4814F0C5FBFF
:1099F000486850B91C492B23184A194814F0C4FB75
:109A00001A4814F0C1FB2B21EFE75868F8B18842DF
:109A100019D19C680868A142586000D19860002064
:109A200008602AB15A680A609A68596002B9996058
:109A3000002010E0814206D10868206098688142C9
:109A4000EDD19C60EBE7044600680028F2D1002AC3
:109A5000E8D16FF0150010BD69EE04182DEE041862
:109A60001F98041872EE041881EE041893EE04187F
:109A700070B543680646586815F093F80368326974
:109A80005C6E5C6651681B6D11B10D681C4001B9BC
:109A900070BD8A68224010D04B6863B90A494D23D3
:109AA0000A4A0B4814F070FB0A4814F06DFB4D2174
:109AB000064814F062FB304698471DB12B682946D2
:109AC0001D46E4E72B46FAE7AAEE04182DEE04182B
:109AD0001F98041893EE0418F0B589B06C46154D24
:109AE000476816460FCD0FC495E80F0084E80F00B5
:109AF0003B7808AA02EBC30353E9081000237A78E5
:109B00008AB9DBB2C3F1200400FA04F4A3F1200205
:109B1000D94020FA02F22143D8401143C6E900108F
:109B2000002009B0F0BDD50703F10104E9D42346B4
:109B30005208E5E7F05103187FB50BAB059303938B
:109B4000054B0122029300231846CDE90033FCF7B0
:109B500005FE07B05DF804FBFEEE04182DE9F04F9A
:109B6000082983460D4614461E46D0F804A087B047
:109B70000FD93E4B03910293002301221846CDE9F1
:109B800000333B49FFF7D8FF6FF0150007B0BDE881
:109B9000F08FCFB252B902F05FFF394618F061F88A
:109BA00010B16FF00400F1E70020EFE71846E6F788
:109BB000E9FB00222F4BE6F75FFC804620468946F2
:109BC000E6F7E0FB0B46024649464046E6F77EFDD7
:109BD000E6F714FF294604AA5FFA80F85846FFF713
:109BE0007BFFDDE9040100232246E6F7C7FF0546B7
:109BF00002F032FF00219AF8013073BBBDF840300B
:109C00004903DB4301F4FF1103F0010341EA03318F
:109C10009AF800303A46C3F1030341EA43219AF827
:109C20000230013B41EAC32141F4403141F00401DB
:109C3000EBF74AFB02F010FF43462A46394602F092
:109C400015FF0028ADD1B442AED0002EACD002F04A
:109C500003FF394617F0ADFFA2E713F0010F01F142
:109C60000102CBD111465B08C7E700BFFEEE041826
:109C7000D85103180000594070B50C464368056977
:109C8000186815F02BF92379022B08D8214AD35CE8
:109C90006279022A06D0032A0DD0012A04D06FF07F
:109CA000850027E043F40043A279032AF7D8DFE8D0
:109CB00002F00522250743F48043F5E743F4A0634F
:109CC000E2791AB1012AEAD143F440334FF0080295
:109CD000EFF3118682F31288BFF36F8F226843F48B
:109CE000802101F02FFF60B186F31188BFF36F8FE1
:109CF0006FF0040070BD43F4C063E1E743F4E06338
:109D0000DEE723682B6063686B6086F31188BFF31E
:109D10006F8FEFE741EF04182DE9F34145680769BC
:109D20004FF00803EFF3118883F31288BFF36F8FAE
:109D3000286815F0D3F80022044611466E6801F039
:109D400003FD0221204601F08BFD204B32467B6053
:109D500020461F493E6001F0F5FE012215212046F4
:109D600001F0F0FE01221621204601F0EBFE88F3FF
:109D70001188BFF36F8F01212B689A6861F38712F6
:109D80009A605A6800216FF304125A605A686FF3A0
:109D900000025A605A686FF341025A605A686FF3C2
:109DA00082025A605A686FF3C3025A60A86801AA17
:109DB00014F0FFFF002805DB019B002219791868C9
:109DC00015F00CF8002002B0BDE8F081000103009E
:109DD00002000400012310B503FA01F1436804698D
:109DE0001B6819420ED10E4940F25C530D4A0E48D1
:109DF00014F0CAF90D4814F0C7F940F25C51094853
:109E000014F0BBF92368194218BF82F0010222B195
:109E10008368DB68BDE81040184783681B69F9E771
:109E2000E1970418B09704181F9804183C98041878
:109E30002DE9F0410024476888B0BB6805690393A9
:109E40005A4B03220293064623462046CDE900449E
:109E5000574915F094F8BB68564A934227D103F04E
:109E600063FC32465449A86518F02DF80221A86D0C
:109E700003F0AEFC0021786807AA14F09AFF0028CE
:109E800005DB079B00221979186814F0A7FF3046FC
:109E900001263B689847AC68D5E9023203EBC20360
:109EA0009C4217D3284615F09AF8002026E0434A32
:109EB000934202D103F042FCD3E70393404B204688
:109EC000CDE90143012223463949009415F057F8A2
:109ED0002046C6E7206819F0ACFE034688B922790F
:109EE000334904922268126800900392354ACDE902
:109EF0000102012215F043F86FF0120008B0BDE82E
:109F0000F08120682179E38803F03002302AD0F80C
:109F100010E0D0E901780ED12B4940F2D7232B4A2B
:109F20002B4814F031F92B4814F02EF940F2D721C8
:109F3000264814F022F903F00602042A09D1264922
:109F400040F2DE23214A224814F01EF940F2DE21BD
:109F5000EEE73F68DA0706FA01FC54BF43F4B0139A
:109F600083F4D0131CEA070F23F480120CD11B4991
:109F700040F2F123154A164814F006F9184814F077
:109F800003F940F2F121D3E7DEF80070DB074CBFA4
:109F90004CEA070727EA0C07CEF80070D8F8003023
:109FA00098470028AADB083476E700BF52EF041870
:109FB0005851031800004045C9A001180000504541
:109FC00064EF04187BEF04184E980418B097041837
:109FD0001F980418879804185A990418E1970418D0
:109FE0003C9804182DE9FF41836C0546046D2BBB9A
:109FF0004CB36B6C23B1B4F5007F28BF4FF40074F1
:10A000004FF00803EFF3118683F31288BFF36F8FCD
:10A01000D5F84480EF6C6C65B8F1000F3AD0A86DAC
:10A020005FB323463A46414603F0F4FFC8B986F3CE
:10A030001188BFF36F8F04B0BDE8F0817CB19C4202
:10A0400028BF1C46D5E72246214614F0A7FF2C6303
:10A0500005F1200004B0BDE8F04108F001BD1C4648
:10A06000C7E7154B039002930023CDE9003301228B
:10A070001846124914F083FFD9E72246414603F0FF
:10A08000EBFC0028D3D00E4B0390CDE90173009771
:10A090003B46ECE7002FCAD022463946A86D03F0B4
:10A0A00057FE0028C3D0074B0390CDE90183CDF8BC
:10A0B00000804346DBE700BF9FEF041858510318A8
:10A0C000B9EF0418CFEF0418F0B5C3070E4685B0FA
:10A0D0005FD50C692368A26C9D88616DC5F302276A
:10A0E0003D465AB191421ED92B4B012202930023C7
:10A0F0002A491846CDE9003314F041FFD4E9142170
:10A100005AB191422AD9244B0122029300232349B8
:10A110001846CDE9003314F032FF306905B0BDE8D0
:10A12000F040FFF75FBF521AA26482B9636B04F17B
:10A13000480208336363A36B04F13801013BA36356
:10A1400004F134003B4614F0E8FE6064D6E7636C2B
:10A15000002BD3D001FB07336364CFE7521A22658B
:10A1600082B9E36B04F150020833E363236C04F11A
:10A170004001013B236404F13C002B4614F0CDFE6A
:10A18000E064CAE7E36C002BC7D001FB0733E3644C
:10A19000C3E705B0F0BD00BFE8EF0418585103183D
:10A1A0002DE9FF4717468A881E46C2F34515A5F1DB
:10A1B0000803DBB2182B81468846046904D8984905
:10A1C00041FA03F3DB0710D5964B03950293002366
:10A1D00001221846CDE90033934914F0D0FE6FF008
:10A1E0008505284604B0BDE8F087ED0827B1D7E91A
:10A1F00000A1BAF1000F5FD126B1D6E900A1BAF1F2
:10A20000000F76D1930400F18C804FF0FF324FF0B5
:10A21000FF3304F1100008F07BFCC4F80480D9F887
:10A2200010A0DAF80030984500F08B80B8F80430C0
:10A2300003F0010C13F0020F0CF1010C03F0040207
:10A2400078D0002A14BF4FF480604FF4407013F0B0
:10A25000100F0CBF4FF480214FF40021DA0102F4FB
:10A260007C3241EA0C0111430143D8F80020DAF8AE
:10A27000580041F0500117F048FECAF8008000284D
:10A280005FD06A4B03900293002301221846CDE968
:10A290000033654914F073FE6FF0040523689B8852
:10A2A00013F400539DD1636004F1100008F0D8FB53
:10A2B00097E70AF1080A013900299DD0DAF804303D
:10A2C000B3FBF5F005FB1033002BF2D0C423584A42
:10A2D0005849594813F058FFDAF804102A465748ED
:10A2E00013F052FFC421524813F047FF0AF1080A45
:10A2F0000139002986D0DAF80430B3FBF5F005FB0C
:10A300001033002BF2D0D823494A4A494A4813F067
:10A310003BFFDAF804102A46494813F035FFD821EC
:10A32000E1E7A369002B7FF470AF636898457FF481
:10A330006CAF74E7002A14BF4FF400704FF48070C4
:10A3400085E7002F50D167630023A36304F148021F
:10A350002B4604F1380104F1340014F0DEFD606492
:10A36000002E47D1E6630023236404F150022B46FC
:10A3700004F1400104F13C0014F0CFFD002501215F
:10A380002A46E0642563204614F008FED9F8100040
:10A39000FFF728FE2A462B46A06B834230D10023CC
:10A3A0001946256CA94232D1934238BF1346204644
:10A3B0004FF4FA525A4350F8203B1B68B2FBF3F2B9
:10A3C0000A23C832A2FB032308F0A2FB30B31D4BC3
:10A3D00001220293002314491846CDE9003314F0FA
:10A3E000CEFD6FF0730559E73B686363002BABD07C
:10A3F0007B68AAE73368E363002BB4D07368B3E7E4
:10A40000616B01EBC301496801330A44C5E7E06BA6
:10A4100000EBC100406801310344C3E7256B3DE711
:10A42000FEFEFFFE06F0041858510318CAF0041887
:10A4300026F004184DF004181F98041860F0041852
:10A4400095F00418E4F004184FF0E02310B59A6971
:10A450001969986911F4803F084B094901D182427A
:10A4600006D21A680C6822441A604FF0E022126982
:10A470001B680A681344181A10BD00BF90520800E8
:10A480009C5208000822094B002083F8232047F241
:10A490002F52074B1A60074B18604FF0E0235A61A8
:10A4A00098611A6942F007021A61704700ED00E0F6
:10A4B0009C5208009052080008B5FFF7C5FF0C4BEE
:10A4C0000C4A1868116808441060002247F23051A5
:10A4D0001A60094A1368C01AB0FBF1F001FB00339F
:10A4E00013600AF0E5F9BDE80840FCF711BE00BFB3
:10A4F0009052080098520800945208002DE9F0414B
:10A50000444E79B3421C0AD14FF0E022136923F084
:10A51000010313614FF07F433360BDE8F08134687D
:10A52000012825DD40F22E28404501DC00F1FF38EE
:10A530004FF00803EFF3118583F31288BFF36F8F99
:10A54000354807F03BFFB0B99423344A34493548C5
:10A5500013F01AFE3049344813F016FE94212F48A8
:10A5600013F00BFE431C3468DAD140F22E20DDE7F5
:10A570004FF00008DCE7284807F03CFFFFF764FFD6
:10A580004FF0E0230021294FD3F818C03B68C218D0
:10A59000274B1960274B1B68D11A32D447F2305031
:10A5A00000FB081101F5EA412F31B1FBF0F19B1AD4
:10A5B00000FB013340F253718B4222D91E498B427A
:10A5C00028BF0B464FF0E0213360013B88694B61A7
:10A5D000002384458B61ACEB000338BF1B191A4480
:10A5E0000D483A6007F0F8FE70B9C3230B4A1349CF
:10A5F0000C4813F0C9FD0849114813F0C5FDC321EB
:10A60000ADE740F25373DDE785F31188BFF36F8F39
:10A6100083E700BF9C520800A0520800B2D504187E
:10A62000DFD504181F980418F4D5041898520800B0
:10A630009052080094520800A06EFF003BD6041808
:10A6400052D6041838B54FF00803EFF3118583F3A1
:10A650001288BFF36F8F1B4807F0B0FE68B99423D0
:10A66000194A1A491A4813F08FFD1649194813F070
:10A670008BFD9421144813F080FD124807F0BAFEB8
:10A68000FFF7E2FE144B1C68144B1B68E41A0444E9
:10A690000C4807F0A1FE58B9C3230B4A10490C48D7
:10A6A00013F072FD07490F4813F06EFDC321E1E777
:10A6B00085F31188BFF36F8F47F23050B4FBF0F091
:10A6C00038BD00BFA0520800B2D50418DFD5041869
:10A6D0001F980418F4D504189852080094520800E2
:10A6E0003BD6041852D6041838B54FF00803EFF3E0
:10A6F000118583F31288BFF36F8F184807F05EFE51
:10A7000068B99423164A1749174813F03DFD1349B9
:10A71000164813F039FD9421114813F02EFD0F480F
:10A7200007F068FEFFF790FE114B1C6804440B48CD
:10A7300007F052FE58B9C323094A0E490A4813F0DC
:10A7400023FD06490C4813F01FFDC321E4E785F300
:10A750001188BFF36F8F204638BD00BFA05208009C
:10A76000B2D50418DFD504181F980418F4D50418BE
:10A77000985208003BD6041852D6041880B483B00F
:10A7800000AF0346FB7197F90730002B0BDBFB7919
:10A7900003F01F02074997F907305B09012000FA0F
:10A7A00002F241F8232000BF0C37BD465DF8047B60
:10A7B000704700BF00E100E080B483B000AF034603
:10A7C0003960FB7197F90730002B0ADB3B68DAB27E
:10A7D0000C4997F90730D200D2B20B4483F800231A
:10A7E0000AE03B68DAB20849FB7903F00F03043B47
:10A7F000D200D2B20B441A7600BF0C37BD465DF8CA
:10A80000047B704700E100E000ED00E080B483B01D
:10A8100000AF0346FB7197F90730002B09DB0D4AA7
:10A8200097F90730134493F80033DBB2DB08DBB24F
:10A8300009E0094AFB7903F00F03043B13441B7E34
:10A84000DBB2DB08DBB218460C37BD465DF8047B93
:10A85000704700BF00E100E000ED00E080B584B08B
:10A8600000AFF860B9607A60FB681F2B1DD87B6869
:10A87000002B06D00F4AFB6852F823301A467B683B
:10A880001A600C49FB68BA6841F82320FB685BB288
:10A890001846FFF7BBFF0346002B07D1FB685BB2EE
:10A8A0000F211846FFF788FF00E000BF1037BD46B4
:10A8B00080BD00BFA452080080B500AF054B5B6DA2
:10A8C000002B03D0034B5B6D984701E014F0AAFB0B
:10A8D00080BD00BFA452080080B584B000AF002343
:10A8E000FB604FF08C439B6EBB60BB687B607B68FA
:10A8F000002B01D1202303E07B68B3FA83F3DBB2A2
:10A90000C3F11F03FB6024E0FB68DBB21A46174B60
:10A9100053F82230002B05D0144AFB6852F823303C
:10A92000984701E014F07EFB0122FB6802FA03F372
:10A93000DB431A46BB6813403B603B68002B01D1E8
:10A94000202303E03B68B3FA83F3DBB2C3F11F03B8
:10A95000FB60FB68B3F1FF3FD6D14FF08C42BB6880
:10A96000936600BF1037BD4680BD00BF245308006A
:10A9700080B500AF094B1B680133084A1360074BD1
:10A980001B68012B08D8002205491D20FFF766FF30
:10A990001D2014F03AFB00E000BF80BDA453080066
:10A9A000D9A8011880B485B000AFF860B9607A60AA
:10A9B000FB68202B0FD87B68002B06D0094AFB6868
:10A9C00052F823301A467B681A600649FB68BA6859
:10A9D00041F8232000E000BF1437BD465DF8047B3A
:10A9E000704700BF2453080080B582B000AF322307
:10A9F000FB710123BB7102E0002016F072FAFB79B3
:10AA0000BA791146184601F035FD0346002BF3D103
:10AA1000012001F0FFFD00BF082016F062FA0820B7
:10AA200001F022FFBB1DFA1D8F4916F084FAFB7955
:10AA3000BA791146184616F024FA16F0DDFABB1D55
:10AA4000FA1D8A4916F020FBFB79BA79114618469F
:10AA500016F0EAFA16F0D0FABB1DFA1D824916F07C
:10AA6000A4FBFB79BA791146184616F06EFB16F076
:10AA7000FDFBBB1DFA1D7D4916F053FCFB79BA792D
:10AA80001146184616F01DFC16F0ACFCBB1DFA1D55
:10AA9000764916F0E0FCBB79184616F0B9FC142094
:10AAA00001F090FD062001F0F5FD0C2001F0CAFD3B
:10AAB000022015F0C8F8012015F032F9012001F04C
:10AAC000D3FEBB1DFA1D6A4915F049F9FB79BA7925
:10AAD0001146184615F0F4F8012015F0F0F90120A0
:10AAE00001F0C2FEBB1DFA1D614915F007FAFB79A2
:10AAF000BA791146184615F0B2F9012015F0AEFAF0
:10AB0000012001F0B1FEBB1DFA1D594915F0C5FA2F
:10AB1000FB79BA791146184615F070FA4FF4807037
:10AB200015F06BFB4FF4807001F09EFEBB1DFA1D0B
:10AB30004F4915F081FBFB79BA791146184615F09B
:10AB40002CFB4FF4807015F008FC4FF4807001F07E
:10AB50008BFEBB1DFA1D464915F01EFCFB79BA7928
:10AB60001146184615F0C9FB4FF4807015F0C1FE70
:10AB70004FF4807001F078FEBB1DFA1D3C4915F0C2
:10AB8000D7FEFB79BA791146184615F082FE4FF4CC
:10AB9000807015F05EFF4FF4807001F065FEBB1D04
:10ABA000FA1D334915F074FFFB79BA79114618463E
:10ABB00015F01FFF4FF4807001F056FEBB1DFA1D0B
:10ABC0002B4915F06DFCBB79184615F046FC4FF487
:10ABD000807001F049FEBB1DFA1D254915F0E7FC08
:10ABE000BB79184615F0C0FC4FF4807001F03CFEB4
:10ABF000BB1DFA1D1E4915F061FDBB79184615F005
:10AC00003AFD4FF4807001F02FFEBB1DFA1D18496C
:10AC100015F0DBFDBB79184615F0B4FD022016F0E7
:10AC200089F8022001F020FEBB1DFA1D114916F023
:10AC3000ABF8BB79184616F05AF8042015F0CCFF93
:10AC4000042001F011FEBB1DFA1D084915F0EEFFAE
:10AC5000BB79184615F09DFF4FF4007015F079FF91
:10AC600000BF0837BD4680BD00A3E11100E1F50536
:10AC700000366E0100C2EB0B80B483B000AF034618
:10AC8000FB7197F90730002B0BDBFB7903F01F02F8
:10AC9000074997F907305B09012000FA02F241F8F1
:10ACA000232000BF0C37BD465DF8047B704700BF12
:10ACB00000E100E080B483B000AF0346FB7197F978
:10ACC0000730002B12DBFB7903F01F020A4997F9CA
:10ACD00007305B09012000FA02F2203341F82320FB
:10ACE000BFF34F8F00BFBFF36F8F00BF00BF0C37A4
:10ACF000BD465DF8047B704700E100E080B500AF21
:10AD0000244B1B680133234A1360224B1B68012B21
:10AD100001D900233BE04FF4C07200211E480DF022
:10AD200097F91E4B4FF080421A604FF0804301228A
:10AD3000C3F898234FF080434FF47F42C3F8A02319
:10AD40004FF080434FF6FF72C3F838234FF0804333
:10AD50004FF6FF72C3F840234FF080434FF6FF7267
:10AD6000C3F848234FF080434FF6FF72C3F85023D7
:10AD70004FF080434FF6FF72C3F858230022084972
:10AD80000020FFF76BFD002014F050FA0023184656
:10AD900080BD00BFA8530800B4530800C4270800B2
:10ADA000450E010080B500AF184B1B68002B02D187
:10ADB0004FF0FF3327E0154B1B68013B134A13602C
:10ADC000124B1B68002B01D000231CE04FF0804386
:10ADD0004FF47F42C3F8A0234FF080430022C3F812
:10ADE000982300BF4FF08043D3F8983303F001035A
:10ADF000002BF7D1002014F026FA002200210020B9
:10AE0000FFF72CFD0023184680BD00BFA8530800A3
:10AE100080B584B000AF03460A46FB711346BB7190
:10AE2000FB79072B02D94FF0FF3351E0FB79012268
:10AE300002FA03F3FB604FF08043D3F8A023FB68D2
:10AE40001340002B39D0FB79582202FB03F303F1A6
:10AE500080431B6CBB60BB6803F48073002B1AD16A
:10AE6000BB6843F48073BB60FB79582202FB03F399
:10AE700003F18043BA681A64BB79002B0BD000BF82
:10AE8000FB79582202FB03F303F180431B6C03F4AC
:10AE90000073002BF4D04FF08042FB681B02C2F815
:10AEA000A033BB79002B08D000BF4FF08043D3F80C
:10AEB000A023FB681340002BF7D1074B1A68FB68EF
:10AEC0001340002B03D0FB79184619F059FD0023DD
:10AED00018461037BD4680BDAC53080080B586B01B
:10AEE00000AF786039603B68002B05D11E4B1F4ACC
:10AEF00032211F480CF0CEFA7A683B681344013BBC
:10AF00003B6100237B6127E07B695B00FB60194AA2
:10AF1000FB6852F823307A689A4209D3FB68013300
:10AF2000144A52F823307A689A4201D2012317E07A
:10AF3000104AFB6852F823303A699A4209D3FB68F9
:10AF400001330C4A52F823303A699A4201D2012364
:10AF500006E07B6901337B617B69022BD4D9012335
:10AF600018461837BD4680BDCC520318CC7504185E
:10AF7000D8520318E075041880B588B000AF786027
:10AF800039601F23FB617A68FB691340002B05D0F1
:10AF90001E4B1F4A51211F480CF07CFA3A68FB698E
:10AFA0001340002B05D01C4B194A522119480CF0B4
:10AFB00071FA7B6839687A688A1ABB617A617B6941
:10AFC000002B1DDDBB6903F01F027B6913443B614D
:10AFD000BB69FB60BFF34F8F00BF104AFB68C2F82C
:10AFE0005C32FB682033FB603B69203B3B613B6983
:10AFF000002BF2DCBFF34F8F00BFBFF36F8F00BF9A
:10B0000000BF00BF2037BD4680BD00BF14530318EA
:10B01000F8750418D85203183053031800ED00E0F7
:10B0200080B489B000AF786039601F23FB61FB6991
:10B03000DB437A6813407B603A68FB691A44FB691A
:10B04000DB4313403B607B6839687A688A1ABB61CE
:10B050007A617B69002B1DDDBB6903F01F027B69F0
:10B0600013443B61BB69FB60BFF34F8F00BF0D4AC8
:10B07000FB68C2F87032FB682033FB603B69203B01
:10B080003B613B69002BF2DCBFF34F8F00BFBFF386
:10B090006F8F00BF00BF00BF2437BD465DF8047B43
:10B0A000704700BF00ED00E080B483B000AF0346FE
:10B0B000FB7197F90730002B0BDBFB7903F01F02C4
:10B0C000074997F907305B09012000FA02F241F8BD
:10B0D000232000BF0C37BD465DF8047B704700BFDE
:10B0E00000E100E080B400AF024B1846BD465DF8B9
:10B0F000047B70471076041880B400AF024B1846EA
:10B10000BD465DF8047B70472476041880B586B090
:10B1100000AFF860B9607A60FB683B4A934206D0A2
:10B12000FB683A4A934202D06FF0040367E0FB6881
:10B130003B613B69344A93420CD14FF08C42936C93
:10B1400043F4802393644FF08C42D36843F48043EC
:10B15000D36013E03B692D4A93420CD14FF08C42EF
:10B16000936C43F4002393644FF08C42D36843F410
:10B170000053D36002E06FF0040340E03B691B69B9
:10B18000BA681A603B691B697A685A603B695868FB
:10B190003B699B6800221946FFF760FB3B695B68CF
:10B1A000184614F0C6F800237B6100237B6120E081
:10B1B0003B691B6999687A6913465B0013440B4429
:10B1C00000221A703B691B6999687A6913465B0013
:10B1D00013440B4400225A703B691B6999687A69D1
:10B1E00013465B0013440B4400229A707B690133C1
:10B1F0007B613B69DB687A699A42D9D300231846A0
:10B200001837BD4680BD00BF107604182476041898
:10B2100080B586B000AFF860B9607A60FB687F4A9D
:10B22000934206D0FB687E4A934202D06FF004033B
:10B23000EFE0FB687B61BB6803F40063B3F5006F6C
:10B2400009D17B691A687B68D9B2536F61F3070330
:10B2500053670023DDE0BB6803F00303012B0AD032
:10B26000022B12D17B691B68196D7B691B687A6898
:10B270000A431A6509E07B691B68196D7B68DA432C
:10B280007B691B680A401A6500BFBB6803F01C039A
:10B29000043B102B42D801A252F823F0E1B201186E
:10B2A0001DB301181DB301181DB30118EDB201182B
:10B2B0001DB301181DB301181DB30118F9B201180F
:10B2C0001DB301181DB301181DB3011805B30118F2
:10B2D0001DB301181DB301181DB3011811B30118D6
:10B2E0007A680321786914F031F817E07A6802214E
:10B2F000786914F02BF811E07A680521786914F068
:10B3000025F80BE07A680621786914F01FF805E04B
:10B310007A680721786914F019F800BFBB6803F058
:10B320006003602B1CD0602B3FD8202B2ED0402BED
:10B330003BD17B691B68196C7B691B687A680A437F
:10B340001A647B691B68596C7B68DA437B691B68EC
:10B350000A405A647A680121786914F0A9F824E057
:10B360007B691B68196C7B691B687A680A431A64DD
:10B370007B691B68596C7B691B687A680A435A644D
:10B380007A680221786914F093F80EE07B691B68F3
:10B39000196C7B68DA437B691B680A401A647A6817
:10B3A0000021786914F084F800BFBB6803F4C0730F
:10B3B000802B03D0B3F5807F07D00DE07B691A683E
:10B3C000536F6FF3DF73536706E07B691A68536F3F
:10B3D00043F00043536700BFBB6803F4C063B3F599
:10B3E000007F0BD0B3F5806F12D17B691B68196F9A
:10B3F0007B691B687A680A431A6709E07B691B68E6
:10B40000196F7B68DA437B691B680A401A6700BFC3
:10B41000002318461837BD4680BD00BF10760418BB
:10B420002476041880B487B000AFF860B9607A6001
:10B43000FB68144A934206D0FB68134A934202D039
:10B440006FF0040317E0FB687B617B68002B08D07A
:10B450007B691B68596A7B691B68BA680A435A6230
:10B4600008E07B691B68596ABB68DA437B691B6823
:10B470000A405A62002318461C37BD465DF8047B1B
:10B48000704700BF107604182476041880B586B083
:10B4900000AFF860B9607A60FB68154A934206D045
:10B4A000FB68144A934202D06FF004031CE0FB686F
:10B4B0007B617B68002B08D07B691B68996A7B697C
:10B4C0001B68BA680A439A6208E07B691B68996A3C
:10B4D000BB68DA437B691B680A409A62BA6879687C
:10B4E000786914F013F8002318461837BD4680BD5C
:10B4F000107604182476041880B500AF024814F0C2
:10B5000033F800BF80BD00BF1076041880B500AFCF
:10B51000024814F029F800BF80BD00BF247604184B
:10B5200080B483B000AF0346FB7197F90730002B5E
:10B530000BDBFB7903F01F02074997F907305B0922
:10B54000012000FA02F241F8232000BF0C37BD466B
:10B550005DF8047B704700BF00E100E080B483B079
:10B5600000AF0346FB7197F90730002B12DBFB7924
:10B5700003F01F020A4997F907305B09012000FA1E
:10B5800002F2203341F82320BFF34F8F00BFBFF3F7
:10B590006F8F00BF00BF0C37BD465DF8047B70475E
:10B5A00000E100E080B400AF024B1846BD465DF8F4
:10B5B000047B70473876041880B400AF024B1846FD
:10B5C000BD465DF8047B70475876041880B400AF20
:10B5D000024B1846BD465DF8047B70477876041828
:10B5E000B0B58AB000AF786039607B681B013B6200
:10B5F0003A683B6AB2FBF3F3FB613B6807EE903AB3
:10B60000F8EE676A3B6A07EE903AF8EE677A86EEE4
:10B61000A77AFB6907EE903AF8EE677A77EE677AD9
:10B62000C7ED067AF869E4F7ADFE04460D46D7ED9E
:10B63000067AB3EE007A67EE877AFCEEE77AF8EEE8
:10B64000677A17EE900AE4F7BFFE4FF000023D4B19
:10B65000E5F73CF802460B4620462946E4F756FD3E
:10B6600002460B4610461946E5F7E8F903467B61AA
:10B67000F869E4F787FE04460D46D7ED067AB3EE87
:10B68000007A67EE877AFCEEE77A17EE903A01339C
:10B6900007EE903AF8EE677A17EE900AE4F794FE18
:10B6A0004FF00002274BE5F711F802460B46204603
:10B6B0002946E4F72BFD02460B4610461946E5F7EE
:10B6C000BDF903463B613B6807EE903AB8EE677AF6
:10B6D0003B6A07EE903AF8EE676AD7ED057A66EEB8
:10B6E000A77A77EE677AFDEEE77A17EE903AFB607D
:10B6F0003B6A07EE903AB8EE677AD7ED047A27EE08
:10B70000277A3B6807EE903AF8EE677A77EE677A29
:10B71000FDEEE77A17EE903A7B627B6A002B02DA45
:10B720007B6A5B427B62FA687B6A9A4201DD3B6915
:10B7300000E07B6907EE903AB0EE670A2837BD4615
:10B74000B0BD00BF0000304080B487B000AFF860EB
:10B75000B9607A60FB683F4A93420AD0FB683E4A70
:10B76000934206D0FB683D4A934202D06FF0040337
:10B7700069E0FB687B617B699B6993F8393003F072
:10B780000103002B01D000235DE07B699B69BA684F
:10B790001A607B699B697A68DA637B699B6900221E
:10B7A0001A717B699B6900225A717B699B6900222F
:10B7B0009A717B699B690022DA717B699B6900221F
:10B7C0001A727B699B69002283F828207B699B6938
:10B7D00000225A627B699B690022DA607B699B695F
:10B7E00000221A617B699B6900225A617B699B690F
:10B7F00000229A617B699B690022DA617B699B69FF
:10B8000000221A627B699B690822DA627B699B6964
:10B8100008221A637B699B6900225A637B699B69D2
:10B82000002283F838207B699B69002283F840203E
:10B830007B699B69002283F83A207B699B6901221E
:10B8400083F83920002318461C37BD465DF8047B79
:10B85000704700BF387604185876041878760418B4
:10B8600090B585B000AF78600B46FB707B689E4A50
:10B8700093420AD07B689D4A934206D07B689C4ADB
:10B88000934202D06FF0040358E17B68BB60FB7801
:10B89000022B00F0DE80022B00F34F81002B03D03F
:10B8A000012B00F0D38048E1BB689B6993F83930E5
:10B8B00003F00103002B02D14FF0FF333EE10023E0
:10B8C000FB60BB689B695B6B002B12D0BB68DA68BE
:10B8D00013469B0013445B001A46BB689B695B6B75
:10B8E000B2FBF3F415F0D8FC034604FB03F3FB6052
:10B8F00001E00023FB60BB681B68DB6FC3F3000340
:10B90000DBB2002B05D0FB685A1EFA60002BF2D187
:10B9100000E000BFBB681B689A68BB681B6842F008
:10B9200006029A6000BFBB681B68DB6F03F001036F
:10B93000012BF8D0BB685B68184613F044FEBB6867
:10B940009B6993F83A30002B0CD1BB689B6993F844
:10B950002830002B06D0BB681B699B780021184655
:10B96000FFF756FABB689B6993F83A30002B0BD16E
:10B97000BB689B691B79002B06D0BB685B699B7811
:10B9800000211846FFF744FABB68574A93420CD18E
:10B990004FF08C42D36843F00103D3604FF08C42E8
:10B9A000D36B6FF3D343D36324E0BB684F4A934216
:10B9B0000CD14FF08C42D36843F00203D3604FF0B8
:10B9C0008C42136C6FF3C303136413E0BB68484AE3
:10B9D00093420CD14FF08C42D36843F00403D36000
:10B9E0004FF08C42136C6FF3D343136402E06FF09B
:10B9F0000403A3E0BB689B6900221A71BB689B69C2
:10BA000000225A71BB689B6900229A71BB689B69CE
:10BA10000022DA71BB689B6900221A72BB689B69BD
:10BA2000002283F82820BB689B6993F83920BB6803
:10BA30009B6922F00202D2B283F83920BB685B68AE
:10BA4000002200211846FEF709FF76E06FF003039D
:10BA500074E0BB689B6993F8393003F00103002B55
:10BA600002D14FF0FF3369E0BB689B6993F839302E
:10BA700003F00203002B01D000235FE0BB681A4AE9
:10BA800093420CD14FF08C42D36B43F40023D36329
:10BA90004FF08C42D36843F00103D3602AE0BB68C7
:10BAA000124A93420CD14FF08C42136C43F00803BE
:10BAB00013644FF08C42D36843F00203D36019E063
:10BAC000BB680B4A93420CD14FF08C42136C43F489
:10BAD000002313644FF08C42D36843F00403D36017
:10BAE00008E06FF0040329E038760418587604184B
:10BAF00078760418BB681B6800225A60BB68DB6953
:10BB0000002B07D0BB681B685A68BB681B6842F0F3
:10BB100008025A60BB689B69032283F83920BB681E
:10BB20005868BB689B6800221946FEF797FEBB6801
:10BB30005B68184613F03AFD00BF0023184614371F
:10BB4000BD4690BD90B58DB000AFF860B9607A6029
:10BB5000FB68994A93420AD0FB68984A934206D000
:10BB6000FB68974A934202D06FF00403D6E2FB6869
:10BB7000FB61FB699B6993F8393003F00203002BEA
:10BB800002D14FF0FF33C9E2BB68DBB2153B042B97
:10BB900000F2EA8001A252F823F000BFB1BB011805
:10BBA000E9BB011869BD011841BC0118E7BC0118C7
:10BBB0007B68002B0BD0FB699B6993F83920FB69EC
:10BBC0009B6942F00802D2B283F839200AE0FB698F
:10BBD0009B6993F83920FB699B6922F00802D2B275
:10BBE00083F83920002399E27B68002B13D0FB698E
:10BBF0009B6993F83920FB699B6942F01002D2B22D
:10BC000083F83920FB691B685A68FB691B6842F09E
:10BC100004025A6012E0FB699B6993F83920FB69C2
:10BC20009B6922F01002D2B283F83920FB691B68AD
:10BC30005A68FB691B6822F004025A6000236DE217
:10BC4000FB691B685A68FB691B6822F002025A6094
:10BC5000FB699B6993F83A30002B1FD1FB699B6904
:10BC600093F82830002B19D0FB691B695B78002BF7
:10BC700014D0FB691B699A78FB699C69104618F01F
:10BC800087FE03462362FB691B699B7801211846E6
:10BC9000FFF7BEF8FB691B6900225A70FB699B69BC
:10BCA0001A6AFB691B68D3F880309A4208D9FB698D
:10BCB0009B691A6AFB691B68D3F88030D31A00E0CD
:10BCC0000023FA6992691362FB691B689A68FB6931
:10BCD0001B6842F004029A60FB699B69002283F8AA
:10BCE000282000231AE2FB691B685A68FB691B685D
:10BCF00022F001025A60FB691A6853686FF304135B
:10BD00005360FB691B689A68FB691B6842F002027A
:10BD10009A60FB699B6993F83A30002B1ED1FB694E
:10BD20009B691B79002B19D0FB695B695B78002B41
:10BD300014D0FB695B699A78FB699C69104618F01E
:10BD400027FE0346E361FB695B699B780121184686
:10BD5000FFF75EF8FB695B6900225A70FB699B691B
:10BD600000221A710023D9E100BF0023FB622723C0
:10BD7000FB62BB6803F48023002B03D0B3F5802F54
:10BD800020D025E0FB695B69002B0FD0FB691B69A4
:10BD9000002B0BD0FB6A43F00803FB62FB699B6935
:10BDA000002283F83A20FEF7A9FF11E0FB699B69A6
:10BDB000012283F83A200BE03876041858760418EC
:10BDC00078760418FB699B69012283F83A2000BF4A
:10BDD0000023BB61BB68DBB2042B39D0042B45D8F0
:10BDE000012B02D0022B1BD040E00123BB61FB6979
:10BDF0009B69002283F84020FB699B6993F83A30E5
:10BE0000002B08D1FB699B6901221A63FB695B69FE
:10BE100000221A702EE0FB6A43F04003FB6229E027
:10BE20000223BB61FB699B69012283F84020FB6907
:10BE30009B6908221A63FB6A43F04003FB62FB69BB
:10BE40005B69002B15D0FB695B6901221A7010E059
:10BE5000FB699B697A685A620423BB61FB699B6931
:10BE6000BA69D2B283F83820002357E16FF0030398
:10BE700054E100BFFB691B68FA6A9A600023BB6249
:10BE8000BB6803F4E063B3F5E06F13D0B3F5E06F84
:10BE90001AD8B3F5C06F08D0B3F5C06F14D8002B13
:10BEA0000DD0B3F5A06F0FD111E0BB6A43F00103D1
:10BEB000BB620CE0BB6A43F00203BB6207E0BB6AF3
:10BEC00043F00303BB6202E06FF0080326E1BB68A6
:10BED00003F44053B3F5005F0CD0B3F5005F0ED808
:10BEE000002B0FD0B3F5805F09D1BB6A43F0180374
:10BEF000BB6208E0BB6A43F00803BB6203E06FF07B
:10BF000009030BE100BFBB6803F44043B3F5004FE6
:10BF100016D0B3F5004F22D8002B03D0B3F5804FD5
:10BF200007D01CE0FB691A68D3686FF38203D36003
:10BF300018E0FB691A68D36843F00403D36011E08A
:10BF4000BB6803F4A063002B06D0FB691A68D368B2
:10BF500043F00403D36005E06FF00A03DEE06FF006
:10BF60000A03DBE0FB696F4A934209D113F058FFE3
:10BF7000034619467868FFF733FB87ED090A1EE090
:10BF8000FB69694A934209D114F019F8034619462E
:10BF90007868FFF725FB87ED090A10E0FB69634A23
:10BFA000934209D114F0DAF8034619467868FFF78E
:10BFB00017FB87ED090A02E06FF00403AEE0D7ED4E
:10BFC000097AFCEEE77A17EE903A7B617B6907EE1F
:10BFD000903AF8EE677A97ED097A77EE677AB3EEE2
:10BFE000007A67EE877AC7ED047AFB691B68DA6826
:10BFF000FB691B6842F08002DA60FB691B687A69A2
:10C00000D2B21A607B691A0AFB691B68D2B25A6005
:10C01000FB691A68D7ED047AFCEEE77AC7ED007A7F
:10C020003B78D9B2D2F8C03061F30303C2F8C03014
:10C03000FB691B68DA68FB691B6822F08002DA6022
:10C04000FB699B697A685A6300233B62FB691B6842
:10C050001B6923F020033B62BB6803F44033B3F554
:10C06000403F29D0B3F5403F34D8B3F5003F15D059
:10C07000B3F5003F2ED8002B2FD0B3F5803F29D148
:10C08000FB69DB6903F00103002B04D03B6A43F03A
:10C0900022033B6222E06FF00B033FE0FB69DB69A8
:10C0A00003F00203002B04D03B6A43F020033B6201
:10C0B00014E06FF00B0331E0FB69DB6903F003036D
:10C0C000002B04D03B6A43F022033B6206E06FF092
:10C0D0000B0323E06FF00B0320E000BFFB691B683C
:10C0E0001B6923F02001FB691B683A6A0A431A6145
:10C0F000FB691B68DB6803F0C001FB691B68BA6A57
:10C100000A43DA60FB699B6993F83920FB699B69F4
:10C1100042F00402D2B283F83920002318463437A3
:10C12000BD4690BD38760418587604187876041801
:10C1300080B584B000AFF860B9607A60FB68DBB2AC
:10C140000349184613F0A8FB00BF1037BD4680BD59
:10C150003876041880B584B000AFF860B9607A60B2
:10C16000FB68DBB20349184613F0C3FB00BF10376E
:10C17000BD4680BD3876041880B500AF024813F084
:10C1800077FA00BF80BD00BF3876041880B584B050
:10C1900000AFF860B9607A60FB68DBB2034918460B
:10C1A00013F07AFB00BF1037BD4680BD58760418E7
:10C1B00080B584B000AFF860B9607A60FB68DBB22C
:10C1C0000349184613F095FB00BF1037BD4680BDEC
:10C1D0005876041880B500AF024813F049FA00BF42
:10C1E00080BD00BF5876041880B584B000AFF860F9
:10C1F000B9607A60FB68DBB20349184613F04CFB68
:10C2000000BF1037BD4680BD7876041880B584B075
:10C2100000AFF860B9607A60FB68DBB2034918468A
:10C2200013F067FB00BF1037BD4680BD7876041859
:10C2300080B500AF024813F01BFA00BF80BD00BFFD
:10C240007876041880B489B000AF03463A60FB7179
:10C250000B46BB7100233B61384BFB61384BBB6124
:10C260004FF08C437B61FB79002B02D0012B1AD05D
:10C2700059E0BB791F2B02D96FF0040357E0FB692B
:10C280003B613A69BB799B0013443B613B691A6887
:10C2900022F01F021A603B6919683A6802F01F0217
:10C2A0000A431A6042E0FB6980333B613A69BB791B
:10C2B0009B0013443B61BB790F2B02D96FF0040341
:10C2C00035E0BB79052B11D8BB69FB60FA68BB79F7
:10C2D0009B001344FB60FB681A6822F01F021A607F
:10C2E000FB681A6842F005021A600FE0BB790A2B5E
:10C2F00002D0BB790B2B09D17A69D36943F0007363
:10C30000D3617A69D36943F08073D3613B691A685A
:10C3100022F01F021A603B6919683A6802F01F0296
:10C320000A431A6002E06FF0040300E0002318469D
:10C330002437BD465DF8047B704700BF00002046EF
:10C340000000F04680B485B000AF0346FB710B4699
:10C35000BB7113467B710023BB60324BFB60FB79E2
:10C36000002B02D0012B0ED01CE0BB791F2B02D971
:10C370006FF004034FE0FB68BB60BA68BB799B00B9
:10C380001344BB6011E0BB790F2B02D96FF004039B
:10C3900041E0FB688033BB60BA68BB799B00134403
:10C3A000BB6002E06FF0040335E07B79022B21D003
:10C3B000022B2FDC002B02D0012B0BD02AE0BB6814
:10C3C0001A6822F440321A60BB681A6842F480226C
:10C3D0001A601FE0BB681A6822F480321A60BB68DA
:10C3E0001A6842F480221A60BB681A6842F400326C
:10C3F0001A600FE0BB681A6822F400321A60BB684A
:10C400001A6842F480221A60BB681A6842F48032CB
:10C410001A6000BF002318461437BD465DF8047B40
:10C42000704700BF0000204680B485B000AF786040
:10C4300039600F4BFB60FB681A467B68934203D15F
:10C440003B6800221A700CE0FB6880331A467B6858
:10C45000934203D13B6801221A7002E06FF004039B
:10C4600000E0002318461437BD465DF8047B704792
:10C470000000204680B588B000AF03460A46FB7135
:10C480001346BB710023FB61FB793F2B08D8FB7976
:10C49000002B05D0BB790F2B02D8BB79002B02D122
:10C4A0006FF004037FE0424B5B69C3F34603DBB2EA
:10C4B0001A46FB799A4212D13D4B5B69C3F30323C1
:10C4C000DBB21A46BB79013B9A4208D1394B9B68D3
:10C4D000C3F34003DBB2012B01D1002363E007F17A
:10C4E0000E0207F10F0107F10C03184613F029FBA8
:10C4F000BB89082B02D16FF0010354E014F0CCFE8D
:10C50000B861BB695B092C4AA2FB0323DB097B6191
:10C510002A4B00221A60264B00221A60FB69013365
:10C52000FB61234B1B683B613B69002B03D1FA691C
:10C530007B699A42F2D3BB69214AA2FB03235B0BBE
:10C540007B611B4AFB7903F07F03D9B2536961F326
:10C5500047035361BB79013BDBB2154A03F00F037C
:10C56000D9B2536961F30B235361114B00225A6016
:10C57000FB690133FB610F4B9B68C3F34003DBB2E4
:10C580003B613B69002B03D1FA697B699A42EFD387
:10C59000FA697B699A4205D34FF08C42136B43F0E2
:10C5A00080531363002318462037BD4680BD00BF6B
:10C5B0000000024600000146C55A7C0A0000814680
:10C5C0005917B7D180B485B000AF78607B68012B74
:10C5D00015D97B681E2B12D87B6803F00103002B52
:10C5E0000DD17B685B08FB60094AFB6803F00F0311
:10C5F000D9B2936961F391339361002301E06FF045
:10C60000040318461437BD465DF8047B704700BF2D
:10C610000000024680B483B000AF0346FB71084AB5
:10C62000FB7903F00303D9B2936961F39B639361D0
:10C63000002318460C37BD465DF8047B704700BFE9
:10C640000000024680B485B000AF78607B68012BA3
:10C6500015D97B681E2B12D87B6803F00103002BD1
:10C660000DD17B685B08FB60094AFB6803F00F0390
:10C67000D9B2936961F395439361002301E06FF0B0
:10C68000040318461437BD465DF8047B704700BFAD
:10C690000000024680B485B000AF78607B68012B53
:10C6A00015D97B681E2B12D87B6803F00103002B81
:10C6B0000DD17B685B08FB60094AFB6803F00F0340
:10C6C000D9B2936961F399539361002301E06FF04C
:10C6D000040318461437BD465DF8047B704700BF5D
:10C6E0000000024680B483B000AF0C4B5B69C3F31B
:10C6F0004603DBB21A460A4B02FB03F3074A5269B0
:10C70000C2F30322D2B20132B3FBF2F37B607B6847
:10C7100018460C37BD465DF8047B704700000246A2
:10C7200000366E0180B500AFFFF7DCFF0246054B17
:10C730009B69C3F38333DBB25B00B2FBF3F31846B0
:10C7400080BD00BF0000024680B500AFFFF7CAFF02
:10C750000246054B9B69C3F38353DBB25B00B2FB1C
:10C76000F3F3184680BD00BF0000024680B500AF5D
:10C77000FFF7B8FF0246054B9B69C3F38343DBB267
:10C780005B00B2FBF3F3184680BD00BF0000024619
:10C7900080B582B000AF084B9B69C3F38163DBB205
:10C7A0000333FB71FFF79EFF0246FB79B2FBF3F305
:10C7B00018460837BD4680BD0000024680B500AF70
:10C7C000E8F72EFD0246054B9B69C3F3C353DBB26A
:10C7D0005B00B2FBF3F3184680BD00BF00000346C8
:10C7E00080B500AFE8F71CFD0246054B9B69C3F31B
:10C7F000C343DBB25B00B2FBF3F3184680BD00BF5E
:10C800000000034680B582B000AF084B9B69C3F3BC
:10C81000C163DBB20333FB71E8F702FD0246FB792B
:10C82000B2FBF3F318460837BD4680BD000003464F
:10C8300080B500AFE8F7F4FC0246054B9B69C3F3F3
:10C840008433DBB25B00B2FBF3F3184680BD00BF5C
:10C850000000034680B400AF024B1846BD465DF8A9
:10C86000047B704700366E0180B582B000AF03468E
:10C87000FB80FB88B3F5006F00F09780B3F5006F85
:10C8800000F39780B3F5806F00F08B80B3F5806F75
:10C8900000F38F80B3F5007F7FD0B3F5007F00F306
:10C8A0008880B3F5807F74D0B3F5807F00F38180FA
:10C8B000802B6AD0802B7CDC202B47DC002B78DDA2
:10C8C000013B1F2B75D801A252F823F053C9011860
:10C8D0005BC90118B3C9011863C90118B3C90118AC
:10C8E000B3C90118B3C901186BC90118B3C901183C
:10C8F000B3C90118B3C90118B3C90118B3C90118E4
:10C90000B3C90118B3C9011873C90118B3C9011813
:10C91000B3C90118B3C90118B3C90118B3C90118C3
:10C92000B3C90118B3C90118B3C90118B3C90118B3
:10C93000B3C90118B3C90118B3C90118B3C90118A3
:10C94000B3C90118B3C901187BC90118402B18D00D
:10C950002FE013F08EF903462DE0FFF7F5FE0346B6
:10C9600029E0FFF703FF034625E0FFF711FF034629
:10C9700021E0FFF723FF03461DE0FFF731FF0346E9
:10C9800019E0FFF73FFF034615E0FFF751FF0346AD
:10C9900011E0FFF75FFF03460DE013F07FF9034658
:10C9A00009E013F084F9034605E0FFF7BBFE0346F8
:10C9B00001E06FF0040318460837BD4680BD00BF94
:10C9C00080B483B000AF0346FB7197F90730002BAA
:10C9D0000BDBFB7903F01F02074997F907305B096E
:10C9E000012000FA02F241F8232000BF0C37BD46B7
:10C9F0005DF8047B704700BF00E100E080B483B0C5
:10CA000000AF0346FB7197F90730002B12DBFB796F
:10CA100003F01F020A4997F907305B09012000FA69
:10CA200002F2203341F82320BFF34F8F00BFBFF342
:10CA30006F8F00BF00BF0C37BD465DF8047B7047A9
:10CA400000E100E080B400AF024B1846BD465DF83F
:10CA5000047B70471028080080B400AF024B1846D2
:10CA6000BD465DF8047B70473428080080B48FB061
:10CA700000AFF8607A601A460B46FB721346BB7231
:10CA8000FB68FB629C4A07F11C0392E8030083E801
:10CA900003009A4A07F1100307CA83E80700FB6AFC
:10CAA0001B681B691B6803F00203002B02D14FF0C7
:10CAB000FF3374E1FB6A1B68DA69FB7AD35CDBB293
:10CAC000022B02D04FF0FF3369E1FB6A1B681B7831
:10CAD000FA7A9A4202D34FF0FF3360E1FB6A5B6857
:10CAE000FA7AB97A083243F82210FB6A5B68FA7A5C
:10CAF000796843F82210BB7A002B37D1FB6A1B6898
:10CB00005A68FB7A08339B0013445A68FB6A1B6817
:10CB10005968FB7A42F4002208339B000B445A60A8
:10CB2000FB6A1B685A68FB7A08339B0013445A68F7
:10CB3000FB6A1B685968FB7A22F0400208339B00AD
:10CB40000B445A60FB6A1B685A68FB7A08339B00E7
:10CB500013445A68FB6A1B685968FB7A42F48022C6
:10CB600008339B000B445A60002318E1BB7A642B06
:10CB700037D1FB6A1B685A68FB7A08339B00134461
:10CB80005A68FB6A1B685968FB7A42F40022083332
:10CB90009B000B445A60FB6A1B685A68FB7A083397
:10CBA0009B0013445A68FB6A1B685968FB7A42F081
:10CBB000400208339B000B445A60FB6A1B685A68AA
:10CBC000FB7A08339B0013445A68FB6A1B68596858
:10CBD000FB7A42F4802208339B000B445A60002306
:10CBE000DDE0FB6A1B685A68FB7A08339B0013443C
:10CBF0005A68FB6A1B685968FB7A22F040020833C6
:10CC00009B000B445A60FB6A1B685A68FB7A083326
:10CC10009B0013445868FB6A5B68FA7A103253F839
:10CC200022309A01FB6A1B685968FB7A0243083379
:10CC30009B000B445A60FB6A1B685A68FB7A0833F6
:10CC40009B0013445A68FB6A1B685968FB7A42F4DC
:10CC5000002208339B000B445A60FB6A1B685A6829
:10CC6000FB7A9B0013445B681B0CDBB203F00703E9
:10CC700087F82B30FB6A1B685A68FB7A9B001344C9
:10CC80005B68DB0CDBB203F0030387F82A30FB6A36
:10CC90001B685A68FB7A08339B0013445B6803F0F7
:10CCA0008003802B2ED197F82A309B0038333B44E9
:10CCB00053F8283C97F82B2038323A4412F81C2CB1
:10CCC00023FA02F27B68B2FBF3F35B007B63BB7A6F
:10CCD0007A6B02FB03F30A4AA2FB03235B093B6363
:10CCE0007B6BB3F5803F03D23B6BB3F5803F40D302
:10CCF0004FF0FF3353E000BF245403182C540318A3
:10CD00001F85EB5197F82A309B0038333B4453F88A
:10CD1000283C97F82B2038323A4412F81C2C23FA7E
:10CD200002F27B68B2FBF3F37B62BB7A7A6A02FBA6
:10CD300003F31E4AA2FB03235B097B637A6A7B6BC6
:10CD4000D31A3B637B6B022B38BF0223013B7B630F
:10CD50003B6B022B38BF0223013B3B637B6BB3F57C
:10CD6000803F03D23B6BB3F5803F02D34FF0FF33DC
:10CD700015E07B6B1804FB6A1B685968FB7A3A6BF9
:10CD8000024310339B000B445A60FB7A40F20112BD
:10CD90009A40FB6A1B685B68C3F830210023184681
:10CDA0003C37BD465DF8047B704700BF1F85EB51E3
:10CDB00080B483B000AF0346FB7197F90730002BB6
:10CDC0000BDBFB7903F01F02074997F907305B097A
:10CDD000012000FA02F241F8232000BF0C37BD46C3
:10CDE0005DF8047B704700BF00E100E080B582B0D1
:10CDF00000AF00233B60934B1B689B6A7B607B68A2
:10CE000003F40043002B0DD08E4B1B684FF40042FF
:10CE10009A628C4B5B680F21012098477B6823F452
:10CE200000437B607B68002B00F008817B68B3F5D2
:10CE3000804F00F0C1807B68B3F5804F00F2BF8067
:10CE40007B68B3F5005F00F0B4807B68B3F5005FEA
:10CE500000F2B5807B68B3F5805F00F0A7807B6847
:10CE6000B3F5805F00F2AB807B68B3F5006F00F034
:10CE70009A807B68B3F5006F00F2A1807B68B3F500
:10CE8000806F00F08D807B68B3F5806F00F2978033
:10CE90007B68B3F5007F00F080807B68B3F5007F8E
:10CEA00000F28D807B68B3F5807F73D07B68B3F52B
:10CEB000807F00F284807B68802B68D07B68802B29
:10CEC0007DD87B68202B49D87B68002B77D07B6886
:10CED000013B1F2B73D801A252F823F065CF011834
:10CEE0006BCF0118BFCF011871CF0118BFCF011848
:10CEF000BFCF0118BFCF011877CF0118BFCF0118DE
:10CF0000BFCF0118BFCF0118BFCF0118BFCF011885
:10CF1000BFCF0118BFCF01187DCF0118BFCF0118B7
:10CF2000BFCF0118BFCF0118BFCF0118BFCF011865
:10CF3000BFCF0118BFCF0118BFCF0118BFCF011855
:10CF4000BFCF0118BFCF0118BFCF0118BFCF011845
:10CF5000BFCF0118BFCF011883CF01187B68402BCA
:10CF600012D02CE000233B602CE001233B6029E041
:10CF700002233B6026E003233B6023E004233B6065
:10CF800020E005233B601DE006233B601AE00723F9
:10CF90003B6017E008233B6014E009233B6011E08D
:10CFA0000A233B600EE00B233B600BE00C233B604D
:10CFB00008E00D233B6005E00E233B6002E00F23F9
:10CFC0003B6000BF3B680E2B38D81E4B1B6801210D
:10CFD0003A6801FA02F29A621A4BDB68002B2DD0F4
:10CFE000184B1A68174BDB68126B1A60154B1A68DE
:10CFF000144BDB680433526B1A60124B1A68114BE6
:10D00000DB680833926B1A600E4B1A680D4BDB68B5
:10D010000C33D26B1A600B4B0022DA60094B5B6851
:10D020003968022098470346002B07D1054B1B683F
:10D030005A68044B1B6842F000425A6000BF083730
:10D04000BD4680BD4828080080B584B000AF786038
:10D050003960154B9B6803F00103002B1ED14FF67E
:10D06000FF73FB6007F10C031A460121002000F05A
:10D0700077F80D4A3B6853600B4B9B6843F0010304
:10D08000094A9360002209491520FDF7E7FB064B8A
:10D090001B68FA689A62152014F03DFE00231846BA
:10D0A0001037BD4680BD00BF48280800EDCD0118EF
:10D0B00080B487B000AFF860B9607A607B680E2BEF
:10D0C00002D96FF0040330E01B4B1B689B687B6147
:10D0D0007B69C3F30E03002B02D06FF0010324E041
:10D0E000154B1B68BA6812681A61134B1B68BA6843
:10D0F00052685A61104B1B68BA6892689A610E4B6D
:10D100001B68BA68D268DA61BFF34F8F00BF0A4B61
:10D110001B685A687B681033012101FA03F3194632
:10D12000054B1B680A435A60002318461C37BD464E
:10D130005DF8047B704700BF4828080080B485B0C4
:10D1400000AFF860B9607A60044ABB68D36000231E
:10D1500018461437BD465DF8047B70474828080020
:10D1600080B485B000AFF860B9607A60BB68013BFD
:10D17000052B59D801A252F823F000BF95D1011810
:10D18000A3D10118B1D10118EDD10118FDD10118B9
:10D190001DD201187B681A682A4B1B6892B25A602C
:10D1A00048E0284B1B685B689AB27B681A6041E0D4
:10D1B0007B681B68002B0CD0224B1B681B6803F09C
:10D1C0000103002B33D11F4B1B6845F65A221A600E
:10D1D0002DE01C4B1B681B6803F00103002B26D0BD
:10D1E000184B1B6845F65A221A6020E0154B1B6845
:10D1F0001B6803F001027B681A601BE0114B1B687F
:10D200009B6803F40043002B13D10E4B1B685A6834
:10D210000C4B1B6842F000425A600AE0094BDB6885
:10D220001A467B681A6005E06FF0040303E000BF54
:10D2300000E000BF002318461437BD465DF8047BAC
:10D24000704700BF4828080080B400AF144B1B6E25
:10D25000C3F38043DBB2002B04D0114A136E43F4B6
:10D26000003313660E4B1B6EC3F30023DBB2002B9F
:10D2700004D00B4A136E43F040031366084B1B6E39
:10D28000C3F34023DBB2002B04D0054A136E43F0F6
:10D290008003136600BFBD465DF8047B704700BF86
:10D2A0000000034A80B590B000AF4FF08C42D368C5
:10D2B00043F48033D3604FF08C42936B43F40023EC
:10D2C0009363AA4AD36E3F2161F38803D366A74ACA
:10D2D000D36E022161F34C23D3664FF08C435B6D18
:10D2E000002B03D14FF08C43A14A5A654FF08C4379
:10D2F0009B6D002B03D14FF08C439E4A9A659E4A4A
:10D30000936843F0080393609B4A536B402161F399
:10D3100006035363984A536B43F080735363964AF2
:10D32000536B43F000735363934A536B6FF39A63E9
:10D33000536300BF904A1368802161F307031360B1
:10D340008D4A13686FF30F2313608B4A53686FF392
:10D350000F335360884A1369042161F30703136193
:10D36000854A136943F460531361834A13696FF369
:10D370008E331361804A136943F4803313610023B1
:10D380007B627E4BBB627C4B1B6AC3F30003DBB248
:10D390007B627B6A03F00103002B04D1BB6A5A1E37
:10D3A000BA62002BEFD1744B3F221A6413F04DFD8B
:10D3B000386213F07FFFF8613B6A07EE903AF8EEAF
:10D3C000677AB1EE007A27EE877ADFED6D6AC7EEF5
:10D3D000267AFCEEE77A684A17EE903AC3F30B031D
:10D3E00099B2536E61F30B0353663B6A07EE903AB2
:10D3F000F8EE677A9FED637A27EE877ADFED606A51
:10D40000C7EE267AFCEEE77A17EE903A3B633B6B69
:10D41000063BFB62FB6A002B01DC0123FB62564AE0
:10D42000FB6AC3F30B0399B2D2F8803061F31B435C
:10D43000C2F88030396B3A6AFB69B2FBF3F301330F
:10D440005B00BB613A6AFB69B2FBF3F213465B0017
:10D4500013447B617A69BB699A4238BF1A46386ABD
:10D46000FB69B0FBF3F35B001344CB1A073BFB6291
:10D47000FB6A002B01DC0123FB62FB6A1B0543F006
:10D4800006023D4B5A603B6B143BDA0F13445B10B2
:10D490003B633B6B002B01DC01233B63364A3B6B58
:10D4A000C3F30B0399B2D2F8803061F30B03C2F8D7
:10D4B0008030002234490B20FDF774FA0B2011F064
:10D4C00069FEFDF755FA2C4A136E43F0010313660B
:10D4D000294A136E43F002031366274B9B69C3F37B
:10D4E0008003DBB23B613B69002B02D002233B612E
:10D4F00001E004233B61204A5369162161F30F23A5
:10D5000053611D4A53692E2161F3070353611A4A7F
:10D51000136943F480431361174A936A43F001038C
:10D520009362154A136B43F000431363124AD368A6
:10D53000062161F31F63D3600F4AD3686FF317436B
:10D54000D3600D4AD368042161F30F23D3600A4AE4
:10D55000136843F47F031360074B0022C3F80021D4
:10D560000023FB631CE00023BB6312E000000146C4
:10D570000B00FECA0C00FECA0000034AA086010090
:10D58000002474496666664049D20118BB6B0133BA
:10D59000BB63BB6BB3F57A7FF8DBFB6B0133FB63DB
:10D5A000FB6B632BDFDD3D4A1368C02161F317433A
:10D5B000136064237B630023FB6011E0374BD3F8D7
:10D5C0000031FB60FB68DBB2392B10D0334B3922C2
:10D5D000C3F80021314AD368062161F30F23D360D9
:10D5E0007B6B013B7B637B6B002BE7D100E000BFD3
:10D5F00064237B6312E0294BD3F81031FB60FB6896
:10D60000DBB2802B06D1254AD368012161F3174391
:10D61000D36009E0214B8022C3F810217B6B013BD2
:10D620007B637B6B002BE6D11C4BD3F80431FB6092
:10D63000FB68DBB203F01F03FB72184BD3F8083111
:10D64000FB60FB68DB08DBB203F00303BB72FB6823
:10D65000DB09DBB203F001037B72104BD3F800311E
:10D660000F4A13600D4BD3F804310D4A53600B4B36
:10D67000D3F808310A4A9360084BD3F81031084AAE
:10D680001361064BD3F81831054A936100237B6080
:10D690007B6818464037BD4680BD00BF0000034A86
:10D6A0003858080080B483B000AF0346FB7197F987
:10D6B0000730002B0BDBFB7903F01F02074997F9BA
:10D6C00007305B09012000FA02F241F8232000BF75
:10D6D0000C37BD465DF8047B704700BF00E100E0F9
:10D6E00080B483B000AF0346FB7197F90730002B7D
:10D6F00012DBFB7903F01F020A4997F907305B0937
:10D70000012000FA02F2203341F82320BFF34F8FAB
:10D7100000BFBFF36F8F00BF00BF0C37BD465DF881
:10D72000047B704700E100E080B400AF024B184674
:10D73000BD465DF8047B70475828080080B400AFF0
:10D74000024B1846BD465DF8047B704788280800E8
:10D7500080B584B000AF78607B68002B05D1184B92
:10D76000184AD221184809F095FE7B685B681B882F
:10D77000C3F3C213DBB2FB607B685B681B88C3F337
:10D780000213DBB2BB60BB680133BB60FB68002BDC
:10D7900002D0BB68002B05D10C4B0A4AD8210A489D
:10D7A00009F078FE0120FFF75FF80246FB6803FBF3
:10D7B00002F2BB68B2FBF3F318461037BD4680BDDA
:10D7C0003854031898760418445403187C540318EA
:10D7D00080B588B002AF78600B46FB70786817F0B0
:10D7E000C7F878617B69002B02D16FF0040323E155
:10D7F000FB78022B38D0022B00F31A81002B02D0C9
:10D80000012B2ED014E17B699B89184614F09DFAF8
:10D810007B69DB6A1B7B03F02003002B03D0002114
:10D82000786900F065FEFDF7BDFA7B691B681A6B2D
:10D830007B691B6842F007021A637B695B681B887F
:10D840009AB27B695B6822F0080292B21A807B6907
:10D85000DB6A1A7B7B69DB6A22F06002D2B21A7340
:10D86000E9E06FF00303E7E07B69DB6A1B7B5BB2F7
:10D87000002B02DB4FF0FF33DEE07B69DB6A1B7BB2
:10D8800003F04003002B01D00023D5E06C4B3B613B
:10D890000120FEF7E9FF03466A4AA2FB03239A0927
:10D8A000002300933B690721072011F0E0FBF8609B
:10D8B000FB68002B06D1644B644A4FF4CA7164487C
:10D8C00009F0E8FDFB687B81FB681B0C3B817B89D1
:10D8D000013B7B817B891B011BB203F070031BB2F0
:10D8E00043F009031AB23B89DB011BB203F46073F6
:10D8F0001BB213431BB243F480631AB27B695B68AB
:10D9000092B21A807B691B68524A93420ED14FF043
:10D910008C435B6AC3F30403DBB24FF08C4203F029
:10D920001303D9B2536A61F3040353627B691B6822
:10D930001A697B691B6822F000421A61FDF7DEF963
:10D940007B691B681A6B7B691B6842F007021A63CC
:10D9500000BF7B691B681B6B03F00703002BF8D12A
:10D96000786914F0FFF903461A467B691A817869D1
:10D9700014F00FFA03461A467B695A817B691B68CB
:10D98000196B7B691B895B089BB21B0403F4F812BB
:10D990007B695B895B089BB21B0203F4F8531A4353
:10D9A0007B691B680A431A637B691B895B089BB20E
:10D9B000184611F055FC02467B69DB6AD2B29A74B4
:10D9C0007B695B895B089BB2184611F049FC0246F3
:10D9D0007B69DB6AD2B2DA747B69DB6A00225A6146
:10D9E0007B69DB6A00229A617B69DB6A0022DA616B
:10D9F0007B69DB6A00221A627B69DB6A00225A6259
:10DA00007B69DB6A1A7B7B69DB6A42F04002D2B237
:10DA10001A737B699B8918467B691B69002219462A
:10DA2000FCF71CFF7B699B89184614F081F902E022
:10DA30006FF0030300E0002318461837BD4680BD91
:10DA4000A0860100D34D621090540318A0760418EC
:10DA5000445403180000504590B595B006AFF860E7
:10DA6000B9607A60F86816F083FFF862FB6A002BF1
:10DA700002D16FF0040365E1BB68002B06D07B6820
:10DA8000002B03D07B68B3F5007F02D96FF004034D
:10DA900058E1FB6ADB6A1B7B03F02003002B02D1F9
:10DAA0004FF0FF334EE1FB6ADB6A5B69C3F30003AF
:10DAB000DBB2002B02D06FF0010343E1FB6ADB6AAB
:10DAC00000225A61FB6ADA6A938A43F00103938267
:10DAD000FB6ADB6ABA68DA61FB6ADB6A00225A62B7
:10DAE000FB6ADB6A7A68DA62FB6ADB6A012283F826
:10DAF0003220002387F83730FB6ADB6A5B7B03F058
:10DB00000F03012B0CBF0123002387F82B3097F85C
:10DB10002B30002B02D0F86A14F051F97B68013BDE
:10DB20001A03FB6A1B681B6A03F080431A43FB6AF3
:10DB30001B6842F080721A6200233B637B687B6241
:10DB400000BFFB6ADB6A5B7B03F01003002B00F075
:10DB50009D80FB6ADB6A5B7B03F03003102B0CBFFC
:10DB60000123002387F82330FB6ADB6A002283F855
:10DB70003020FB6ADB6A9B7BFF2B04D1FB6ADB6AEC
:10DB8000FA6A127D9A73FB6ADB6A03F10E00FB6A84
:10DB90009969FB6ADA69FB6ADC6A012316F0ECFE1C
:10DBA0000346A373FB6ADB6A9B7BFF2B06D197F8C6
:10DBB0002330002B67D04FF0FF33C3E0FB6ADB6AF2
:10DBC0005B7C5A00FB6ADB6A5B7C1B011A43FB6AC5
:10DBD000DB6A9B7CDB021A43FB6ADB6A9B7C9B0350
:10DBE0001A435A4B1343FB612023BB61FB6A5B7DE5
:10DBF000DB0243F002037B61FB6ADB6A987BFB6A12
:10DC0000DB6ADB691A46FB6A1B682C331946002362
:10DC10000593002304937B690393BB690293FB691B
:10DC200001937B6A00930B46012116F08DFE38614B
:10DC30003B69B3F1FF3F11D1FB6ADB6A9B7B00219B
:10DC40001846FDF7E5F8FB6ADB6AFF229A7397F83E
:10DC50002330002B19D04FF0FF3373E0FB6A1B68B1
:10DC60001A6BFB6A1B6842F010021A6310233B63B5
:10DC7000FB6ADA6A938A012161F305139382012317
:10DC800087F8373002E000BF00E000BF97F8373078
:10DC900083F00103DBB2002B1AD0FB6ADB6A5B7BEB
:10DCA00003F02003002B13D0FB6A1B895B089BB297
:10DCB0001946F86A16F04CFE18233B63FB6ADA6AD1
:10DCC000938A022161F305139382012387F8373089
:10DCD00097F8373083F00103DBB2002B02D04FF00E
:10DCE000FF332FE097F82B3083F00103DBB2002BDA
:10DCF00013D0FB6A1B685A6EFB6A1B6842F0004235
:10DD00005A663B6B43F002033B63FB6A1B681A6E67
:10DD1000FB6A1B6842F480321A66FB6A1B683A6B26
:10DD20009A6397F82B30002B0BD000BFFB6A1B685F
:10DD30005B6B03F48003002BF8D1FB6A1B680022A5
:10DD40005A62002318463C37BD4690BD01011000C1
:10DD500090B595B006AFF860B9607A60F86816F0D3
:10DD600007FEF862FB6A002B02D16FF004034AE160
:10DD7000BB68002B06D07B68002B03D07B68B3F513
:10DD8000007F02D96FF004033DE1FB6ADB6A1B7B75
:10DD900003F02003002B02D14FF0FF3333E1FB6A85
:10DDA000DB6A5B69C3F30003DBB2002B02D06FF0C8
:10DDB000010328E1FB6ADB6A00225A61FB6ADA6A26
:10DDC000938A43F001039382FB6ADB6ABA689A6123
:10DDD000FB6ADB6A00221A62FB6ADB6A7A689A6273
:10DDE000FB6ADB6A022283F83220FB6ADB6A5B7B18
:10DDF00003F00F03022B0CBF0123002387F82B3005
:10DE0000002387F8373097F82B3083F00103DBB21B
:10DE1000002B02D0F86A13F0D2FF7B685A1EFB6A0F
:10DE20001B681B6A03F080431A43FB6A1B6842F0BD
:10DE300000721A6200233B637B687B6200BFFB6A4F
:10DE4000DB6A5B7B03F04003002B00F09F80FB6AE2
:10DE5000DB6A5B7B03F0C003402B0CBF0123002374
:10DE600087F82330FB6ADB6A002283F83120FB6AE3
:10DE7000DB6ADB7BFF2B05D1FB6ADB6AFA6A92F86F
:10DE80002020DA73FB6ADB6A03F10F00FB6A596A30
:10DE9000FB6A9A6AFB6ADC6A022316F06DFD034690
:10DEA000E373FB6ADB6ADB7BFF2B06D197F8233039
:10DEB000002B68D04FF0FF33A5E0FB6ADB6A5B7C88
:10DEC0005A00FB6ADB6A5B7C1B011A43FB6ADB6A54
:10DED000DB7CDB021A43FB6ADB6ADB7C9B031A43B5
:10DEE0004B4B1343FB612023BB61FB6A93F821304A
:10DEF000DB0143F002037B61FB6ADB6AD87BFB6AD0
:10DF00001B682C331A46FB6ADB6A9B69194600239F
:10DF10000593002304937B690393BB690293FB6918
:10DF200001937B6A00930B46012116F00DFD3861C9
:10DF30003B69B3F1FF3F11D1FB6ADB6ADB7B002158
:10DF40001846FCF765FFFB6ADB6AFF22DA7397F875
:10DF50002330002B19D04FF0FF3354E0FB6A1B68CD
:10DF60001A6BFB6A1B6842F008021A6310233B63BA
:10DF7000FB6ADA6A938A012161F387139382012392
:10DF800087F8373002E000BF00E000BF97F8373075
:10DF900083F00103DBB2002B11D0FB6ADB6A5B7BF1
:10DFA0005BB2002B0BDA14233B63FB6ADA6A938AB9
:10DFB000022161F387139382012387F8373097F8A2
:10DFC000373083F00103DBB2002B02D04FF0FF3378
:10DFD00019E0FB6A1B683A6B9A6397F82B30002BA9
:10DFE0000CD0FB6A1B685A6EFB6A1B6842F4004245
:10DFF0005A663B6B43F021033B6303E0FB6A1B68FB
:10E0000000225A62002318463C37BD4690BD00BF2F
:10E010000104200080B594B006AFF860B9607A6062
:10E020003B60F86816F0A4FCF862FB6A002B02D192
:10E030006FF0040358E2BB68002B09D07B68002B0B
:10E0400006D03B68002B03D03B68B3F5007F02D9B4
:10E050006FF0040348E2FB6ADB6A1B7B03F02003DA
:10E06000002B02D14FF0FF333EE2FB6ADB6A5B69B3
:10E07000C3F30003DBB2002B02D06FF0010333E2E5
:10E08000FB6ADB6A00225A61FB6ADA6A938A43F010
:10E0900001039382FB6ADA6A0321938A61F387138F
:10E0A0009382FB6ADA6A938A61F305139382FB6AAF
:10E0B000DB6A7A689A61FB6ADB6ABA68DA61FB6AD2
:10E0C000DB6A00221A62FB6ADB6A00225A62FB6A80
:10E0D000DB6A3A689A62FB6ADB6A3A68DA62FB6A70
:10E0E000DB6A032283F83220FB6ADB6A5B7B03F086
:10E0F0000F03022B0CBF0123002387F82B3097F866
:10E100002B3083F00103DBB2002B02D0F86A13F04E
:10E1100056FE3B68013B1A033B68013B42EA0301A0
:10E12000FB6A1B681B6A03F08042FB6A1B680A4398
:10E130001A6200233B63002387F837303B687B6219
:10E1400000BFFB6ADB6A5B7B03F01003002B00F06F
:10E150009480FB6ADB6A5B7B03F03003102B0CBFFF
:10E160000123002387F82330FB6ADB6A002283F84F
:10E170003020FB6ADB6AFA6A127D9A73FB6ADB6AFB
:10E1800003F10E00FB6A9969FB6ADA69012316F054
:10E19000F3FBFB6ADB6A9B7BFF2B06D197F82330EE
:10E1A000002B67D04FF0FF339EE1FB6ADB6A5B7C9C
:10E1B0005A00FB6ADB6A5B7C1B011A43FB6ADB6A61
:10E1C0009B7CDB021A43FB6ADB6A9B7C9B031A4342
:10E1D0009B4B1343FB612023BB61FB6A5B7DDB022E
:10E1E00043F002037B61FB6ADB6A987BFB6ADB6AB4
:10E1F000DB691A46FB6A1B682C331946002305931A
:10E20000002304937B690393BB690293FB69019329
:10E210007B6A00930B46012116F096FB38613B693F
:10E22000B3F1FF3F11D1FB6ADB6A9B7B00211846EB
:10E23000FCF7EEFDFB6ADB6AFF229A7397F8233046
:10E24000002B19D04FF0FF334EE1FB6A1B681A6BAD
:10E25000FB6A1B6842F010021A6310233B63FB6ADF
:10E26000DA6A938A012161F305139382012387F807
:10E27000373002E000BF00E000BF97F8373083F08E
:10E280000103DBB2002B1AD0FB6ADB6A5B7B03F075
:10E290002003002B13D0FB6A1B895B089BB2194635
:10E2A000F86A16F055FB18233B63FB6ADA6A938A17
:10E2B000022161F305139382012387F8373097F821
:10E2C000373083F00103DBB2002B02D04FF0FF3375
:10E2D0000AE197F82B30002B0BD0FB6A1B685A6EB3
:10E2E000FB6A1B6842F000425A663B6B43F0020334
:10E2F0003B63002387F837303B687B6200BFFB6AD3
:10E30000DB6A5B7B03F04003002B00F09E80FB6A1E
:10E31000DB6A5B7B03F0C003402B0CBF01230023AF
:10E3200087F82330FB6ADB6A002283F83120FB6A1E
:10E33000DB6ADB7BFF2B05D1FB6ADB6AFA6A92F8AA
:10E340002020DA73FB6ADB6A03F10F00FB6A596A6B
:10E35000FB6A9A6A022316F00FFBFB6ADB6ADB7B1F
:10E36000FF2B06D197F82330002B66D04FF0FF33F8
:10E37000BAE0FB6ADB6A5B7C5A00FB6ADB6A5B7CA7
:10E380001B011A43FB6ADB6ADB7CDB021A43FB6A74
:10E39000DB6ADB7C9B031A432A4B1343FB6120237C
:10E3A000BB61FB6A93F82130DB0143F002037B6120
:10E3B000FB6ADB6AD87BFB6A1B682C331A46FB6A54
:10E3C000DB6A9B69194600230593002304937B694C
:10E3D0000393BB690293FB6901937B6A00930B462D
:10E3E000012116F0B1FA38613B69B3F1FF3F11D159
:10E3F000FB6ADB6ADB7B00211846FCF709FDFB6A40
:10E40000DB6AFF22DA7397F82330002B1CD04FF021
:10E41000FF3369E0FB6A1B681A6BFB6A1B6842F0FA
:10E4200008021A63FB6ADA6A938A012161F387138F
:10E430009382012387F8373007E000BF05E000BF73
:10E44000010110000104200000BF97F8373083F06D
:10E450000103DBB2002B13D0FB6ADB6A5B7B5BB290
:10E46000002B0DDA3B6B43F004033B63FB6ADA6A73
:10E47000938A022161F387139382012387F837304F
:10E4800097F8373083F00103DBB2002B02D04FF056
:10E49000FF3329E0FB6A1B683A6B9A6397F82B30CD
:10E4A000002B14D0FB6A1B685A6EFB6A1B6842F48F
:10E4B00000425A663B6B43F021033B63FB6A1B68D7
:10E4C0001A6EFB6A1B6842F480321A660BE000BFCA
:10E4D000FB6A1B685B6B03F48003002BF8D1FB6ABB
:10E4E0001B6800225A62002318463837BD4680BD9B
:10E4F00090B585B000AF78600B46FB707B68002B51
:10E5000006D15B4B5B4A40F2DC715B4808F0C2FF0E
:10E510007B68DB6A5B7B03F00F03022B0CBF0123DC
:10E520000023FB737B68DB6A5B69C3F30003DBB228
:10E53000002B6FD07B681B6800229A63FB7B002B4B
:10E540001CD07B681B681A6E7B681B6822F48032C3
:10E550001A667B68DB6A1B7B03F00103002B0DD07E
:10E560007B68DB6A9B68002B08D07B68DB6A9B6852
:10E570007A68D289D2B20121104698477B68DB6A5B
:10E580005B69C3F30113DBB2012B1FD17B68DB6A2C
:10E5900093F83030002B19D17B68DB6A9A7B7B685B
:10E5A000DC6A104616F0F4F9034663627B68DB6AA6
:10E5B0009A7BFB7B83F00103DBB219461046FCF724
:10E5C00027FC7B68DB6A012283F830207B68DB6AEA
:10E5D0005B69C3F38113DBB2012B1BD17B68DB6A60
:10E5E00093F83130002B15D17B68DB6ADA7B7B68CE
:10E5F000DC6A104616F0CCF9034623627B68DB6ABE
:10E60000DB7B01211846FCF703FC7B68DB6A0122F7
:10E6100083F83120FB7883F00103DBB2002B23D099
:10E620007B681B681A6B7B681B6822F018021A63F0
:10E630007B681B681A6B7B681B6842F006021A63D2
:10E640007B68DB6A00225A617B68DB6A00229A6180
:10E650007B68DB6A0022DA617B68DB6A00221A626F
:10E660007B68DB6A00225A6200BF1437BD4690BD4A
:10E6700038540318B47604184454031880B586B08F
:10E6800000AF786039607B68002B02D03B68002BBC
:10E6900006D1244B244A40F61201244808F0FAFE21
:10E6A0007868FFF755F838613A693B689A4202D1B9
:10E6B000FF237B6116E03B685B003A69B2FBF3F332
:10E6C000013B7B617B69FE2B02DC7B69002B01DA5D
:10E6D000002322E07B6901335B001A463B69B3FBF0
:10E6E000F2F33B614FF48053FB607B681B681B6C4B
:10E6F0007A68126823F4435323F03F0313647B6862
:10E700001B68196C7B69DAB2FB6803F440531A4347
:10E710007B681B680A431A64012318461837BD46F4
:10E7200080BD00BF9C540318C876041844540318D5
:10E7300080B584B000AF78607B68002B06D10F4BAA
:10E740000F4A40F635010F4808F0A4FE7868FEF73E
:10E75000FFFFF8607B681B681B6CDBB2BB60BB68AB
:10E76000FF2B06D0BB6801335B00FA68B2FBF3F302
:10E7700000E0FB6818461037BD4680BD38540318CA
:10E78000DC7604184454031880B483B000AF034609
:10E79000FB7197F90730002B0BDBFB7903F01F02AD
:10E7A000074997F907305B09012000FA02F241F8A6
:10E7B000232000BF0C37BD465DF8047B704700BFC7
:10E7C00000E100E080B400AF024B1846BD465DF8A2
:10E7D000047B7047F076041880B584B000AF786091
:10E7E0007B68264A934202D06FF0040342E07B68C4
:10E7F000FB60FB68DB681A68FB68DB6842F00202BA
:10E800001A60FB681B684FF0FF321A61FB681B68D7
:10E810004FF0FF325A61FB681B684FF0FF329A617C
:10E82000FB681B684FF0FF32DA61FB685868FB68D1
:10E830009B6800221946FCF711F8FB685B681846D4
:10E8400013F0E0FEFB681B681B68C3F30003DBB238
:10E85000012B0ED0FB681A68136843F001031360A4
:10E8600000BFFB681B681B6AC3F34003DBB2002BCD
:10E87000F7D0002318461037BD4680BDF076041847
:10E8800080B485B000AF786039607B68904A93426D
:10E8900002D06FF0040315E17B68FB60FB68DB6866
:10E8A0001B6803F00203002B02D14FF0FF3309E194
:10E8B000FB681A681368012161F31F631360FB682A
:10E8C0001A6813686FF317431360FB681A681368BC
:10E8D00043F47F4313603B6803F00303BB60FB68B2
:10E8E0001A68BB6803F00103D9B2136861F304131B
:10E8F0001360BB685908FB681A680B4603F00103F4
:10E90000D9B2136861F345131360FB681A68136882
:10E9100043F0020313603B689B0803F00303BB60F2
:10E92000FB681A68BB6803F00303D9B2936861F30C
:10E93000975393603B681B0903F00303BB60FB68BC
:10E940001A68BB6803F00703D9B2936861F3D54333
:10E9500093603B689B09C3F30D03BB60FB681A68B7
:10E96000BB6899B2D36861F30F03D3603B6803F0CF
:10E970008073002B19D0FB681A68BB6899B2D36802
:10E9800061F31F43D3604FF08C435B69C3F30F43C4
:10E990009BB24FF08C426FEA43436FEA534399B204
:10E9A000536961F31F43536120E0FB681B68DB6818
:10E9B000C3F30F4399B2BB689BB2DB439BB2FA68C7
:10E9C00012680B4099B2D36861F31F43D3604FF0D4
:10E9D0008C435B69C3F30F439BB24FF08C42C3F38C
:10E9E0000E0399B2536961F31F4353613B6803F40B
:10E9F0000063002B04D0374A936B43F010039363FA
:10EA0000FB681B68DB689BB203F40053002B05D046
:10EA1000304B5B6B2F4A43F0100353633B681B0D75
:10EA200003F00103BB60FB681A68BB6803F00103D5
:10EA3000D9B2936861F345139360BB68002B05D18D
:10EA4000FB681A6893686FF3861393603B685B0DED
:10EA500003F00703BB60BB689908FB681A680B46A4
:10EA600003F00103D9B2936861F304139360FB6868
:10EA70001A68BB6803F00303D9B2936861F3830398
:10EA80009360FB681A6813686FF3041313603B68A4
:10EA900003F00303BB60FB681A68BB6803F0010363
:10EAA000D9B2136861F304131360FB681A689368A2
:10EAB00043F002039360FB681A6893686FF30003E6
:10EAC0009360002318461437BD465DF8047B7047F9
:10EAD000F07604180000814680B485B000AF7860FD
:10EAE0007B680A4A934202D06FF0040308E07B6817
:10EAF000FB60FB681A68136843F008031360002387
:10EB000018461437BD465DF8047B7047F07604184C
:10EB100080B485B000AF786039607B68124A934258
:10EB200002D06FF0040319E07B68FB60FB681B6890
:10EB3000DB68C3F30F439BB2002B0ED100BFFB6811
:10EB40001B681B6AC3F3C003DBB2002BF7D0FB6862
:10EB50001A68936943F00803936100231846143739
:10EB6000BD465DF8047B7047F076041880B485B02C
:10EB700000AF786039607B680C4A934202D06FF036
:10EB800004030CE07B68FB60FB681A683B68C3F316
:10EB90000A0399B2936861F3122393600023184625
:10EBA0001437BD465DF8047B704700BFF07604184B
:10EBB00080B485B000AF786039607B68674A934263
:10EBC00002D04FF6FB73C2E07B68BB600023FB8181
:10EBD0003B68B3F5002F00F0B2803B68B3F5002F1F
:10EBE00000F2B3803B68B3F5802F00F0A2803B6851
:10EBF000B3F5802F00F2A9803B68B3F5003F00F029
:10EC000092803B68B3F5003F00F29F803B68B3F50C
:10EC1000803F00F082803B68B3F5803F00F2958032
:10EC20003B68B3F5004F72D03B68B3F5004F00F27C
:10EC30008C803B68B3F5804F63D03B68B3F5804F61
:10EC400000F283803B68B3F5005F55D03B68B3F5B5
:10EC5000005F7AD83B68B3F5805F48D03B68B3F576
:10EC6000805F72D83B68B3F5006F3BD03B68B3F56B
:10EC7000006F6AD83B68B3F5806F2ED03B68B3F560
:10EC8000806F62D83B68B3F5007F21D03B68B3F555
:10EC9000007F5AD83B68B3F5807F14D03B68B3F54A
:10ECA000807F52D83B68402B03D03B68802B05D037
:10ECB0004BE0BB681B681B6EFB8147E0BB681B68B1
:10ECC0005B6EFB8142E0BB681B689B6EFB813DE095
:10ECD000BB681B68DB6EFB8138E0BB681B681B6F81
:10ECE000FB8133E0BB681B685B6FFB812EE0BB6878
:10ECF0001B689B6FFB8129E0BB681B68DB6FFB8196
:10ED000024E0BB681B68D3F88030FB811EE0BB6841
:10ED10001B68D3F88430FB8118E0BB681B68D3F80C
:10ED20008830FB8112E0BB681B68D3F88C30FB8114
:10ED30000CE0BB681B68D3F89030FB8106E0BB6831
:10ED40001B68D3F89430FB8100E000BFFB891846B4
:10ED50001437BD465DF8047B704700BFF076041899
:10ED600080B485B000AF03463A60FB710B46BB71BF
:10ED7000134B1B68FB60FB79012B19D1FA68BB7937
:10ED80009B001344FB60BB79062B02D96FF0040390
:10ED900010E0FB681A6822F01F021A60FB6819680D
:10EDA0003A6802F01F020A431A6000BF002301E024
:10EDB0006FF0040318461437BD465DF8047B7047B6
:10EDC000B828080080B400AF024B1846BD465DF875
:10EDD000047B70470477041880B485B000AF786076
:10EDE0007B680B4A934202D06FF004030AE07B6811
:10EDF000FB60FB68DB681A68FB68DB6842F00102B5
:10EE00001A60002318461437BD465DF8047B70472E
:10EE10000477041880B485B000AF78600B46FB70AF
:10EE20007B68FB60FB78022B2ED0022B4CDC002B86
:10EE300002D0012B4BD047E0FB681B684FF07542B6
:10EE40001A60FB681B68264A5A60FB681B681B6ACD
:10EE5000BB60FB681A6813696FF300031361FB68FA
:10EE60001A6853696FF300035361FB681A6893696A
:10EE70006FF300039361FB68DB681A68FB68DB686B
:10EE800022F002021A6023E0FB68DB681B6803F0D3
:10EE90000103002B02D14FF0FF331AE0FB68DB685F
:10EEA0001B6803F00203002B0CD1FB681B681B6A74
:10EEB000BB60FB68DB681A68FB68DB6842F0020233
:10EEC0001A6005E0002304E06FF0030301E000BFD7
:10EED000002318461437BD465DF8047B704700BF19
:10EEE000230200F580B487B000AF786039607B689A
:10EEF0001F4A934202D06FF0040332E07B687B61CB
:10EF000000233B617B69DB681B6803F00203002B75
:10EF100002D14FF0FF3324E03B681B0903F00703E5
:10EF2000FB603A69FB6813433B613B689B0803F055
:10EF30000303FB60FB681B013A6913433B613B68B9
:10EF400003F00303FB60FB681B023A6913433B6158
:10EF50003B6943F075433B617B691B683A695A60C2
:10EF6000002318461C37BD465DF8047B704700BF80
:10EF70000477041880B485B000AF78607B68094AD4
:10EF8000934202D06FF0040306E07B68FB60FB68ED
:10EF90001B68054A1A60002318461437BD465DF801
:10EFA000047B704704770418010000F580B485B035
:10EFB00000AF78607B68094A934202D06FF0040387
:10EFC00006E07B68FB60FB681B681B6ABB60BB6874
:10EFD00018461437BD465DF8047B70470477041863
:10EFE00080B485B000AF78607B680A4A934202D053
:10EFF0006FF0040307E07B68FB60FB681B689B689D
:10F00000C3F30003DBB218461437BD465DF8047B3A
:10F01000704700BF0477041837B5021D1DD20020C9
:10F020000021104DCDE900010421284602F09CFF8B
:10F03000044690B144F8045BA3070FD01F230A4A8B
:10F040000A490B480FF0A0F821460A4804220FF0A5
:10F050009BF81F2104480FF090F80024204603B0CD
:10F0600030BD00BF602D08002DF1041870F10418A8
:10F070001F980418A2F1041810B50024044B054988
:10F080000548C3E9004403F019FF204610BD00BF46
:10F090000C5908009DF00118E03408002DE9F041FA
:10F0A0001F4D4FF0FF324FF0FF331E4803F07AFB45
:10F0B0002C681CB14FF00008266824B91948BDE837
:10F0C000F04103F03FBC6768D7F8D00018B113F0E7
:10F0D0009CFBC7F8D080384613F097FB00222B68C2
:10F0E00053B19C4216D1236872B96A682B6094426E
:10F0F00000D16B60C4F80080204613F086FB66B137
:10F10000336834461E46D8E713606B689C4208BFDC
:10F110006A60EFE71A461B68E2E73346F1E700BF93
:10F120000C590800B82D08002DE9F04D074688B0AD
:10F13000D8200D461646984613F063FB044638B3B4
:10F140000023C0F8D0304FF0000A4FF0000B109AA7
:10F150000493C2F10E02CDE90232CDE906AB32468C
:10F16000CDE900780C4B119903F070F884420CD073
:10F170000A4983230A4A0B480FF006F80A480FF0A1
:10F1800003F8832106480EF0F8FF294614F098FD95
:10F19000204608B0BDE8F08D892903181FF2041835
:10F1A000CAF104181F98041838F204182DE9F04128
:10F1B00088B004460E461746984600F045F928B92F
:10F1C0001F480EF001FE6FF0120013E007AB04932E
:10F1D0000F9B009703930E9B0021CDE90183109AAA
:10F1E00045683346A847054638B9164807990EF0D2
:10F1F000EBFD079808B0BDE8F0810369984708B9AE
:10F200001148DEE72560A06000F5E071FBF7B4FE71
:10F21000BFF34F8FA3680020196A01F083F800251F
:10F22000A368606083F84051A06800F5B07100F5F4
:10F23000A07015F0B1FBBFF34F8F2846DAE700BF8F
:10F2400048F2041864F2041894F204182DE9F0430B
:10F250009146026885B0064688460C9D3AB133480F
:10F260000EF0B2FD6FF0570005B0BDE8F083B9F1C4
:10F27000000F08BF4FF47A59002D08BF0C2543B981
:10F28000284613F0F9FB60B9294629480EF09CFD89
:10F2900004E0012BF4D027480EF096FD6FF0150026
:10F2A000E2E7284613F0B2FB15F004041EBF00236A
:10F2B000012433772B07074604D50122631C34440D
:10F2C0002277DCB2E80604D50222631C344422779C
:10F2D000DCB2A90604D50322631C34442277DCB2D5
:10F2E0006A0604D50422631C34442277DCB22B0660
:10F2F00042BF0523A419237700242B460122494647
:10F3000077624046009413F001FC0D9BCDE901406B
:10F31000009301223B4649463046FFF747FF00284D
:10F32000A2D1C6E90450B0619EE700BFB1F2041853
:10F33000F6F20418C8F204182DE9F04F04468B4683
:10F340009246002585B000F118030293606814F01E
:10F3500030F8606814F038F8A0B1606814F047F82D
:10F36000606814F026F80299606814F052F80646B6
:10F3700060B1014626480EF027FD3546284605B007
:10F38000BDE8F08F606814F032F8ECE70146A3693D
:10F3900062680093A3689268D3F800E0636AD2F8C9
:10F3A000C820E718019207F11B020BEB0509039235
:10F3B0008E4514D004F11B0209EB400807E012F857
:10F3C00001CF009FB44437F91CC028F802CB039F3B
:10F3D000BA42F4D1019A013116441844E8E70EFB11
:10F3E00003F3A169606805EB430501F0B1FA064635
:10F3F00010B101460748BEE7606801F0DDFA064635
:10F4000010B101460448B6E755459FD3B6E700BFA3
:10F4100025F3041850F304187BF3041810B50024E6
:10F42000064B1C60064B1C6000F05CFF052220466A
:10F43000044914F04DF8204610BD00BF18590800CB
:10F4400014590800BC28080010B5064C23683BB9C5
:10F4500000F038FF7B210368984700F05DFC2060D6
:10F46000206810BD1859080010B5064C23683BB938
:10F4700000F028FFEA210368984700F0DDFC2060D7
:10F48000206810BD145908002DE9F0418AB00446E7
:10F490000E4617469846FFF7D7FF28B93C480EF0AE
:10F4A00093FC6FF0120019E009AB0693149B3246EF
:10F4B0000593139B00210493129B1B040393119B40
:10F4C0000293109BCDE900833B460568A84705469B
:10F4D00038B9304809990EF077FC09980AB0BDE8B0
:10F4E000F081C369984708B92B48D8E72560A06028
:10F4F00000F5E071FBF740FDBFF34F8FA3680120DB
:10F50000196A00F00FFF0122A368606083F84021B0
:10F51000D4ED037AB0EE677AD4ED047AFEEECA7ABF
:10F52000BEEECA7AA16817EE102A0B680025636147
:10F5300017EE903A1BB243EA024340F6B832C1F8E4
:10F54000A030A368A3F88021A368A3F8A051BFF35B
:10F550004F8FA06800F5B07100F5A07015F01CFA8F
:10F56000A06800F1C001A03015F016FAA06800F5FF
:10F57000D07100F5C07015F00FFAA06800F5E071C9
:10F5800000F5D07015F008FABFF34F8F2846A5E7B5
:10F5900048F20418A6F3041894F204182DE9F04F69
:10F5A0001E4600238BB00693036804460F4615469B
:10F5B000DDF850903BB154480EF006FC6FF0570058
:10F5C0000BB0BDE8F08F4FF0FF3107A813F085FABC
:10F5D00010B16FF01200F3E74FF0FF3108A813F0FD
:10F5E000A9FA0028F5D14FF0FF3109A813F0BAFAB3
:10F5F0000028EED107B9079F002D08BF0125002E76
:10F60000284608BF0C2613F01DFA28B93F480EF013
:10F61000DBFB6FF01500D3E7284613F0F1F980F01B
:10F62000010830465FFA88F813F02CFA08B9384818
:10F63000EDE7304613F0EAF9334682462A4639466A
:10F640000320CDF8008013F033FA834620B903215C
:10F6500030480EF0B9FBDCE7284613F0D1F9E0B1F1
:10F66000069BF3B9DDE907204FF47A73434393FB1C
:10F67000F2F30999B1FBF3F1022938BF02214143AA
:10F680007943B1FBF2F1B9F1000F3BD0494508DDF8
:10F690004A4621480EF098FBBBE74FF0010A4FF4B1
:10F6A000A0794FF07E53E360236106ABCDE902837E
:10F6B0003A462B4603212046CDE900A9CDF810B0EB
:10F6C000FFF7E2FE00287FF47BAF03232376069B3F
:10F6D000A062E561666284F820A0636384F821007B
:10F6E000002204F13003C3E8AF2F4FF47A7263694C
:10F6F000C4E90E805343B3FBF7F3099A2064134423
:10F70000E3625DE78946CCE7D7F30418EDF304180C
:10F71000FDF3041813F4041842F4041838B5044631
:10F7200000F13005D5E8EF3F43F00102C5E8E12FD5
:10F730000029F7D16BBB40F6B831A268A2F880115E
:10F74000A268A2F8A031BFF34F8FA06800F5D07176
:10F7500000F5C07015F020F9BFF34F8F13F017F9C3
:10F760000C2113F019F920688368984788B109487B
:10F770000EF02AFBD5E8EF3F23F00103C5E8E23F96
:10F78000002AF7D113F003F9BDE838400A2113F03D
:10F7900003B938BD78F404182DE9F74FD0F8089074
:10F7A000CB6804460D4609F5C07009F5D0711646C0
:10F7B0000193FBF7E1FBBFF34F8F0022002EB8BF90
:10F7C000B9F88071C5E90322E26BA8BF0A27002AB5
:10F7D00041D104F13C0A04F1300B606813F030FEB3
:10F7E000606813F038FE002830D15146606813F08D
:10F7F0005BFE30B3FEE7DBE8AF2F32B930480EF0E6
:10F80000E3FA304803B0BDE8F08F002E54D03946FB
:10F81000606813F033FE0028DFD0B9F8A021B9F8F2
:10F8200080113A4492B29142A9F8A02104D82068EC
:10F8300082689047A9F8A081013ECED16FF0730095
:10F84000E0E762689268D2F8CC202264D4F83C8069
:10F85000B8F1000FCFD00022A9F8A021226C019BA3
:10F8600094F82110934228BF1346003918BF012194
:10F87000296094F82010EB606960D9F8E0105943D2
:10F880002961E06913F0BCF8A0B9E269AA60626876
:10F89000216C9268E36BD2F8CC20521AD9F8E010B0
:10F8A00001FB02336B613034D4E8AF0FB0FA80F063
:10F8B0004009A7E70122E9E76FF00A00A2E700BFCD
:10F8C00088F40418010000802DE9F041446B0646DD
:10F8D0000F46154686B07CBB002A1ADA1346184834
:10F8E0000EF072FA6FF01504204606B0BDE8F08104
:10F8F000DDF81080394642460598E1F759F9A5EB45
:10F900000805694630464744444413F0A2F9002DE7
:10F91000EAD0304613F08CF9B5FBF0F04FF0FF322F
:10F92000039069463046FFF737FF0028E0DA054BC1
:10F93000984218BF0446D7E76FF05704D4E700BFDA
:10F94000A8F404180100008030B5036A89B001935F
:10F950000723044604A88DED030A029313F0D7FD94
:10F96000062304930C23206A04AA0693C0F389217A
:10F9700001ABC0F30950079313F0ACFD044604211A
:10F98000056813F050FB054B2146186813F0E2FAA6
:10F9900004A801F03BF9284609B030BDA85A080078
:10F9A000F0B5036A87B0009309230446082602A82D
:10F9B0000D46019313F0ABFD0623206A0DEB060202
:10F9C000C0F38921C0F3095002930496CDF814D0F6
:10F9D00013F080FD04464368076831462B6013F03E
:10F9E00022FB064B2146186813F0B4FA0DEB060013
:10F9F00001F00CF9384607B0F0BD00BFA85A080066
:10FA000030B5036A89B001930823044604A8029321
:10FA10008DF80C1013F07BFD062304930C23206A51
:10FA200004AA0693C0F3892101ABC0F309500793E0
:10FA300013F050FD04460421056813F0F4FA054B59
:10FA40002146186813F086FA04A801F0DFF828466A
:10FA500009B030BDA85A0800F0B5036A87B000931A
:10FA60000A230446082602A80D46019313F04FFD11
:10FA70000623206A0DEB0602C0F38921C0F309506A
:10FA800002930496CDF814D013F024FD04460379B4
:10FA9000076831462B7013F0C6FA064B21461868EA
:10FAA00013F058FA0DEB060001F0B0F8384607B035
:10FAB000F0BD00BFA85A0800F0B5002491B0CDE910
:10FAC0000823169B05460A93179B006A0B93189B05
:10FAD00005900C93199B01A80D931A9B1C9E0E93E5
:10FAE0001B9BCDE906410F9313F011FD06230193F3
:10FAF0002C23286A01AAC0F389210393C0F309507B
:10FB000005AB049313F0E6FC0546D0E90037082165
:10FB1000336013F088FA084B2946186813F01AFA74
:10FB200001A801F073F8336823B9384613F0F0F8F0
:10FB300011B0F0BD2046FBE7A85A080070B5044696
:10FB4000006A8EB005900120CDE90823129BCDE913
:10FB500006010A93139B01A80B93149B169D0C930B
:10FB6000159B0D9313F0D3FC062301932423206AE5
:10FB700001AAC0F389210393C0F3095005AB049394
:10FB800013F0A8FC0446D0E9003608212B6013F0DE
:10FB90004AFA084B2146186813F0DCF901A801F075
:10FBA00035F82B6823B9304613F0A5F80EB070BDB8
:10FBB0000020FBE7A85A08002DE9F04313688146AE
:10FBC00053F80C5C85B005F1FF380F3528460F4619
:10FBD00016460BF090FDD9F820300446036013233D
:10FBE0004246C0E901373168C0F80C801030E0F7B8
:10FBF000DFFF684613F08BFC0623D9F820006A4625
:10FC0000C0F38921C0F309500093CDE9025413F0E9
:10FC100061FC05460421066813F005FA074B2946E6
:10FC2000186813F097F9684600F0F0FF20460BF0D3
:10FC300064FD304605B0BDE8F08300BFA85A080057
:10FC40002DE9F0431368814653F80C5C87B005F149
:10FC5000FF380F3528460F4616460BF04CFDD9F8F5
:10FC600020300446036014234246C0E9013731685E
:10FC7000C0F80C801030E0F79BFF02A813F047FC9F
:10FC80000623D9F8200002AAC0F38921C0F3095045
:10FC90000293CDE9045413F01DFC0146054651F8CA
:10FCA000046B01A8324613F0B6F8311D284613F054
:10FCB000BAF9074B2946186813F04CF902A800F06E
:10FCC000A5FF20460BF019FD019807B0BDE8F083B1
:10FCD000A85A0800084A0260084A4260084A82603E
:10FCE000084AC260084A0261084A4261084A8261C1
:10FCF000084AC0E907217047B9FA01183DFB01180D
:10FD000049F9011801FA0118A1F9011859FA011865
:10FD1000B9FB011841FC011808B501460148FFF77D
:10FD2000D9FF08BD1C59080030B50446006A8DB0E3
:10FD300005900020CDE90823109BCDE906010A9328
:10FD4000119B01A80B9313F0E2FB062301931C23E4
:10FD5000206A01AA0393C0F3892105ABC0F30950BF
:10FD6000049313F0B7FB04460421056813F05BF914
:10FD7000054B2146186813F0EDF801A800F046FF86
:10FD800028460DB030BD00BFA85A080070B5042544
:10FD90008CB0CDE90823109B0446006A0A93119B9E
:10FDA00005900DEB0500CDE906510B9313F0AFFB69
:10FDB000062301931C23206A0DEB05020393C0F375
:10FDC000892105ABC0F30950049313F083FB04466B
:10FDD0002946066813F027F9054B2146186813F0E9
:10FDE000B9F80DEB050000F011FF30460CB070BD06
:10FDF000A85A0800084A0260084A4260084A82601D
:10FE0000084AC260084A0261084A4261084A82619F
:10FE1000084AC0E90721704729FD0118E32C03189F
:10FE2000ED2C0318E72C03188DFD0118E92C03189D
:10FE3000F12C0318F52C031808B501460148FFF70B
:10FE4000D9FF08BD4059080030B5436987B0009319
:10FE50000023044602A8019313F059FB06230293E2
:10FE6000082360690DEB0302C0F38921C0F3095038
:10FE70000493CDF814D013F02DFB0446042105683B
:10FE800013F0D1F8054B2146186813F063F802A867
:10FE900000F0BCFE284607B030BD00BFA85A0800DD
:10FEA00030B5436987B000930123044602A801934B
:10FEB00013F02DFB06230293082360690DEB030268
:10FEC000C0F38921C0F309500493CDF814D013F086
:10FED00001FB04460421056813F0A5F8054B2146F3
:10FEE000186813F037F802A800F090FE284607B013
:10FEF00030BD00BFA85A080010B5436986B0009312
:10FF00000223044602A8019313F001FB0623029387
:10FF1000082360690DEB0302C0F38921C0F3095087
:10FF20000493CDF814D013F0D5FA0446042113F04D
:10FF30007AF8054B2146186813F00CF802A800F077
:10FF400065FE06B010BD00BFA85A080010B5436991
:10FF500086B000934FF0FF33044602A8019313F0DC
:10FF6000D6FA06230293082360690DEB0302C0F35F
:10FF70008921C0F309500493CDF814D013F0AAFAE4
:10FF80000446042113F04FF8044B2146186812F080
:10FF9000E1FF02A800F03AFE06B010BDA85A080022
:10FFA0004FF0010C021DC2F800C0054A4161026118
:10FFB000044A8260044AC260044A0260704700BF7B
:10FFC00049FE0118A1FE0118F9FE01184DFF0118A4
:10FFD00030B5036A87B000930023044602A801935A
:10FFE00013F095FA062302930823206A0DEB03020F
:10FFF000C0F38921C0F309500493CDF814D013F055
:020000041802E0
:1000000069FA04460421056813F00DF8054B2146F2
:10001000186812F09FFF02A800F0F8FD284607B00C
:1000200030BD00BFA85A080030B5036A87B00093FE
:100030000123044602A8019313F069FA06230293F0
:100040000823206A0DEB0302C0F38921C0F3095095
:100050000493CDF814D013F03DFA0446042105684A
:1000600012F0E1FF054B2146186812F073FF02A859
:1000700000F0CCFD284607B030BD00BFA85A0800EC
:1000800010B5036A86B000930223044602A80193C8
:1000900013F03DFA062302930823206A0DEB0302B6
:1000A000C0F38921C0F309500493CDF814D013F0A4
:1000B00011FA0446042112F0B6FF054B21461868D8
:1000C00012F048FF02A800F0A1FD06B010BD00BF6D
:1000D000A85A080010B5036A86B0009303230446AB
:1000E00002A8019313F013FA062302930823206A4F
:1000F0000DEB0302C0F38921C0F309500493CDF83E
:1001000014D013F0E7F90446042112F08CFF054BDC
:100110002146186812F01EFF02A800F077FD06B015
:1001200010BD00BFA85A080010B5036A86B000933E
:100130000523044602A8019313F0E9F9062302936C
:100140000823206A0DEB0302C0F38921C0F3095094
:100150000493CDF814D013F0BDF90446042112F035
:1001600062FF054B2146186812F0F4FE02A800F069
:100170004DFD06B010BD00BFA85A080030B50425DB
:1001800089B0036A044604A8CDE90251019313F033
:10019000BEF9062304930C23206A04AA0693C0F335
:1001A00089210DEB0503C0F30950079313F092F971
:1001B0000446294612F037FF044B2146186812F016
:1001C000C9FE04A800F022FD09B030BDA85A0800FD
:1001D00010B5036A86B000934FF0FF33044602A8BF
:1001E000019313F094F9062302930823206A0DEB80
:1001F0000302C0F38921C0F309500493CDF814D051
:1002000013F068F90446042112F00DFF044B214657
:10021000186812F09FFE02A800F0F8FC06B010BDAE
:10022000A85A08004FF0010C021DC2F800C0084A8D
:100230000162C261074A8260074AC260074A0261DE
:10024000074A4261074A8261074A0260704700BF5D
:10025000D1FF01182900021881000218D5000218E8
:100260007D01021829010218D101021830B5436836
:1002700089B001930023044604A8CDE9023113F0AC
:1002800046F9062304930C23606804AA0693C0F37E
:10029000892101ABC0F30950079313F01BF9044601
:1002A0000821456812F0BFFE054B2146186812F080
:1002B00051FE04A800F0AAFC284609B030BD00BFDA
:1002C000A85A0800044B196821B9044A04481A6066
:1002D000C2E90001186870476459080068590800AD
:1002E0006D02021810B50D4C0021204600F01AFADC
:1002F0002046103400F028FC0121204600F012FABC
:100300002046074C00F020FC2046032100F00AFAAA
:100310002046BDE8104000F081BB00BF80590800B6
:1003200070590800012810B50AD1012900D9FEE74B
:10033000074C04EB0114204613F019F8204610BDB9
:1003400008B911B1FEE70024F8E7024CF6E700BF58
:10035000805908007059080008B5034B186812F05E
:100360000DFD024B186808BDA4590800A0590800EB
:1003700007B50346063012F068FE024603F10A0094
:1003800012F063FE074B019053F8223001A94FF0A1
:10039000FF32586812F089FA012800D0FEE703B056
:1003A0005DF804FBA859080070B5124B05461A7891
:1003B0003AB901221A70104B104A1A63032283F8CB
:1003C00034200F4B1E68032E12DC0E4C721C0421CD
:1003D00001201A6044F8365012F02AFA034604EB62
:1003E000C600436003B9FEE7074B43F8250070BD24
:1003F0000020FCE715DA0900002A0800F8280800A8
:10040000D8590800B8590800A85908001FB5036852
:1004100002886946ADF806201A0C8DF808200322E0
:100420001B0E8DF809309DF8033062F307138DF829
:1004300003304FF48173ADF80430044B186800F0BA
:1004400011FD002005B05DF804FB00BFC05A080094
:10045000064B1A783AB901221A70054B054A1A64FC
:10046000062283F844200020704700BF16DA0900F6
:10047000002A0800282908001FB504229DF803302F
:10048000694662F307138DF80330074B019300238D
:10049000ADF80830054B186800F0E4FC00B1FEE749
:1004A00005B05DF804FB00BF04040100C05A080059
:1004B0002DE9F047DFF86C90064659F830400D46BC
:1004C00090465CBB4FF0180A0AFB02FA50460BF04C
:1004D00012F9074600B9FEE72146524607F0B8FD7B
:1004E000294623463D46434508DB09EBC603C3F8CE
:1004F0000480002049F83670BDE8F0874A68086833
:100500006A608A689842C5E90424286001F10C01F8
:1005100005F1180500D0FEE70133E4E74FF0FF30A6
:10052000EAE700BFDC59080010B5094C54F8303038
:100530005BB104EBC0046068884205DD182000FB55
:1005400001330020136010BD00234FF0FF30F9E7A6
:10055000DC5908002DE9F043DFF890901F4605466E
:10056000164659F8303085B023B109EBC002526805
:100570008A4206DC00244FF0FF30346005B0BDE84D
:10058000F0834FF0180808FB01F843445C694CBB4A
:10059000042241EA00410DF1060012F06EFD9DF8C3
:1005A000033062F307138DF8033040F201136A46FB
:1005B000ADF804300C4B1146186800F087FB0DF1C4
:1005C000060012F058FD0028D4D059F835504544A3
:1005D000286912F03DFE044600B9FEE70C9B2F721D
:1005E000EB6068610020C8E7C05A0800DC590800C9
:1005F0002DE9F043012089B00F4608211E469046A0
:1006000012F016F9014604460DF1160012F035FD00
:100610003368052B31D10422304602AB0DF11A01AB
:1006200012F089FF0422374B4FEA081503EA8723AB
:1006300005F47C751D43336803F00F032B43ADF8BD
:100640001E309DF8133062F307138DF8133040F21B
:100650000223ADF81430BFF34F8F2B4B04A9186859
:1006600000F0CEFB4146384601AAFFF75DFF054684
:1006700010B3204612F006F940E0063B012BD1D81A
:10068000304612F048FF214B01468146186812F0AF
:10069000EFFB054600B9FEE74A46014602AB30468D
:1006A00012F049FF4946284612F0A3FC29460DF1F5
:1006B0001A0012F0E2FCB5E7019B5A6902B9FEE7A5
:1006C0005B6813F00103D4D14FF0FF32204602A93A
:1006D000CDE9023312F0F2F8012800D0FEE740F233
:1006E000EB33029A9A42C4D1039886680BF005F85E
:1006F000002EBED0204612F0C5F83546284609B077
:10070000BDE8F08300FCFF03C05A0800BC5A080093
:10071000024B034A1A6102221A757047002A080028
:10072000882908000122F0B585B09DF803308DF8C6
:10073000061062F307138DF8033040F201136A4686
:10074000ADF80430114B11460546186800F0BEFAAA
:100750000DF1060012F086FD04460DF10A0012F0BC
:1007600081FD211820469DF80E709DF80F60FAF764
:1007700003FCBFF34F8FB7FA87F322463146284672
:100780005B0900F09FF805B0F0BD00BFC05A08003B
:100790000122F0B585B09DF803308DF8061062F3A4
:1007A00007138DF8033040F203136A46ADF80430A6
:1007B000114B11460546186800F088FA0DF1060045
:1007C00012F050FD04460DF10A0012F04BFD9DF8A9
:1007D0000F100646214420469DF80E70FAF7CCFB18
:1007E000BFF34F8F7A1E334618BF01222146284699
:1007F00012F024FB05B0F0BDC05A08001FB501225D
:10080000030C8DF808309DF80330ADF8060062F354
:1008100007138DF803304FF481736A46ADF8043046
:10082000094B000E8DF809001146186800F04EFAC9
:100830000DF1060012F016FDBFF34F8FFFF7B4FD68
:1008400005B05DF804FB00BFC05A0800024A1368F7
:1008500001331360704700BF605A0800024A1368F2
:1008600001331360704700BF945A080008B50A4A64
:10087000136801331360C27B084B53F82230D868E9
:1008800012F069F8064A136801331360054A1368C9
:100890000133136008BD00BF785A0800645A08008D
:1008A0008C5A0800745A080008B5054BC27B53F8EF
:1008B0002230D86812F04FF8012800D0FEE708BDBA
:1008C000645A080070B504461D481D46037863B994
:1008D000012606701B48C0E90033C0E902331A4BF9
:1008E0001A481862052083F82400DAB1154BC4E9D0
:1008F0000015A26043F82140BDB9D2F8A410D2F887
:10090000F030106A1F31184421F01F010144FAF73A
:1009100033FBA3682946D3F8C00012F00DF818B1D4
:10092000E0602246104670BDFEE7012DF9D1D2F8F5
:10093000C010084612F000F80028F1D1FEE700BF11
:1009400017DA0900645A0800002A0800A8290800DC
:1009500038B584680546236AD4F8F02013449942D8
:1009600000D0FEE7D4F8EC3021F01F001F3301F077
:100970001F01194421F01F010144FAF7FDFA226A10
:100980000C4BD4F8A4101A60226ED4F8E43013444F
:10099000D4F8A0209342A8BF9B1A8B4222682366FA
:1009A000A8BF5B1A134423620021E86811F0C9FF55
:1009B000002038BD5C5A08001FB504468068BFF3AC
:1009C0004F8F00F18001603013F0E6FFBFF34F8FCF
:1009D000104A13681288ADF806201A0C8DF808200A
:1009E00002221B0E8DF8093023680B4C8DF80F3056
:1009F0009DF8033062F307138DF8033040F20123B2
:100A0000ADF804306946206800F0FAF90028F9D101
:100A100004B010BD5C5A0800C05A08001FB502227D
:100A2000036869468DF80F309DF8033062F30713B1
:100A30008DF80330064B01930023ADF80830054BC9
:100A4000186800F00FFA00B1FEE705B05DF804FB8E
:100A500002010200C05A080038B51C4A84681368B5
:100A6000054601331360236CD4F8F02013449942F7
:100A700000D0FEE7D4F8E83021F01F001F3301F06A
:100A80001F01194421F01F01014413F085FFD4F820
:100A90008020D4F8E430D4F8A4101344D4F8A02073
:100AA0009342A8BF9B1A8B422268C4F88030A8BF2B
:100AB0005B1A134423640021E86811F042FF044AE2
:100AC000002013680133136038BD00BF885A080046
:100AD000845A08001FB5174A04461368806801331A
:100AE0001360BFF34F8F00F1A001803013F054FF6B
:100AF000BFF34F8F022223680F4C8DF80F309DF803
:100B0000033062F307138DF803300C4B019300237D
:100B1000ADF808306946206800F072F90028F9D174
:100B2000074A136801331360064A136801331360E0
:100B300004B010BD805A0800C05A08000304010028
:100B4000905A08007C5A08001FB5022203686946C3
:100B50008DF80F309DF8033062F307138DF80330E2
:100B6000064B01930023ADF80830054B186800F0E0
:100B700079F900B1FEE705B05DF804FB040302005B
:100B8000C05A080008B5064B1A783AB901221A7003
:100B900000F024F8FFF7BCFDFFF75AFC002008BD69
:100BA00018DA090008B500F021F800210748FFF71E
:100BB000EFFD074B012118600648FFF7E9FD064BE2
:100BC0001860FFF759FC002008BD00BFAC5A0800B0
:100BD000BC5A0800985A0800A85A080008B500F046
:100BE00065FA014B186008BDC05A080010B5054CE5
:100BF0000549206800F0AAF9206800F055F800289F
:100C0000FAD110BDC05A0800F829080010B50368D1
:100C10000446062B02D0072B0ED010BD40680028DA
:100C2000FBD0A168043112F0FEF9064B6168186828
:100C3000BDE8104012F08EB940680028EDD00C21BC
:100C4000F1E700BFA85A0800F0B50446134F144D51
:100C5000144E85B04FF0FF326946386811F02EFE11
:100C60000128F7D10E490022202063689847684682
:100C7000316812F0EBFD0028ECD032689DF80330AB
:100C8000116803F0F003C95809680029E2D0287000
:100C900012682846D3581B689847DBE7D47A0800C7
:100CA0001BDA0900C87A080010B5074C237843B155
:100CB0000022036920211046984708B902232370B7
:100CC00010BD6FF00A00FBE71ADA09002DE9F84FB2
:100CD000DFF81C81074698F800300D461646002BB9
:100CE0007ED04FF00803EFF3118083F31288BFF337
:100CF0006F8F3D4A13780133DBB213708B7080F332
:100D00001188BFF36F8F0622CB78DFF8E8A062F37B
:100D10000303DAF80000CB7012F022FD044600282D
:100D200053D1DFF8D490DFF8D4B04FF0FF31D9F8C9
:100D3000000011F006FEDBF8000011F0C8FD2A46A5
:100D40002021384612F0A2FD0446002843D198F82D
:100D5000003042F21072022B14BF0A234FF4FA73D0
:100D600053434FF47A723146B3FBF2F2DBF80000E2
:100D700011F0A4FD012818BF6FF00E0400222020FE
:100D80007B681A499847D9F8000011F0E4FDFCB9D6
:100D90003146DAF8000012F01AFD044628B9B2789C
:100DA000AB789A4211D06FF00A04DAF80020EB78A1
:100DB000116803F0F003C95839B1096829B12C70E2
:100DC00012682846D3581B6898472046BDE8F88F1C
:100DD0006FF00E04E9E7D9F8000011F0BCFDF4E76C
:100DE0006FF00A04F1E700BF19DA09001BDA090005
:100DF0001ADA0900C87A0800CC7A0800D07A08000C
:100E000038B5154B05461B780C4613B34FF0080355
:100E1000EFF3118083F31288BFF36F8F0F4A1378BB
:100E20000133DBB213708B7080F31188BFF36F8FC7
:100E30000222CB7862F30303CB70094B186812F0DF
:100E40008FFC40B922462846BDE83840202112F0E8
:100E50001DBD6FF00A0038BD1ADA090019DA090061
:100E6000C87A080038B50F4B05461B780C46B3B15D
:100E70000D4A13780133DBB213700A228B70CB78E2
:100E800062F30303CB70094B186812F069FC40B998
:100E900022462846BDE83840202112F0F7BC6FF00A
:100EA0000A0038BD1ADA090019DA0900C87A080000
:100EB000F8B51446214E0546F278B4EB121F24D142
:100EC00012F004021DD01E4F386811F00DFD0246CD
:100ED00000282DD13146386811F0E7FC01282AD1CD
:100EE000F3785B074CBF164B164B186811F0F5FCF6
:100EF000044620B920212846104A12F052FC60B264
:100F0000F8BD104B31461868E6E76FF00F030E4A44
:100F100024011268116809590029E1D009680029E3
:100F2000DED03370136805481B591B689847D7E714
:100F30006FF01203EBE76FF01103E8E71BDA09002B
:100F4000D07A0800D47A0800C87A08000023F0B5E7
:100F50001E4F044685B008460E463B7012F0E5FB76
:100F6000054600282DD11021194B08461E6011F0AE
:100F70005FFC184B10211860022011F059FC164B31
:100F8000186011F0D5FC154B186011F0E4FC144BFF
:100F90004FF400620293134B134901931723134834
:100FA00000932346FEF7C0F820212046104A12F095
:100FB000F8FB012328463B70E36805B0BDE8F0402C
:100FC00018476FF00A0005B0F0BD00BF1ADA09003B
:100FD000C87A0800D47A0800D07A0800CC7A0800D1
:100FE000C45A0800C85A0800D2F40418490C021860
:100FF0001BDA090070B504460D461646064B4FF045
:10100000FF31186811F09DFC324629462046BDE8A4
:10101000704012F04EBC00BFD87A080008B511F03D
:1010200087FC054B186011F096FC04492020FCF762
:101030000BF8002008BD00BFD87A08004110021844
:10104000012808B508D002280AD1BDE80840CAB274
:1010500004482021FFF72CBF034B186811F07BFCDC
:10106000002008BD802B0800D87A080000B589B0A0
:101070009DF8033069466FF307138DF803304FF680
:101080000173084804AAADF80430FFF71FFE28B129
:10109000054B186811F05FFC6FF00A0009B05DF8AD
:1010A00004FB00BF802B0800D87A08000048704776
:1010B000802B0800034610B50A4619790123006801
:1010C00003FA01F1436804691B6819420ED10E4905
:1010D00040F25C530D4A0E480DF056F80D480DF0E5
:1010E00053F840F25C5109480DF047F82368194263
:1010F00018BF82F0010222B18368DB68BDE81040AE
:10110000184783681B69F9E7E1970418B09704183A
:101110001F9804183C98041803462DE9F0410C462A
:10112000DA8800681979224302F03003302B056910
:10113000D0E901760ED1254940F2D723244A25482B
:101140000DF022F824480DF01FF840F2D721204876
:101150000DF013F8214B224C1340A3420CD121492E
:1011600040F2DB231A4A1B480DF00EF81E480DF022
:101170000BF840F2DB21EAE702F00603042B09D169
:101180001A4940F2DE23124A12480CF0FDFF40F2E9
:10119000DE21DCE701243B688C401C420CD1144961
:1011A00040F2F1230A4A0B480CF0EEFF11480CF014
:1011B000EBFF40F2F121CAE72B68D7074CBF23436E
:1011C000A3432B603368BDE8F04118474E980418DC
:1011D000B09704181F980418879804180200030099
:1011E00002000100C49804180B9904185A990418B5
:1011F000E19704183C98041870B500210446134880
:10120000FFF758FF4FF400311148FFF785FF08251D
:101210000E4E23064CBF012100210D48FFF74AFF67
:1012200001213046FFF746FF01200AF0D0F90021E6
:101230003046FFF73FFF013D01200AF0C8F9640086
:1012400015F0FF05E4B2E4D170BD00BF28770418A3
:1012500020770418F0B5044685B001212B48FFF72C
:1012600029FF01200AF0B3F944F08000FFF7C4FF22
:101270004FF480312648FFF74FFF00212548FFF744
:1012800019FF10250024234F234E00213846FFF775
:1012900011FF01200AF09BF901213846FFF70AFFF0
:1012A00001200AF094F9736864001B68A4B21B065D
:1012B0000ED41A4940F20353194A1A480CF064FF3D
:1012C00019480CF061FF40F2035115480CF055FF2E
:1012D00033690193B36830465B6803A9984728B91E
:1012E000019B03981B685840C0F3C010013D0443A4
:1012F00015F0FF05A4B2C8D101200AF068F929460B
:101300000248FFF7D7FE204605B0F0BD1877041855
:101310002077041828770418984E0318E1970418CA
:10132000B09704181F9804183C98041870B5054627
:101330000C460D4E01213046FFF7BCFE01200AF09D
:1013400046F92846FFF758FF200AFFF755FFE0B29D
:10135000FFF752FF01200AF03AF93046BDE870402D
:101360000021FFF7A7BE00BF1877041810B5894CFD
:101370004FF400312046FFF7CFFE20460121FFF752
:1013800099FE4FF400318448FFF7C6FE4FF4003158
:101390008248FFF7C1FE4FF400410020FFF7C6FF6F
:1013A00000210846FFF7C2FF41F60F513720FFF733
:1013B000BDFF40F2BE311320FFF7B8FF40F27B3192
:1013C0001220FFF7B3FF40F27B211120FFF7AEFFA1
:1013D0007A211020FFF7AAFF19211420FFF7A6FF9A
:1013E00042F638214920FFF7A1FF48F220417B2037
:1013F000FFF79CFF4EF659117D20FFF797FF4BF248
:10140000C1314820FFF792FF44F658411E20FFF7F4
:101410008DFF4AF256611F20FFF788FF4AF237011D
:101420003E20FFF783FF40F2FE713F20FFF77EFF73
:1014300047F6FF712A20FFF779FF4FF4D6412820A5
:10144000FFF774FF4EF278615320FFF76FFF45F20C
:1014500005712C20FFF76AFF47F202114B20FFF7BE
:1014600065FF4020FFF7F6FE00F4704141F49A61F9
:10147000402041F00201FFF759FF48F6EF017720C5
:10148000FFF754FF4FF49D512620FFF74FFF46F61C
:1014900015714E20FFF74AFF43F63E714F20FFF7CC
:1014A00045FF6F210920FFF741FF41F26B01092041
:1014B000FFF73CFF42F267010920FFF737FF43F2D5
:1014C00062010920FFF732FF44F250010920FFF7C3
:1014D0002DFF45F247010920FFF728FF46F23A01A8
:1014E0000920FFF723FF47F22C010920FFF71EFF19
:1014F00048F241010920FFF719FF49F2370109209D
:10150000FFF714FF4AF225010920FFF70FFF4BF206
:1015100017010920FFF70AFF4CF2E4010920FFF749
:1015200005FF4DF2CB010920FFF700FF4EF2B50198
:101530000920FFF7FBFE4FF29F010920FFF7F6FE9F
:101540004FF602217420FFF7F1FE48F6887144201F
:10155000FFF7ECFE43F201214520FFF7E7FE3120C3
:10156000FFF778FE20F0080189B23120FFF7DEFE98
:1015700046F638312820FFF7D9FE4BF2CB4129201F
:10158000FFF7D4FEBDE810404DF6BF713620FFF7DF
:10159000CDBE00BF207704181877041828770418E8
:1015A0007FB500240E4E0F4B0546314620460322E0
:1015B0000293CDE90044234612F0B7F9FFF7D6FEB7
:1015C00001222B6920461A70074B0322CDE9014303
:1015D00031462346009412F0A8F9204604B070BDAD
:1015E00030510318DDF40418F8F4041810B504465B
:1015F0005120FFF72FFE40F4104189B25120FFF730
:1016000095FE0549054B6143BDE81040B1FBF3F180
:10161000072089B2FFF78ABEF8811F0040420F0001
:1016200010B504465120FFF715FE40F4805189B2F1
:101630005120FFF77BFE0549054B6143BDE8104093
:10164000B1FBF3F1072089B2FFF770BEF8811F00EC
:1016500040420F0010B543F6203104465020FFF7FA
:1016600065FE032012F002FA4FF460417020FFF78C
:101670005DFE4CF250310C4B01EB0451B1FBF3F128
:10168000712089B2FFF752FE00213020FFF74EFE95
:1016900040F202313020FFF749FEBDE8104043F62A
:1016A00020315020FFF742BEA086010037B501244B
:1016B00042688C40126814420ED10F4940F2035325
:1016C0000E4A0F480CF060FD0E480CF05DFD40F234
:1016D00003510A480CF051FD0569836801A95B6854
:1016E000984730B92A68019B5340234214BF012018
:1016F000002003B030BD00BFE1970418B097041874
:101700001F9804183C980418034610B50A46197926
:101710000123006803FA01F1436804691B68194258
:101720000ED10E4940F25C530D4A0E480CF02CFDD0
:101730000D480CF029FD40F25C5109480CF01DFDEC
:101740002368194218BF82F0010222B18368DB6866
:10175000BDE81040184783681B69F9E7E197041852
:10176000B09704181F9804183C98041838B50E4C0C
:101770000E4D20460021FFF7C7FF12F018FA284649
:101780000021FFF7C1FF12F012FA28460121FFF7EE
:10179000BBFF12F00CFA20460121FFF7B5FFBDE8B0
:1017A000384012F004BA00BF3877041840770418A4
:1017B00038B50E4D0E4C28460121FFF7A5FF12F05B
:1017C000F6F920460121FFF79FFF12F0F0F92846B5
:1017D0000021FFF799FF12F0EAF920460021FFF7F8
:1017E00093FFBDE8384012F0E2B900BF3877041823
:1017F0004077041803462DE9F0410C46DA8800686A
:101800001979224302F03003302B0569D0E90176C3
:101810000ED1254940F2D723244A25480CF0B4FCC8
:1018200024480CF0B1FC40F2D72120480CF0A5FC74
:10183000214B224C1340A3420CD1214940F2DB231F
:101840001A4A1B480CF0A0FC1E480CF09DFC40F20C
:10185000DB21EAE702F00603042B09D11A4940F222
:10186000DE23124A12480CF08FFC40F2DE21DCE746
:1018700001243B688C401C420CD1144940F2F123F6
:101880000A4A0B480CF080FC11480CF07DFC40F239
:10189000F121CAE72B68D7074CBF2343A3432B6032
:1018A0003368BDE8F04118474E980418B097041803
:1018B0001F98041887980418020003000200010012
:1018C000C49804180B9904185A990418E19704183D
:1018D0003C9804182DE9F0414FF480310646264823
:1018E000FFF788FF08250024244FDFF894800021AB
:1018F0003846FFF709FF12F05AF901213846FFF781
:1019000003FF640012F053F912F051F9062140462A
:10191000E4B2FFF7CBFE08B144F0010400213846E1
:10192000013DFFF7F1FE12F042F915F0FF05DED19F
:101930004FF400311048FFF75DFF29460F48FFF7CD
:10194000E3FE12F034F9A6B101210B48FFF7DCFEEB
:1019500012F02DF901210948FFF7D6FE12F027F900
:1019600000210648FFF7D0FE12F021F92046BDE81D
:10197000F0813146E9E700BF387704184077041852
:10198000984E0318F8B5002104462948FFF7BCFE1D
:10199000082512F00CF9274F254E230654BF0021CD
:1019A00001213846FFF7B0FE12F001F9012130465F
:1019B000FFF7AAFE013D12F0FAF800213046FFF7CA
:1019C000A3FE640012F0F3F815F0FF05E4B2E4D1D1
:1019D0004FF480311748FFF70DFF01211548FFF73D
:1019E00093FE12F0E4F801211148FFF78DFEFF2568
:1019F00012F0DDF8104E06213046FFF757FE044680
:101A000028B1013D15F0FF05F5D14FF0FF3400215D
:101A10000748FFF779FE12F0CAF84FF40031054885
:101A2000FFF7E8FE00210348FFF76EFE2046F8BDF1
:101A30004077041838770418984E03181FB50446E9
:101A4000064B0DF1100C0FCB0CE90F0004F0030452
:101A50000CEB840454F8100C04B010BDB4540318FB
:101A600038B5044608460D46FFF7E8FF0F4B241A29
:101A70000520B4FBF3F412F0A2F8AD0120F0C00190
:101A8000EDB289B2A4B22943052012F0B7F821467D
:101A9000032012F0B3F80A2012F08CF844F400414D
:101AA0000320BDE8384012F0A9B800BFA0860100AD
:101AB0002DE9F0410E46054698B31F4F01211F48FE
:101AC000FFF722FE3C7834BBDFF87480E0B238F8D0
:101AD000021B013412F092F8222CF7D1FA2012F0F6
:101AE00069F84AF63C01192012F088F84AF6BC0160
:101AF000192012F083F83C2012F05CF801233B70AF
:101B000040F61F21052012F079F831462846BDE83D
:101B1000F041FFF7A5BF40F20121022012F06EF85C
:101B2000EEE740F24121022012F068F82946BDE8B4
:101B3000F0410248FFF7E8BD2CDA090030770418BD
:101B4000D6960418F0B500241A4E1B4B85B01B4FD7
:101B500003220546314620460293CDE90044234640
:101B600012F015F838464FF40031FFF743FE2146D6
:101B70003846FFF7C9FD4FF400311148FFF73AFE30
:101B80004FF400310F48FFF735FE21462046FFF79E
:101B90008FFF01222B6920461A700B4B0322CDE9DF
:101BA000014331462346009411F0F1FF204605B071
:101BB000F0BD00BF2851031826F50418307704182B
:101BC000407704183877041841F5041808B50A4A14
:101BD0000A4B93420ED90A4917230A4A0A480CF0C5
:101BE000D3FA0A480CF0D0FA172106480CF0C5FACF
:101BF0001833EEE7FCD308BD704F0318C04D03182F
:101C000092F504186FF504181F980418E09D041845
:101C1000014B986870307047E07A08002DE9F04178
:101C2000054686B00F464FF00803EFF3118883F3A3
:101C30001288BFF36F8F02F041FA0024042D96BF83
:101C4000284B294B53F825300646CDE90434274B61
:101C50000122CDE9014320462346254903950094FE
:101C600011F0F2FF6FB1FB69C3F308034BB1214BD5
:101C70000122CDE90143204623461D49009411F07D
:101C8000E3FF2EB1304612F01EF808B1037803B915
:101C900019481A4B012202930023CDE90360CDE9D4
:101CA00000331846124911F0CFFF39462846F4F7A1
:101CB00011FB042D0CD112499323124A12480CF047
:101CC00063FA12480CF060FA93210E480CF055FAB2
:101CD00088F31188BFF36F8F304606B0BDE8F0413E
:101CE000F5F784BD4C770418AAF50418B8F5041864
:101CF000D0510318E0F5041884D6041801F604182E
:101D00003BF6041819F604181F98041858F604181E
:101D1000104B70B553F82040013053F82060A642B4
:101D200000D870BDD4E9003595B153B12846984725
:101D300038B10028B8BF4042FF28A8BFFF20EB6899
:101D40001870EA68537843F0010353700834E6E7EB
:101D50009847FBE760770418012208B50A4B032077
:101D60001A70FFF7D5FF03F00DF80BF0EFFF04201A
:101D7000FFF7CEFF00F0B0FA09F0B4FD034A137B81
:101D800023F00103137308BD2EDA0900E0350800C3
:101D90000648074A08B5121A002111F06EFF0548DF
:101DA000054A0021121A11F068FF08BDD82D08005D
:101DB00030DA09000000002000000020D02370B5B8
:101DC000174E012203FB0066002386B0CDE90423F1
:101DD0000F220193CDE9023218234FF4A07204467A
:101DE000104D114903FB005502FB00110F4B30460B
:101DF000009500F0D3F9737B2C7423F00403737304
:101E00000B4B013403EBC4236B600A4BEE60D3E849
:101E1000EF1F0131C3E8E21F002AF8D106B070BD00
:101E200010350800E07A080030020A000524021884
:101E300030FA0900DC7A080080B50020BAB0FFF75C
:101E400067FF2E4B03F5006282F3088883F30A884C
:101E50000024F8232A4D2B4E85F82230EC772C767F
:101E60006C76AC7685F820406B6A274F43F4E0230C
:101E70006B62F5F77DFCF4F711FF4FF0FF33AB62B7
:101E8000EB62F5F799FEF5F7DFFCF4F7A1FB40F202
:101E9000011306AD2846ADF82430CDE9234402F005
:101EA0006BFFB560FFF792FE0120FFF731FF0220C4
:101EB000164DFFF72DFF01F053FF154BB56105934C
:101EC000012314494FF48052CDE9034328463B4691
:101ED000CDE90144009400F061F906466A7B28468A
:101EE00022F004026A7301F009F92046FFF766FF49
:101EF0003A4631462846F5F7D5F800BF30FA0900D2
:101F000000ED00E0E07A0800591D0218E0350800F5
:101F1000D7F6041870030A0038B50D4C0D4DAC42CD
:101F200013D90D4918230D4A0D480CF02DF90D4811
:101F30000CF02AF9182109480CF01FF92046D4E9C1
:101F4000011211F09EFE1834E9E7F7D3002038BDE6
:101F5000602D0800902D0800FEF60418DCF6041829
:101F60001F980418E09D04182DE9F04F85B0DDE9B5
:101F70000E9B8046039148465946924611F03BFF1E
:101F8000BBF1FF3F08BFB9F1FF3F06460F4604BF54
:101F90004FF0FF366FF0004708F114044FF00803CC
:101FA000EFF3118583F31288BFF36F8F204600F0A3
:101FB00005FA60B99423334A334934480CF0E4F805
:101FC000214633480CF0E0F894212E4831E02046B9
:101FD00000F010FAEFF3058313B15BEA09091DD194
:101FE00008F10C0B524640460399F3F73FFD81463A
:101FF00002F00CFDB9F1000F1DD0204600F0ECF905
:10200000002837D1C3231F4A224920480CF0BCF8CE
:10201000214621480CF0B8F8C321D6E71F494C23CC
:102020001F4A1A480CF0B0F81E480CF0ADF84C21CD
:102030001B480CF0A2F8301A67EB0101012871F17E
:102040000003DADBCDE900015A462946204601F0BB
:102050009FFB4FF00803EFF3118583F31288BFF362
:102060006F8F204600F0AAF90028A3D0204600F088
:10207000C1F9B7E785F31188BFF36F8F484605B004
:10208000BDE8F08FB2D50418DFD504181F980418E6
:10209000F4D504183BD6041852D6041814F70418C3
:1020A000DCF604185AF70418F8B505460E4600F198
:1020B00014044FF00803EFF3118783F31288BFF382
:1020C0006F8F204600F07AF968B99423194A1A49AB
:1020D0001A480CF059F8214619480CF055F894218B
:1020E00014480CF04AF8204600F084F9284631469E
:1020F000F3F776FC05F10C0011F052FE28B13946D9
:102100002046BDE8F84001F087B8204600F064F9A9
:1021100058B9C323074A0B4908480CF035F8214643
:1021200009480CF031F8C321DAE787F31188BFF3CF
:102130006F8FF8BDB2D50418DFD504181F980418A6
:10214000F4D504183BD6041852D60418002038B52C
:102150000C4C0D4DAC4213D90C493D230C4A0D4893
:102160000CF012F80C480CF00FF83D2108480CF068
:1021700004F8204611F08EFD002802DB2034E9E748
:10218000F7D338BD602D0800602D080082F70418D1
:102190005DF704181F980418E09D04187FB50B9E86
:1021A00004460F2E2ED1234883422FD104F158002C
:1021B000C4E916000C98002520730420073222F091
:1021C0000702C4E91D12A6738E180A9A6073C4E947
:1021D0000655A560E573E5670292099A20460192CB
:1021E000089A00923246F4F73DFF134B65659B68F1
:1021F00084F86C500BB1D3F880303046C4F880308E
:1022000004B070BD06F110001E28CFD940F21A2389
:102210000A4A0B490B480BF0B7FF31460A486FF0EA
:102220000F030E220BF0B0FF40F21A2103480BF00F
:10223000A4FF00BF05240218E07A08009FF70418E5
:10224000C2F704181F98041842F80418F0B587B0B4
:102250000446DDE91276EFF3058575B119494FF4AF
:102260002373194A19480BF08FFF19480BF08CFFA4
:102270004FF4237114480BF080FF0595109D0495D1
:102280000F9D03950E9D02950D9D01950C9D00954A
:10229000FFF784FFB6F1FF3F08BFB7F1FF3F05D05E
:1022A00056EA070305D1204600F0F8FF204607B0A4
:1022B000F0BD3A463346074904F1180002F0ECF944
:1022C000F4E700BF73F804189FF704181F98041868
:1022D00085F80418993D0318F0B5314C314D87B09D
:1022E000AC4226462AD9304940F2F3232F4A3048DF
:1022F0000BF04AFF2F480BF047FF40F2F3212B4829
:102300000BF03BFF54F8043C059354F80C3C049349
:1023100054F8103C039354F8143C029354F8183CBE
:10232000019354F81C3C009354E9092354E90B0130
:10233000FFF734FF54F82C3C5E65D1E7AE4204F160
:102340002C04DFD300F0FCFF0A26154C1A4FAC42D8
:1023500020D9154940F21233144A15480BF014FFE6
:1023600014480BF011FF40F21231C8E7626A531CA7
:1023700009D022EAE27282FB062352EA03012068B6
:1023800003D100F08BFF2C34E1E73946183002F01E
:1023900083F9F8E7EAD307B0BDE8F04001F03CB8B4
:1023A0007050031870500318AAF804189FF7041807
:1023B0001F980418E09D0418993D0318006838B16F
:1023C000044B00F003001B7CC01A18BF01207047AB
:1023D00001207047E07A0800054A0346117C9268A4
:1023E0000A4301680020914204BF18600120704731
:1023F000E07A0800024B1A7C9B6813430360704725
:10240000E07A080008B50D4B9B6893F90E30002B5D
:1024100009DA0B490B4829230B4A0BF0B5FE292199
:1024200009480BF0AAFE4FF00802EFF3118382F384
:102430001288BFF36F8FF4F737FCF4E7E07A0800F7
:10244000F8F804181F980418D7F804182DE9F74372
:102450000446894690461E46EFF3058373B152EA5F
:1024600006030BD047497623474A48480BF08CFEB9
:1024700047480BF089FE7621434819E004F108052E
:102480004FF00803EFF3118783F31288BFF36F8FC8
:102490002846FFF793FF68B994233E4A3E493B48DC
:1024A0000BF072FE29463D480BF06EFE9421394830
:1024B0000BF063FE2846FFF79DFF626A23699A428C
:1024C00047D2204601F0FCFB064690B1E2680024AA
:1024D00049464069DEF76CFB3046C6F8884000F09C
:1024E0000DFE3946284600F097FE204603B0BDE8B1
:1024F000F083206A6369984202D3A369984207D3A4
:1025000027499023204A21480BF03EFE9021B3E753
:10251000E2684946DEF74CFB236AE2681344A2698D
:102520002362934204BF63692362636A0133636277
:1025300000242846FFF750FFF0B9C323154A194974
:1025400012480BF021FE294617480BF01DFEC3214F
:10255000ADE758EA06030CD0144B22469B68394677
:10256000C3F814902846CDE9008601F011F904461D
:10257000BBE76FF02204DCE787F31188BFF36F8FAE
:10258000B3E700BF14F7041820F904181F980418C3
:102590005AF70418B2D50418DFD50418F4D5041876
:1025A00042F904183BD6041852D60418E07A080001
:1025B0002DE9F7430446884617461D46EFF3058389
:1025C00073B152EA05030BD04C49D2234C4A4D4813
:1025D0000BF0DAFD4C480BF0D7FDD221484819E04A
:1025E00004F108064FF00803EFF3118983F3128812
:1025F000BFF36F8F3046FFF7E1FE68B99423434A7B
:10260000434940480BF0C0FD314642480BF0BCFD49
:1026100094213E480BF0B1FD3046FFF7EBFE636AB4
:10262000002B44D0E268E1694046DEF7C1FAE36975
:10263000E26820461344A269E361934204BF6369E0
:10264000E361636A013B636201F03AFB05460028DF
:102650003FD0206A6369984202D3A369984207D3A6
:102660002D49EB23264A27480BF08EFDEB21B5E7D9
:102670006969E268DEF79CFA236AE2682846134437
:10268000A2692362934204BF63692362636A0133D0
:1026900063620024C5F8884000F030FD49463046AA
:1026A00000F0BAFD2546284603B0BDE8F08357EA9E
:1026B00005030CD0194B22469B684946C3F8148089
:1026C0003046CDE9007501F063F80546EBE76FF0A1
:1026D00022053046FFF780FE58B9C3230B4A104944
:1026E00008480BF051FD31460E480BF04DFDC3215B
:1026F0008FE789F31188BFF36F8FD4E714F70418BD
:1027000020F904181F9804185AF70418B2D50418B1
:10271000DFD50418F4D5041842F90418E07A08004B
:102720003BD6041852D60418F8B5044600F1080543
:102730004FF00803EFF3118683F31288BFF36F8F16
:102740002846FFF73BFE68B99423124A1249134802
:102750000BF01AFD294612480BF016FD94210D4886
:102760000BF00BFD2846FFF745FE6FF022072046D1
:1027700001F0A6FA034640B9236A6062E36131467C
:102780002846BDE8F84000F047BDC3F8887000F067
:10279000B5FCECE7B2D50418DFD504181F9804186F
:1027A000F4D504182DE9F341044617461E46EFF30D
:1027B000058565B158496523584A59480BF0E4FC32
:1027C00058480BF0E1FC652154480BF0D6FC4FF063
:1027D0000803EFF3118883F31288BFF36F8F524819
:1027E000FFF7ECFD60B99423504A51494C480BF077
:1027F000CBFC4D494F480BF0C7FC94214B48E4E714
:102800004948FFF7F7FDE3684B4A9BB1A068916820
:10281000884227D057EA06032CD14348FFF7DCFD56
:10282000A0B188F31188BFF36F8F6FF00F0002B073
:10283000BDE8F081916891F90E100133E36093686F
:1028400039482161A360FFF7C7FD68B9C323374A40
:102850003A4933480BF098FC334939480BF094FC63
:10286000C321CBE72169E8E788F31188BFF36F8FB5
:102870000020DCE791F90E1090F90E306FF07E0227
:102880009942A8BF19469142B8BF11468B4202DD5A
:1028900011F046FA054622464146CDE90076224827
:1028A00000F076FF0028E3D04FF00803EFF3118625
:1028B00083F31288BFF36F8F1B48FFF77FFD00285B
:1028C00091D01948FFF796FDA068C0B1236821692F
:1028D0009C420AD04BB193F90E309942A8BF1946D9
:1028E0006FF07E039942B8BF194611F019FA30B162
:1028F00031460D4800F090FC6FF00A0097E7002D7C
:10290000F6D10948FFF768FD00289FD086F31188AB
:10291000BFF36F8FF0E700BF73F804188EF9041847
:102920001F980418B0F90418087B0800B2D50418E1
:10293000DFD50418F4D50418E07A08003BD6041853
:1029400052D6041870B50446EFF3058666B13849CF
:10295000CD23384A38480BF017FC38480BF014FCEC
:10296000CD2134480BF009FC8368002B5AD0344A3F
:102970009268934259D1C3683BB93249E5232D4A45
:102980002D480BF001FCE521EBE7012B03D0013BC7
:10299000C360002070BD4FF00803EFF3118583F38F
:1029A0001288BFF36F8F2848FFF708FD60B99423A2
:1029B000264A274920480BF0E7FB234925480BF01E
:1029C000E3FB94212148CDE71F48FFF713FD216960
:1029D000A06811F0A5F9204601F072F9A06058B185
:1029E00090F90E202261C0F8886000F087FB29462C
:1029F000154800F011FCCCE7E0601348FFF7ECFC51
:102A000058B9C323114A14490B480BF0BDFB0E49BA
:102A100012480BF0B9FBC321D4E785F31188BFF34B
:102A20006F8FB6E76FF01500B4E74FF0FF30B1E7F6
:102A300073F804188EF904181F980418B0F90418D4
:102A4000E07A0800D5F90418087B0800B2D504180C
:102A5000DFD50418F4D504183BD6041852D6041850
:102A600038B504464FF00803EFF3118583F312885D
:102A7000BFF36F8F1F48FFF7A1FC68B994231E4A6C
:102A80001E491F480BF080FB1A491E480BF07CFBC7
:102A9000942119480BF071FB1648FFF7ABFC204658
:102AA00001F00EF950B10022C0F8882000F026FB9A
:102AB0002946BDE838400F4800F0AEBBD4E90232E9
:102AC0009A4218BF01330B48A360FFF785FC58B941
:102AD000C323094A0C490A480BF056FB05490B4829
:102AE0000BF052FBC321D4E785F31188BFF36F8F3E
:102AF00038BD00BF0C7B0800B2D50418DFD5041820
:102B00001F980418F4D504183BD6041852D604189C
:102B1000F7B5044616461D46EFF305837BB152EA2E
:102B200005030CD02D4980232D4A2E480BF02CFB99
:102B30002D480BF029FB802129480BF01EFB4FF09C
:102B40000803EFF3118783F31288BFF36F8F2748D1
:102B5000FFF734FC60B99423254A264921480BF03D
:102B600013FB224924480BF00FFB94212048E4E793
:102B70001E48FFF73FFCA368C3B1013B1B48A3609D
:102B8000FFF72AFC58B9C323194A1C4915480BF012
:102B9000FBFA16491A480BF0F7FAC321E6E787F368
:102BA0001188BFF36F8F002003B0F0BD56EA050314
:102BB0000BD10E48FFF710FC0028E4D087F31188F2
:102BC000BFF36F8F6FF00F00EEE722463946CDE975
:102BD0000065064800F0DCFDE6E700BF0CFA0418CB
:102BE000ECF904181F9804185AF704180C7B080015
:102BF000B2D50418DFD50418F4D504183BD6041850
:102C000052D604182DE9F04F04466E4E6E4F85B033
:102C10004FF00803EFF3118883F31288BFF36F8F2F
:102C20003046FFF7CBFB68B99423684A6849694886
:102C30000BF0AAFA634968480BF0A6FA942163489E
:102C40000BF09BFA3046FFF7D5FBD4F8D050A5B96E
:102C5000022104F1E80011F07EF8A8BB00234FF038
:102C6000FF3202934FF0FF334146CDE90023304657
:102C700004F1D80201F0F0FBCAE7D4F8D4202B68A5
:102C8000954208BFC4F8D430C4F8D030D4F8E83046
:102C9000304643F00203C4F8E830EB68D5F80490FE
:102CA00023F0040343F00103EB60FFF795FBA8B9A1
:102CB000C323464A494947480BF066FA4149484808
:102CC0000BF062FAC321BAE704F1E005002201210A
:102CD000284601F063FB0028F8D1BFE788F311888C
:102CE000BFF36F8FB9F1000F0AD13E49394840F266
:102CF0009B233D4A0BF048FA40F29B213A489FE75C
:102D00002846C8474FF00803EFF3118A83F312886F
:102D1000BFF36F8F3046FFF751FB002884D0304659
:102D2000FFF768FBEB68990723F0010217D4EA600C
:102D3000D4F8E830304623F00203C4F8E830C3F397
:102D40000025FFF749FB0028B2D08AF31188BFF3B2
:102D50006F8F002D7FF45CAF01F044F858E73868BE
:102D600023F00303EB600028E2D04FF00008C346D5
:102D7000D0F800900028DBD0436802469D420DD178
:102D80000268B8F1000F12D17B683A60834200D12B
:102D90007A6040F808BBFFF763FE4246B9F1000FC6
:102DA0000DD0D9F80030484690469946E2E7C8F879
:102DB00000207B68834208BFC7F80480E9E74B46E0
:102DC000F1E700BF187B0800107B0800B2D504189B
:102DD000DFD504181F980418F4D504183BD604183E
:102DE00052D604187BFA04185AFA0418F0B589B0C0
:102DF00004460E9D58B92B494FF432732A4A2B488A
:102E00000BF0C2F94FF4327127480BF0B6F949B90B
:102E1000274940F2C923244A24480BF0B5F940F26F
:102E2000C921F1E7D0F8E80010F0010009D02149EC
:102E300040F2CA231C4A1D480BF0A6F940F2CA21F1
:102E4000E2E7C4E9340004F1D800C4E9360004F133
:102E5000E000C4E938001DB32879002840F20110D1
:102E600008BF0120C4F8E80000204FF0FF364FF003
:102E7000FF37CDE90330CDE90100CDE906672046F3
:102E80000D4B0094FFF7E2F925B1296811B12046F6
:102E900010F016FF204609B0BDE8F04010F015BF55
:102EA0000120DFE792FA04185AFA04181F98041850
:102EB00098FA04189EFA0418052C021838B50D4625
:102EC000044658B90F494FF450730F4A0F480BF09E
:102ED0005BF94FF450710C480BF04FF949B90C49AC
:102EE00040F24133084A09480BF04EF940F24131B3
:102EF000F1E73022002105F0ABF84FF480736560F4
:102F0000E36038BDD2FA04185AFA04181F9804185E
:102F10007BFA0418C3897F2B12D80A4B1B6863B154
:102F2000094B90F90E201B689A4209DB437BDB06B4
:102F300006D1064BC31A18BF012303F001007047E6
:102F40000023FAE7247B0800207B080010350800E6
:102F500008B568B1104B98420AD303F118029042A9
:102F600006D21822C01AB0FBF2F302FB13035BB1C6
:102F70000A490B4840F2C7130A4A0BF005F940F220
:102F8000C71108480BF0F9F80122074BC01058434D
:102F9000064B1A5408BD00BFB036080009FB0418E0
:102FA0001F980418E7FA0418ABAAAAAA2FDA090096
:102FB00070B50E4B0E4C1E7C054606EB460304EB2B
:102FC000C304204601F028FC00220A4B28469A55EB
:102FD000FFF7A0FF48B1084B2046BDE870401A68D3
:102FE0000649013AD31701F057BB70BDE07A0800DB
:102FF000B03608002FDA0900247B0800512F021890
:1030000038B5144D2B4653F81C4F9C4200D004B9E0
:10301000EC68AB68A8B963B90F498A230F4A104816
:103020000BF0B2F80F480BF0AFF88A210B480BF009
:10303000A4F85A7BD20604D1A26912B9DA897F2A90
:1030400005D89C4202D02046FFF7B2FF2346AB6171
:1030500038BD00BFE07A0800A2FC0418E7FA0418A3
:103060001F9804185AF7041870B590F90D30427B78
:10307000002B38DBD30636D18369002B33D162F0C5
:103080007F024273184A904209D118491848BC235C
:10309000184A0BF079F8BC2116480BF06EF8164967
:1030A0000A4652F81C4F944218BF23460C6A23B9B3
:1030B000C0E90024206008620CE090F90E5093F9FA
:1030C0000E60B5420BD0AE4209DD5A68C0E900324D
:1030D000106058600020BDE87040FFF791BFA34228
:1030E000E6D01B68E3E770BD10350800C9FC041882
:1030F0001F980418E7FA0418E07A080038B5044667
:103100004FF00803EFF3118583F31288BFF36F8F3D
:103110001648FFF753F968B99423154A154916481C
:103120000BF032F8114915480BF02EF89421104895
:103130000BF023F80D48FFF75DF92046FFF794FFE9
:103140000A48FFF749F958B9C323094A0C490A4804
:103150000BF01AF805490B480BF016F8C321E6E707
:1031600085F31188BFF36F8F38BD00BF287B08003F
:10317000B2D50418DFD504181F980418F4D5041824
:103180003BD6041852D6041838B504464FF008034D
:10319000EFF3118583F31288BFF36F8F1748FFF7A2
:1031A0000DF968B99423164A164917480AF0ECFF3E
:1031B000124916480AF0E8FF942111480AF0DDFF91
:1031C0000E48FFF717F9A36813B1204600F060FC22
:1031D0000A48FFF701F958B9C323094A0C490A48BC
:1031E0000AF0D2FF05490B480AF0CEFFC321E4E7FD
:1031F00085F31188BFF36F8F38BD00BF287B0800AF
:10320000B2D50418DFD504181F980418F4D5041893
:103210003BD6041852D6041870B504460D46E9B9D9
:10322000EFF30586D6B9184B9A699B689A4215D078
:10323000FFF7D2F868B9E223144A154915480AF095
:10324000A3FF214614480AF09FFFE2210F480AF02D
:1032500094FF3046BDE87040F3F784BE2046FFF788
:10326000BBF858B9C323094A09490A480AF08CFF38
:10327000214609480AF088FFC321E7E785F3118852
:10328000BFF36F8F70BD00BFE07A0800B2D504189D
:103290003BD604181F98041852D6041838B50446B3
:1032A0004FF00803EFF3118583F31288BFF36F8F9C
:1032B0001C48FFF783F868B994231B4A1B491C4834
:1032C0000AF062FF17491B480AF05EFF9421164876
:1032D0000AF053FF1348FFF78DF8637B5A0714D4A5
:1032E0001048FFF779F858B9C3230F4A124910481C
:1032F0000AF04AFF0B4911480AF046FFC321E6E7EE
:1033000085F31188BFF36F8F38BD23F00403204687
:103310006373FFF7A9FE2946BDE838400148FFF76F
:103320007BBF00BF287B0800B2D50418DFD5041886
:103330001F980418F4D504183BD6041852D6041864
:1033400010B54FF00803EFF3118483F31288BFF335
:103350006F8F2548FFF732F860B99423234A244938
:1033600024480AF011FF204923480AF00DFF942158
:103370001E4810E01C48FFF73DF8EFF3058363B1EA
:103380001E49FD231E4A1B480AF0FEFE1D480AF096
:10339000FBFEFD211A480AF0F0FE1B4B9A68D37B16
:1033A000012B0AD11949FE23154A12480AF0ECFEF6
:1033B00014480AF0E9FEFE21ECE7013BD3730A480A
:1033C000FFF70AF858B9C323084A114909480AF017
:1033D000DBFE05490F480AF0D7FEC321C8E784F396
:1033E0001188BFF36F8F10BD287B0800B2D5041879
:1033F000DFD504181F980418F4D5041873F80418BE
:10340000EAFC04185AF70418E07A080015FD0418BD
:103410003BD6041852D6041810B54FF00803EFF34A
:10342000118483F31288BFF36F8F2948FEF7C6FF1C
:1034300060B99423274A284928480AF0A5FE244960
:1034400027480AF0A1FE9421224813E02048FEF705
:10345000D1FF244B9A68D37B73B9234940F2EB33F5
:10346000224A1E480AF090FE21480AF08DFE40F2E2
:10347000EB311E480AF081FEEFF3058060B11D4973
:103480004FF47B73194A15480AF07EFE18480AF07B
:103490007BFE4FF47B71ECE70133D373FFF7B0FD94
:1034A0000B48FEF799FF58B9C3230A4A12490B4843
:1034B0000AF06AFE064911480AF066FEC321C3E716
:1034C00084F31188BFF36F8FBDE8104010F05ABC31
:1034D000287B0800B2D50418DFD504181F980418FB
:1034E000F4D50418E07A080046FD0418E7FA041839
:1034F0005AF7041873F804183BD6041852D6041867
:1035000008B50B4B99420BD10A490B4840F27B435B
:103510000A4A0AF039FE40F27B4108480AF02DFEC3
:10352000D1E9003213605A600023C1E9003308BDBD
:1035300010350800C9FC04181F980418E7FA04188D
:1035400070B590F90D200446002A437B06DA03F09B
:103550007F03014643731D48FFF7D2FF637B63F08F
:103560007F0363731A4B9C4209D11A491A48BC2342
:103570001A4A0AF009FEBC2118480AF0FEFD184A52
:10358000114651F81C3F106A8B4208BF002323B933
:10359000C4E90010046014620CE094F90E5093F931
:1035A0000E60B5420ED0AE420CDD5968C4E9003160
:1035B0000C605C609068031B58425841BDE8704045
:1035C000FFF71EBD9842E3D01B68E0E7FC7A0800D5
:1035D00010350800C9FC04181F980418E7FA0418ED
:1035E000E07A080038B54FF00803EFF3118583F354
:1035F0001288BFF36F8F2348FEF7E0FE68B994236B
:10360000214A224922480AF0BFFD1E4921480AF0FA
:10361000BBFD94211C480AF0B0FD1A48FEF7EAFEF3
:103620001D4B1E4A9C681068A04211D1FFF7C0FCD8
:103630001448FEF7D1FEF8B9C323134A18491448B9
:103640000AF0A2FD0F4917480AF09EFDC321E1E7E9
:1036500000211B7C1160144AD35C002BE8D020466B
:10366000FFF758FC0028E3D0637BDB0602D120463D
:10367000FFF766FF2046D9E785F31188BFF36F8F08
:1036800038BD00BF287B0800B2D50418DFD5041868
:103690001F980418F4D50418E07A08001C7B080071
:1036A0003BD6041852D604182FDA090010B590F949
:1036B0000D200446002A437B06DA03F07F0301460F
:1036C00043730648FFF71CFF054B9868031B5842DD
:1036D0005841BDE81040FFF793BC00BFFC7A0800DA
:1036E000E07A080038B504460D46FFF7DFFF637B3C
:1036F00043F0020363734DB3154BA5609C4209D19F
:1037000014491548BC23154A0AF03EFDBC21134854
:103710000AF033FD2B689D4209D16B68C4E9005360
:103720001C606C6012E06A689342F6D01B68002B44
:10373000F3D094F90E2093F90E108A42F3D09142FF
:10374000F1DD5A68C4E9003214605C6038BD00BF26
:1037500010350800C9FC04181F980418E7FA04186B
:1037600070B515461C460646FFF7BCFFB4F1FF3F97
:1037700008BFB5F1FF3F08D02A46234606F11800DE
:103780000249BDE8704000F087BF70BD993D031845
:103790002DE9F047DDE90889DFF8DCA02C4C17465D
:1037A0002C4BDAF80820A04205460E461A600BD1D1
:1037B00029492A4840F25233294A0AF0E5FC40F2EE
:1037C000523127480AF0D9FC4FF00802EFF3118379
:1037D00082F31288BFF36F8F2046FEF7EFFD60B9CA
:1037E0009423204A20491D480AF0CEFC21461F4858
:1037F0000AF0CAFC94211B48E4E72046FEF7FAFDD4
:10380000DAF8080042464B463946FFF7A9FF28463A
:10381000FEF7E2FD58B91649E223124A0F480AF0B2
:10382000B3FC294613480AF0AFFCE221E3E7204647
:10383000FEF7D2FD38B90E49E2230A4A07480AF0DA
:10384000A3FC2146EEE73046BDE8F047F3F78ABB1C
:10385000287B08001C7B080077FD04181F980418BB
:10386000E7FA0418B2D50418DFD50418F4D5041803
:103870003BD6041852D60418E07A08002DE9F84324
:1038800004460E464FF00803EFF3118983F31288C4
:10389000BFF36F8F3748FEF791FD074660B9942359
:1038A000354A364936480AF06FFC324935480AF045
:1038B0006BFC9421304821E02E48FEF79BFD637B92
:1038C00076B2DA061CD1A569D5B9DFF8D08003F04D
:1038D0007F03637321464046FFF712FE637BA673A6
:1038E00063F07F036373284B9C421BD12749244814
:1038F000BC23274A0AF048FCBC2125480AF03DFCBD
:103900000027A6731B48FEF767FD58BBC3231A4A5E
:1039100020491B480AF038FC16491F480AF034FCBD
:10392000C321C7E7434653F81C29424518BF154633
:103930001A6A25B9C4E9008214601C620AE095F98C
:103940000E108E420AD0B14208DD6B68C4E9005304
:103950001C606C600120FFF753FBD3E7AA42E9D05B
:103960002D68E6E789F31188BFF36F8F3846BDE80D
:10397000F88300BF287B0800B2D50418DFD50418EF
:103980001F980418F4D5041810350800C9FC041851
:10399000E7FA04183BD6041852D60418FC7A08003B
:1039A00008B5FFF76BFF38B1044B9B68DB7B1BB995
:1039B000BDE8084010F0E6B908BD00BFE07A080095
:1039C00070B50446183000F027FF4FF00803EFF3FE
:1039D000118683F31288BFF36F8F2448FEF7EEFC45
:1039E00068B99423224A234923480AF0CDFB1F4992
:1039F00022480AF0C9FB94211D480AF0BEFB1B486F
:103A0000FEF7F8FC94F90D20637B002A06DA03F038
:103A10007F0321461A486373FFF772FD194D637BDC
:103A2000A86843F010036373031B58425841FFF723
:103A3000E7FA0E48FEF7D0FC58B9C3230C4A1249E6
:103A40000D480AF0A1FB094910480AF09DFBC3216B
:103A5000D2E786F31188BFF36F8FAB68A34203D11F
:103A6000BDE8704010F08EB970BD00BF287B080023
:103A7000B2D50418DFD504181F980418F4D504181B
:103A8000FC7A0800E07A08003BD6041852D60418E5
:103A900010B50446806858B90A490B4840F2C5235E
:103AA0000A4A0AF071FB40F2C52108480AF065FB9A
:103AB0002146FFF725FD637B23F002036373002398
:103AC000A36010BDAEFD04181F980418E7FA04188F
:103AD00038B504464FF00803EFF3118583F31288DD
:103AE000BFF36F8F1948FEF769FC68B99423184A31
:103AF000184919480AF048FB144918480AF044FBD1
:103B0000942113480AF039FB1048FEF773FCA368B0
:103B100013B12046FFF7BCFF0C48FEF75DFC58B917
:103B2000C3230B4A0E490C480AF02EFB07490D48E7
:103B30000AF02AFBC321E4E785F31188BFF36F8FF6
:103B400004F11800BDE8384000F066BE287B08008C
:103B5000B2D50418DFD504181F980418F4D504183A
:103B60003BD6041852D6041870B504460D464FF0E3
:103B70000803EFF3118683F31288BFF36F8F234896
:103B8000FEF71CFC68B99423214A224922480AF016
:103B9000FBFA1E4921480AF0F7FA94211C480AF062
:103BA000ECFA1A48FEF726FC002394F86C10627BAE
:103BB00084F86C3081B17DB11448FEF70DFCF8B982
:103BC000C323134A164914480AF0DEFA0F49154870
:103BD0000AF0DAFAC321E1E712F0280FECD1A3686A
:103BE00013B12046FFF754FF637B35B903F0FB03A5
:103BF00020466373FFF738FADEE703F0EB03F7E7DD
:103C000086F31188BFF36F8F70BD00BF287B08005B
:103C1000B2D50418DFD504181F980418F4D5041879
:103C20003BD6041852D6041870B505464FF0080369
:103C3000EFF3118683F31288BFF36F8F1948FEF7F5
:103C4000BDFB68B99423184A184919480AF09CFA30
:103C5000144918480AF098FA942113480AF08DFA8A
:103C60001048FEF7C7FB2C68A54213D014B12046BC
:103C7000FFF70EFF0B48FEF7AFFB68B9C3230A4AF4
:103C80000D490B480AF080FA06490C480AF07CFA04
:103C9000C321E2E70024EDE786F31188BFF36F8FBD
:103CA000204670BD287B0800B2D50418DFD5041863
:103CB0001F980418F4D504183BD6041852D60418DB
:103CC00070B505464FF00803EFF3118683F31288B1
:103CD000BFF36F8F1B48FEF771FB68B994231A4A34
:103CE0001A491B480AF050FA16491A480AF04CFAC9
:103CF000942115480AF041FA1248FEF77BFB2C6824
:103D0000A54217D034B12046FFF7C2FE04F11800D7
:103D100000F082FD0B48FEF75FFB68B9C3230A4A37
:103D20000D490B480AF030FA06490C480AF02CFA03
:103D3000C321DEE70024EDE786F31188BFF36F8F20
:103D4000204670BD287B0800B2D50418DFD50418C2
:103D50001F980418F4D504183BD6041852D604183A
:103D6000024B03F11C02C3E907227047E07A080006
:103D700001F110031E2B10B50C4612D940F234533A
:103D8000124A134913480AF0FFF921466FF00F0356
:103D90000E2211480AF0F8F940F234510B480AF0AB
:103DA000ECF9EFF3058363B10C4940F23553074A50
:103DB00008480AF0E9F90A480AF0E6F940F23551F4
:103DC000ECE7BDE81040FFF7EBBD00BFE7FA0418D1
:103DD000C5FD04181F98041842F8041873F8041855
:103DE0005AF70418F8B5EFF305836BB13C4940F27C
:103DF00071533C4A3C480AF0C7F93C480AF0C4F900
:103E000040F27151374817E04FF00803EFF3118685
:103E100083F31288BFF36F8F3548FEF7CFFA68B986
:103E20009423344A344930480AF0AEF930493348D3
:103E30000AF0AAF994212F480AF09FF9304C2C4837
:103E4000FEF7D8FAA16804F11C054B7B284603F065
:103E50007F034B73FFF754FBA3685A7B62F07F022A
:103E60005A73284A934207D12749BC231D4A1E484A
:103E70000AF08AF9BC21C5E7E269216AAA4208BFB3
:103E8000002222B9C3E900510B6023620CE093F9D0
:103E90000E0092F90E70B84219D0874217DD5168B2
:103EA000C3E900210B6053600120FFF7A9F8104817
:103EB000FEF792FA78B9E2230E4A14490A480AF04A
:103EC00063F90B4912480AF05FF9E221B3E78A422D
:103ED000D8D01268D5E73046BDE8F840F3F742B8CD
:103EE00073F80418E7FA04181F9804185AF704180E
:103EF000287B0800B2D50418DFD50418F4D50418BF
:103F0000E07A080010350800C9FC04183BD60418F4
:103F100052D604182DE9F04105460E46EFF305830D
:103F20006BB13F4940F28D533E4A3F480AF02CF9AD
:103F30003E480AF029F940F28D513A4825E050EA0E
:103F4000010303D1FFF74EFF002066E0821C71F1F0
:103F5000FF331CDB0FF049FF44194FF00803EFF368
:103F6000118883F31288BFF36F8F3148FEF726FA6A
:103F700088B994232F4A30492B480AF005F92C4977
:103F80002E480AF001F994212A480AF0F6F86FF059
:103F90000104241AE1E72A4F2548FEF72BFAB868F6
:103FA000284B1860FFF782FBB8682A463346183062
:103FB000254900F071FBBA681D48537B43F010039C
:103FC0005373FEF709FA58B9E2231A4A1F491648F3
:103FD0000AF0DAF816491E480AF0D6F8E221D3E7CB
:103FE0004046F2F7BFFFBB685B7BDB060CD5194987
:103FF00040F2A9530B4A0C480AF0C6F80B480AF0E5
:10400000C3F840F2A95198E70FF0EFFE201A63EBD6
:104010000303012873F1000396DBBDE8F08100BFC4
:1040200073F80418E7FA04181F9804185AF70418CC
:10403000287B0800B2D50418DFD50418F4D504187D
:10404000E07A08001C7B0800993D03183BD6041851
:1040500052D604184BFE041808B5EFF3058373B16C
:1040600011494FF4B763114A11480AF08DF811480D
:104070000AF08AF84FF4B7610C480AF07EF8B1F103
:10408000FF3F08BFB0F1FF3F06D10B4B9868FFF729
:1040900097FC4FF0FF3008BDFFF73CFF0A220023DA
:1040A000C117DCF76BFDF6E773F80418E7FA04189C
:1040B0001F9804185AF70418E07A0800014B986812
:1040C000704700BFE07A08002DE9F04104464FF048
:1040D0000803EFF3118683F31288BFF36F8F514803
:1040E000FEF76CF968B994234F4A504950480AF0DA
:1040F0004BF84C494F480AF047F894214A480AF0D7
:104100003CF84848FEF776F9237BD90722D5454885
:10411000FEF762F958B9C323434A474944480AF0B5
:1041200033F8404945480AF02FF8C321E6E786F303
:104130001188BFF36F8F40F2CA63414A41493C483E
:104140000AF022F8214640480AF01EF840F2CA61FF
:104150003B48D4E7637B1A070AD53248FEF73CF99F
:104160000028D8D086F31188BFF36F8FBDE8F081A7
:1041700023F0200242F00801D2092CD16173A36818
:1041800013B12046FFF784FC04F1180000F044FB53
:104190004FF0000804F15807A56DBD4200D025BBC3
:1041A0000120FEF72DFF294B9B68A342D5D1EFF3E9
:1041B0000583002BD1D11B48FEF70EF910BBE2237B
:1041C000194A1D491A4809F0DFFF16491B4809F032
:1041D000DBFFE22192E703F05F0343F0080321468F
:1041E0001B486373FFF78CF9C9E72846FFF750FCBB
:1041F00005F1180000F010FB2846C5F88880FEF78E
:1042000033FFC9E73046F2F7ADFE0E494FF4E063E5
:104210000B4A074809F0B8FF0E4809F0B5FF4FF404
:10422000E06195E7287B0800B2D50418DFD50418B3
:104230001F980418F4D504183BD6041852D6041855
:10424000E7FA0418DA9904188BFE0418E07A0800DB
:10425000FC7A0800AAFE04182DE9F041044616462F
:104260001D464FF00803EFF3118783F31288BFF365
:104270006F8F3E48FEF7A2F860B994233C4A3D494F
:104280003D4809F081FF39493C4809F07DFF942100
:10429000374823E03548FEF7ADF8637B1B0746D46B
:1042A00055EA060354D0DFF8F080D8F80800A042A1
:1042B00051D0A26800F158039A424CD0EFF3058325
:1042C00073B12F494FF4E4632E4A2B4809F05CFF89
:1042D0002D4809F059FF4FF4E4612A4809F04DFFD9
:1042E00004F15801FFF7FEF9B5F1FF3F08BFB6F141
:1042F000FF3F07D0D8F8080032462B462349183034
:1043000000F0CAF91948FEF767F858B9E223184ACD
:104310001F49194809F038FF14491E4809F034FFB5
:10432000E221B5E73846BDE8F041F2F71BBE0024B4
:104330000E48FEF751F888B9C3230D4A14490E48B8
:1043400009F022FF0949134809F01EFFC3219FE726
:104350006FF00F04ECE76FF02C04E9E787F31188A6
:10436000BFF36F8F2046BDE8F08100BF287B0800B7
:10437000B2D50418DFD504181F980418F4D5041812
:1043800073F80418E7FA0418CCFE0418993D0318D2
:104390003BD6041852D60418E07A08002DE9F843F9
:1043A0000646884617464FF00803EFF3118983F35A
:1043B0001288BFF36F8F2148FEF700F8054668B9F1
:1043C00094231F4A1F49204809F0DEFE1B491F485D
:1043D00009F0DAFE94211A4809F0CFFE1748FEF7DB
:1043E00009F83468A6421DD0F4B12046C4F888808C
:1043F0006761FFF74DFB04F1180000F00DFA20464D
:10440000FEF732FE0D48FDF7E7FF78B9C3230C4AEB
:104410000F490D4809F0B8FE08490E4809F0B4FEEE
:10442000C321D8E70025EDE72546EBE789F311889E
:10443000BFF36F8F2846BDE8F88300BF287B0800D4
:10444000B2D50418DFD504181F980418F4D5041841
:104450003BD6041852D60418D3B5DDE90667089C8C
:10446000CDE90067FFF794F91CB1034B9B685B69CA
:10447000236002B0D0BD00BFE07A080038B5044622
:104480004FF00803EFF3118583F31288BFF36F8FAA
:104490001C48FDF793FF68B994231B4A1B491C482D
:1044A00009F072FE17491B4809F06EFE9421164868
:1044B00009F063FE1348FDF79DFF2046FFF700FC5F
:1044C00050B10022C0F88820FEF718FE29460D489A
:1044D000FEF7A2FE002038BD0A48FDF77DFF58B95F
:1044E000C323094A0C490A4809F04EFE05490B4806
:1044F00009F04AFEC321DAE785F31188BFF36F8F15
:10450000E8E700BF2C7B0800B2D50418DFD50418FB
:104510001F980418F4D504183BD6041852D6041872
:104520002DE9F34105460C4617461E464FF0080399
:10453000EFF3118883F31288BFF36F8F1548FDF7EF
:104540003DFF68B99423144A1449154809F01CFE2C
:104550001049144809F018FE94210F4809F00DFE87
:104560000C48FDF747FF2046FEF7ECF92A46414686
:10457000CDE900760748FFF70BF905464FF0FF320B
:104580004FF0FF332046FEF70DF9284602B0BDE894
:10459000F08100BF2C7B0800B2D50418DFD50418C9
:1045A0001F980418F4D504180C480D4A08B5121ABF
:1045B0000C490FF064FB0C4A0C490D480FF05FFBEF
:1045C0000C4A0D490D480FF05AFBBDE808400C4855
:1045D0000C4A0D49121A0FF052BB00BF401E0800D2
:1045E000D42D0800981F0518401E0000580105181A
:1045F00000000800142100002C2F05180000010005
:10460000000000200000002040500518034B1B68EC
:104610000BB9F6F717B80020704700BF307B0800D1
:1046200010B50E4B1C689C4204D1FFF7EFFF6FF0F2
:10463000004010BDFFF7EAFF002CF8D0D4E90432A7
:104640001B1A62EBE072B3F1004F72F10001EEDA77
:10465000002AACBF18460020EBE700BF942B0800EF
:1046600030B570B10B4B5B6898420AD0036843B118
:10467000D3E90421D0E90445121941EB0501C3E94E
:104680000421D0E9003213605A600023C0E90033EE
:1046900030BD00BF942B0800B3F1FF3F08BFB2F15B
:1046A000FF3F2DE9F047044692461D4600F09980F1
:1046B000066866B14C495E234C4A4D4809F064FDDA
:1046C0004C4809F061FD5E21484809F056FD8160C3
:1046D0004FF00803EFF3118783F31288BFF36F8F56
:1046E0004548FDF76BFE60B99423444A444940486D
:1046F00009F04AFD4049434809F046FD94213F48EE
:10470000E3E73D48FDF776FEBAF1FF3F75F1FF3371
:1047100023DA6FF001033C49D1E900209B1A4FF0E6
:10472000FF3262EB0000B3EB0A0360EB0500012BE4
:1047300070F1000201DA01233046C4E90430334B42
:104740001A68D3F804C09A4218BF164686B9C4E95D
:10475000003CCCF800405C601CE0FFF757FF1AF10A
:10476000010845F1000518EB000345EBE070E4E7B4
:10477000D6E90415D4E904208A4270EB050E23DA49
:10478000891A726865EB0005C6E90415C4E9006280
:10479000146074601A689A4206D0944204D1FFF7FC
:1047A0003FFF0021F5F7AAFE1348FDF715FEA0B95B
:1047B000C323124A16490E4809F0E6FC0E49154873
:1047C00009F0E2FCC3219AE7521A60EB0500664546
:1047D000C4E90420BBD03668B8E787F31188BFF37B
:1047E0006F8FBDE8F08700BF05FF0418E1FE0418D5
:1047F0001F9804185AF70418347B0800B2D504181F
:10480000DFD50418F4D50418C8360800942B080026
:104810003BD6041852D6041838B504464FF00803A6
:10482000EFF3118583F31288BFF36F8F1948FDF7FB
:10483000C5FD68B99423184A1849194809F0A4FC21
:104840001449184809F0A0FC9421134809F095FC7C
:104850001048FDF7CFFD23689BB12046FFF700FF0E
:1048600000240C48FDF7B8FD70B9C3230A4A0E496D
:104870000B4809F089FC07490C4809F085FCC32165
:10488000E3E76FF01504ECE785F31188BFF36F8F52
:10489000204638BD347B0800B2D50418DFD5041893
:1048A0001F980418F4D504183BD6041852D60418DF
:1048B0002DE9F84F04464FF00803EFF3118783F317
:1048C0001288BFF36F8F4748FDF778FD68B99423CE
:1048D000454A4649464809F057FC4249454809F0CF
:1048E00053FC9421404809F048FCDFF81891DFF8A8
:1048F00018813C48FDF77EFDC8F80040D9F800401B
:104900004FF0000A4C4508BF00244FF0000B3A4E10
:10491000D8F80030D6E9002C002C48D0D4E9045156
:10492000D817AB4270EB010E05DAED1A61EB00010E
:10493000C4E904513BE0AA184CEBE5732046C4E9F6
:1049400004ABC6E90023FFF78BFE2648FDF744FDC4
:1049500058B9C323244A2949254809F015FC21499F
:10496000274809F011FCC321BCE787F31188BFF386
:104970006F8F2046A36898474FF00803EFF3118725
:1049800083F31288BFF36F8F1648FDF717FD0028D9
:104990009DD01448FDF72EFDD8F80030D9F800401E
:1049A0005B1B4C45C8F80030B2D1D6E9002C00247E
:1049B0009A184CEBE373C6E90023C8F80040FFF7F0
:1049C0002FFE2146F5F79AFD0648FDF705FD002864
:1049D000BFD087F31188BFF36F8FBDE8F84FFEF7A4
:1049E00001BE00BF347B0800B2D50418DFD504181F
:1049F0001F980418F4D50418C83608003BD60418CC
:104A000052D60418942B0800307B080070B54FF084
:104A10000803EFF3118683F31288BFF36F8F1A48F0
:104A2000FDF7CCFC68B99423184A1949194809F0D4
:104A3000ABFB1549184809F0A7FB9421134809F06E
:104A40009CFB1148FDF7D6FCFFF7E0FD134AD2E9C5
:104A50000045041945EBE0750B48FDF7BDFC58B95E
:104A6000C3230A4A0E490B4809F08EFB06490D483C
:104A700009F08AFBC321E1E786F31188BFF36F8F4A
:104A80002046294670BD00BF347B0800B2D504180B
:104A9000DFD504181F980418F4D50418C836080088
:104AA0003BD6041852D6041838B5044678B1F5F749
:104AB0001BFE054606480023A4FB0001054ADCF75F
:104AC0005DF80446F5F710FE431BA342FAD338BD48
:104AD00000A3E11140420F00F8B504464FF008036F
:104AE000EFF3118783F31288BFF36F8F4E48FDF702
:104AF00065FC68B994234D4A4D494E4809F044FB82
:104B000049494D4809F040FB9421484809F035FBDC
:104B10004548FDF76FFC226882B14348FDF75CFC15
:104B200000287CD1C323414A4449424809F02CFB68
:104B30003D49434809F028FBC321E6E7D4E90A369A
:104B4000581C46F10001022871F1000127D3012B06
:104B500076F10001BCBF012316465D1E46F1FF360B
:104B60000FF047F9013041F10001401946EB010116
:104B7000012871F100014DDB0FF03BF9013041F1EB
:104B800000016FF00102401946EB01034FF0FF31C5
:104B9000121A61EB030320462A49FFF77DFD236BC0
:104BA00001332363236ADBB11F48FDF715FC00289E
:104BB000B8D087F31188BFF36F8F2046236A9847D8
:104BC0004FF00803EFF3118783F31288BFF36F8F61
:104BD0001548FDF7F3FB00288CD01348FDF70AFCBD
:104BE00054F8185FA54298D0002D96D02846FEF7BD
:104BF000CBFA00230C48C5F88830FDF7EDFB002800
:104C000090D087F31188BFF36F8F2846BDE8F84036
:104C1000FEF774BA6FF001024FF0FF33BBE787F382
:104C20001188BFF36F8FF8BD387B0800B2D5041828
:104C3000DFD504181F980418F4D504183BD60418BF
:104C400052D60418D94A0218B3F1FF3F08BFB2F197
:104C5000FF3F2DE9F047DDE9088905461C46174668
:104C60001E461BD0531C74F1FF3308DB012A74F17C
:104C70000003BCBF01220024571E44F1FF36284622
:104C8000FFF7CAFD0023C5E90A892B633A4633467C
:104C90002846BDE8F0470249FFF7FEBCBDE8F087B3
:104CA000D94A021804322DE9734306460D4620D234
:104CB0004FF000084FF0000941F00401CDE90089F0
:104CC000FDF752F90446A0B144F8046B95B16B1E90
:104CD0001C420FD02523094A09490A4809F054FA11
:104CE000214609482A4609F04FFA2521034809F0D0
:104CF00044FA0024204602B0BDE8708325FF041862
:104D000070F104181F980418A2F1041803280A4629
:104D100008B501D983070CD010494223104A114825
:104D200009F032FA104809F02FFA42210C4809F034
:104D300024FA431E03420AD00C494623084A094874
:104D400009F022FA0A4809F01FFA4621EEE7014667
:104D5000BDE808400748FFF7A5BF00BF49FF04189A
:104D600025FF04181F98041886FF041885D404181A
:104D7000A0D40418782D0800014BC0F8803070478B
:104D8000782D0800014809F01FB800BFB3FF0418D0
:104D90001FB50024084B4FF48062029302AB0093CE
:104DA00006494FF0FF3306488DF80C40FEF71EF819
:104DB000204604B010BD00BFF3FF0418700F0B00B5
:104DC000D0360800012838BF012010B5044620461F
:104DD00006F091FC00B110BD00F022FB40B90420A8
:104DE0000FF0FCF9034B044A044903600FF0E4FBA5
:104DF0008047ECE78C770418994E021878770418EE
:104E000038B5054608200FF0E9F90446294600F0B8
:104E100063FB054A204605490FF0CEFB204600F013
:104E20009FF80FF0F1F900BF4154021810780418F0
:104E300038B5054608200FF0D1F90446294600F0A0
:104E40005FFB054A204605490FF0B6FB204600F0FF
:104E500087F80FF0D9F900BF655402181C780418C0
:104E600038B5054608200FF0B9F90446294600F088
:104E700051FB054A204605490FF09EFB204600F0F5
:104E80006FF80FF0C1F900BF7954021828780418A0
:104E900000487047FCFF0418034B10B5044603603C
:104EA0000FF075FA204610BD8C770418194A50F897
:104EB000081C536870B5A0F1080413B16518AB4223
:104EC00003D940F8043C546070BD5E681FD11B6874
:104ED0000B4440E90236F6E71A1D33465E6836B1E8
:104EE000B542F9D301BF2E686D6889195D601368FA
:104EF0001D685E19B44217BF5B686D1840F8081C46
:104F000040F8043C16BF13681D605C60DCE70432A7
:104F1000E4E700BF3C7B08000830104A082838BF8F
:104F20000820073020F0070352F8040F30B598B17D
:104F300001688B4206D8CD1A4468072D05D8016058
:104F4000214607E0021D4068F1E7C1184C60C550DA
:104F5000106803600830116030BD00BF3C7B080062
:104F6000064A80389368984205D9D268134498421B
:104F700001D2FFF79BBF06F0C0BB00BF3C7B08001F
:104F800038B54FF41E65074C2846E56006F0B3FBC4
:104F9000A06010B9E060606038BD0023606005600B
:104FA0004360F9E73C7B08002DE9F3411E46037896
:104FB00004460F46472B13D143784E2B10D18378EC
:104FC000552B0DD1C378432B0AD10379462B07D13A
:104FD00043794F2B04D18379522B01D1C2793AB353
:104FE00020460FF017F9024620B3E37954F8202C3D
:104FF000012B16BF154652F8785C04F158022B6855
:10500000284601929B689847B0B1019B02241B6817
:1050100001933B6801AA29463846D3F81080012342
:10502000C04758B1019B3360204602B0BDE8F08113
:10503000034DE4E7034DE2E70124EAE70446F3E722
:10504000AC770418B47704180048704718000518A6
:10505000004870474C7B0800004870474C7B0800B4
:10506000024A0349034809F060B900BF804F0800B5
:10507000A14303184C7B08002DE9F04F002393B0A7
:1050800006460C46079300F003031546012B10D08B
:10509000022B03D0002B5DD103075DD529462046A6
:1050A000DCF7FDFE18B1092013B0BDE8F08F082031
:1050B000FAE7070745D5022306F008060C22284622
:1050C0000C941E430CAB009300231946DCF79EF8AA
:1050D000062E43D1D4F83080D4E90A73B8F1000F1A
:1050E00000F03F819946002FC0F23E810326002345
:1050F0000DF12C0928460B941A461946CDF800905C
:10510000DCF784F80023012228461946CDF80090E8
:105110000B97DCF77BF80F2128460FF00DFA00F013
:10512000010000230F2240EA0800CDF80090194644
:105130000B902846DCF76AF8022E00F02F8107203A
:10514000B2E70F6A10460D210FF0F6F98742B2D18F
:105150000623B1E7F2F772FE0123ADE72846DCF73C
:10516000B8FE8146002899D00CAA014628460FF0C7
:10517000B4F99DF844B02946029058460FF07CF9E6
:105180000F2103900E9028460FF0D6F920F0010869
:10519000029A08F1FF38109F97420DD8002701238B
:1051A000B846F10700F1C580320740F1D780012BE6
:1051B00040F0CC800FF0D4F99DF845A008AB00205A
:1051C00051460FF07AF909AB0246514600200FF024
:1051D00074F90AAB0246514600200FF06EF90BA994
:1051E0000FF0DFF80C9B089902460B44434553D857
:1051F00009990B444345CED9DDE90A30002B3FF431
:105200004DAF0D9A03EB020800283BD0013838441B
:10521000B8F1000F3FF442AF16F0080304933DD0FD
:10522000472323704E2363705523A3704323E370F9
:10523000462323714F2363715223A3710023E3712B
:105240000023029309A90FF0BAF80AA905900FF0FC
:10525000B6F8099F002F69D043DDBBF1FF0F3CD0AA
:105260000BF00703042B3FF675AF01A252F823F0B1
:10527000DF52021855510218AF520218DF520218BD
:10528000D7520218B8F1000F3FF408AFF0073FF50E
:1052900005AF002702262AE73A467CE7E379012B8F
:1052A0000CBF54F8203C04F158030793C8E70222CE
:1052B0000F990BAB584602FB171203990FF096F8A3
:1052C0000B9931B134B307AB00222046FFF76CFED7
:1052D00000B3032365E70822EAE70022E8E7042297
:1052E000E6E76FF040420F9BD21B03EB820AC4B18A
:1052F0000499B1B9079BAAF1040A0B935AF8041F49
:105300000029E6D00BAB002251442046FFF74CFEAB
:105310000028F3D00A98002844D0059B034418467F
:1053200090E753F82230002BF4D1D2E70123029307
:10533000F0E7079E0D2128460FF0FEF8C4F83080F4
:10534000C4E90806C4E90A790620ADE6002FBFF6D5
:10535000CDAE0FF00EF90EF0CDFF2BE7012B7FF451
:10536000C2AE20460FF0D1FA0CAA494628460FF0EB
:10537000B4F829469DF844000FF07EF8FA430F9BDD
:1053800003EB8203002253F8221029B9C4E90A2052
:105390000422C4E90C23A9E60132F4E720460EF00A
:1053A00056FFCCE6029B002B7FF470AF76E600BF81
:1053B000014BD3E8AF0F7047A02B0800014BD3E897
:1053C000AF0F70479C2B080038B50025044640E914
:1053D0001E1240F8805CFFF7F1FF44F8700CFFF7F5
:1053E000E7FF472344F86C0CA4F1800004F8583C14
:1053F0004E2304F8515C04F8573C552304F8563CFE
:10540000432304F8553C04F8543C2B2304F8533C44
:1054100004F8523C014B44F8503C38BD7D4503181C
:10542000014BD3E8AF0F7047587B0800034B10B512
:105430000446036000F0BEF8204610BDE47704186F
:10544000074B13B504460360406801A90C3800F00F
:10545000A3F820460EF09BFF204602B010BD00BF0F
:105460003C780418034B10B504460360FFF7E8FFCF
:10547000204610BD50780418034B10B50446036055
:10548000FFF7DEFF204610BD6478041888422DE93E
:10549000F04104460D4618D0A0B1A1EB0008002150
:1054A000404600F04DF800F10C070646214638460C
:1054B0002A460FF09DF94146304600F035F838464F
:1054C000BDE8F0810248FFF79BFC024FF7E700BF01
:1054D000F2000518687B0800084B13B5044601AAC2
:1054E00040F8043B0FF066F904E020460EF04FFF51
:1054F0000EF08AFE204602B010BD00BF3C780418B2
:1055000010B50446FFF7E8FF014B2046236010BDAD
:105510005078041810B50446FFF7DEFF014B204613
:10552000236010BD64780418044B984204D0002313
:105530000160836008440373704700BF5C7B080010
:10554000134A904210B5044602D91248FFF770FC86
:10555000884207D804F10D00FFF734FC00224460B4
:10556000826010BD4B00984238BF1C4604F11D03F9
:1055700004F10D00B3F5805FEED98C42ECD904F54F
:105580008054C3F30B03E41A944228BF1446E1E7A6
:10559000FCFFFF3F1C010518054A904210B506D0DC
:1055A0008268541E002A846001DC0FF026F910BDC9
:1055B0005C7B0800034B10B5044603600FF0C4F891
:1055C000204610BD847804182DE9F04F85B00246BE
:1055D0000FF07EF950B31046D2F828A052E90653D6
:1055E000D2E90C4601930EF085FE28460EF0BDFF71
:1055F0000EF080FEFFF72CFD036893F8272003F1DF
:105600002009012A1BD11B68002524F003080293FE
:105610002F46574515DB002D34D004200EF0DEFD5B
:105620001A4B1B4A1B4903600EF0C6FF10460EF0D2
:1056300061FE0EF09EFF0EF05DFE0EF091FF7833DE
:10564000E2E7346804B1344402AB00222146484604
:10565000FFF7AAFC38B10EF0C9FF0EF074FE0EF091
:1056600072FE0EF0D1FD236803AA03902046D3F802
:1056700010B001230749D84701374644002818BF16
:105680000546C6E701980EF063FF00BFC477041813
:1056900091430318A077041853EC102BC3F30A505E
:1056A0009C46A0F2FF31132910B5964619DC00295B
:1056B00011DB1F4C0C4104EA0300104316D04FF4D9
:1056C000002300200B41634423EA040C6346024696
:1056D00043EC102B10BD013103F0004C22D0002010
:1056E000F4E7332905DDB1F5806F14D043EC102BBE
:1056F00010BDA0F213404FF0FF34C4401442F5D067
:10570000C1F1330101208840801828BF03F1010C4A
:1057100020EA0400DAE710461946DAF7F7FC41EC14
:10572000100B10BD4CF07F5C00204CF4401CCDE70A
:10573000FFFF0F0010EE103A1E4923F000428A428C
:105740001BD9B2F1FF4F02D330EE400A704700B5CB
:1057500083B0684600F006FF00F00300012810D077
:1057600002281ED0B0B10120DDED010A9DED000A36
:1057700001F0EEFB03B05DF804FBDFED0F0A01F072
:1057800031B8DDED010A9DED000A01F0E1FBB1EE5B
:10579000400AEFE7DDED010A9DED000A01F022F875
:1057A000E8E7DDED010A9DED000A01F01BF8B1EE1E
:1057B000400ADFE7D80F493F00000000F0EE400A42
:1057C000B2EE040A00F0B2B810EE103A1F4923F00E
:1057D00000428A421CD9B2F1FF4F02D330EE400A98
:1057E000704700B583B0684600F0BCFE00F00300CF
:1057F000012812D002281FD0B0B1DDED010A9DEDC5
:10580000000A00F0EFFFB1EE400A03B05DF804FBC0
:105810000020DFED0F0A01F09BBBDDED010A9DEDDD
:10582000000A00F0DFFFF0E70120DDED010A9DED49
:10583000000A01F08DFBE8E70120DDED010A9DED96
:10584000000A01F085FBB1EE400ADEE7D80F493FC0
:105850000000000008B52DED028BB0EE408A00F08C
:105860002BF9144BF0EE408A93F9003001330FD03E
:10587000B4EE488AF1EE10FA0AD6B0EE480A01F00A
:1058800081FCF7EE007AB4EEE70AF1EE10FA04DCE0
:10589000B0EE680ABDEC028B08BD08F0A9FD21221C
:1058A00003460548BDEC028B1A60BDE8084001F0D4
:1058B0007FBC00BF352D0800BC7C041800F026BA60
:1058C00008B52DED028BB0EE408A00F0CBFA144BF8
:1058D00093F90030013314D0B4EE488AF1EE10FA97
:1058E0000FD6B5EEC08AF1EE10FA0AD8B5EE408AAE
:1058F000F1EE10FA08D108F07BFD22239FED090A92
:105900000360BDEC028B08BD08F072FD2122034646
:105910000548BDEC028B1A60BDE8084001F048BCA8
:10592000352D0800000080FFBC7C041808B52DED63
:10593000048BF0EE408AB0EE608A00F0F5FA464B38
:10594000B0EE409A93F9003001331FD0B4EE488A8C
:10595000F1EE10FA1AD6F4EE688AF1EE10FA59D682
:10596000DFED3E9AF4EE698AF1EE10FA13D1B4EE4F
:10597000698AF1EE10FA29D0B0EE480A01F00AFC6B
:1059800020B1B4EEE98AF1EE10FA4CD4B0EE490A37
:10599000BDEC048B08BD01F0FDFBF0B1B5EE409A03
:1059A000F1EE10FAF2D1B0EE680A01F0F3FB002834
:1059B000ECD0B0EE480A01F0EDFB0028E6D008F08C
:1059C00017FD22239FED259A0360DFE7B7EE009ACB
:1059D000B0EE490ABDEC048B08BDB0EE680A01F0D8
:1059E000D9FB0028DAD0B0EE480A01F0D3FB00283A
:1059F000D4D0B4EE499AF1EE10FA25D608F0F8FCAE
:105A0000F5EEC08A2223F1EE10FA036012D49FED66
:105A1000149ABBE7B5EE408AF7EE007AF1EE10FA81
:105A200007FE809AB2E708F0E3FC212303609FEDB4
:105A30000D9AABE7B0EE480A01F0C0FBB4EE480A9D
:105A4000F1EE10FAE3D0F2E708F0D2FC212389EE60
:105A5000A99A03609AE700BF352D080000000000F6
:105A60000000807F000080FF08B52DED028BB0EEB6
:105A7000408A00F0B3FE0E4B93F9003001330BD097
:105A8000B4EE488AF1EE10FA06D6DFED0A8AB4EEDB
:105A9000E88AF1EE10FA02D4BDEC028B08BD08F0E2
:105AA000A7FC88EEA80A21230360BDEC028B08BD89
:105AB000352D08000000000010EE102A08B522F075
:105AC0000043B3F17E5F2DED028B12D00AD8B3F103
:105AD0007C5F18D2B3F10C5F71D89FED7B0ABDECEF
:105AE000028B08BD70EE407A87EEA70ABDEC028BF0
:105AF00008BD9FED760A002ADFED757ABDEC028BBA
:105B000037FE800A08BD002AC0F29680F7EE008AB0
:105B1000F6EE007A38EEC00A20EE278AB0EE480A88
:105B200000F05CFE9FED6B7A9FED6B3A10EE103A41
:105B3000DFED6A4AA8EE073ADFED697ADFED693AF0
:105B400023F47F63DFED685AE8EE273A9FED675A4A
:105B50009FED676A23F00F03DFED666AE3EE084A04
:105B600007EE903AB0EE483A9FED637AA3EE885A7A
:105B7000A7EEE73A70EE273AB0EE644AE4EE085A30
:105B8000F0EE454AE4EE886AB0EE655AA5EE086A82
:105B9000F0EE665AC3EE236AA6EE087AE5EE888A2E
:105BA00027EE087A87EE286AB0EE667ABDEC028BA3
:105BB000A0EE067A37EE870A30EE000A08BD20EE26
:105BC000007ADFED446A9FED442AF7EE005A9FED1C
:105BD000433AA7EE262ADFED427ADFED422A9FED17
:105BE000424AE7EE272ADFED413A9FED415ADFEDC9
:105BF000414AA2EE073A9FED406ADFED406ADFEDD1
:105C0000407AE2EE873ABDEC028BA3EE074AE3EE60
:105C1000874AA4EE075AE4EE875AA5EE076A26EEF5
:105C2000077A87EE256AB0EE667AA0EE467A30EE05
:105C3000477A37EEC70A08BDB7EE007ADFED252AAE
:105C4000F6EE007ADFED243A9FED253A30EE070AB2
:105C5000DFED224A9FED234ADFED235A60EE277ADB
:105C60009FED225ADFED226A9FED226AE7EEA23A0B
:105C70009FED218AA7EE834AB0EE670AE3EEA74ABA
:105C8000A4EE275AE4EEA75AA5EE276AE5EEA76A26
:105C9000A6EE277AA6EEA78AF0EE478A28EE278A94
:105CA00000F09CFD9FED177AF0EE006ADFED167AAA
:105CB00088EE286AA0EE067A37EE007AE7EE667A7A
:105CC000B0EE670A12E700BFDB0FC93FDB0F4940A8
:105CD0000000000008EF1138047F4F3A461124BD40
:105CE0002EC69D3D613330BFA80A4E3E2D57014060
:105CF00090B0A6BE39D119C0ABAA2A3E6821A23302
:105D0000DA0FC93F6821A2B3DA0F494010EE903A8A
:105D100030B523F0004583B0B5F1FF4F8DED010A9A
:105D200001982CDC20F00041B1F1FF4F27DCB3F1EA
:105D30007E5F38D09C1704F0020444EAD07451B955
:105D4000022C2DD0DFED3E7A032C9DED017A07FE6B
:105D5000870A03B030BDD5B1B5F1FF4F28D0B1F1FE
:105D6000FF4F14D0491BB1F1F45F4FEAE1502CDA38
:105D7000002B43DA3C3041DA9FED320A27E007EE90
:105D8000903A9DED017A37EE870A03B030BDDFED22
:105D90002E7A00289FED2D0A20FE270A03B030BD81
:105DA0009FED2B0AD5E703B0BDE8304001F018B9EC
:105DB000B1F1FF4F04F1FF3418D0022C39D8254B34
:105DC00003EB840393ED000AC3E79FED200A012C47
:105DD00028D0022C1DD0002CBBD09FED1F7ADFED08
:105DE0001C7A30EE070A30EE670AB2E7022C23D89D
:105DF0001A4B03EB840393ED000AAAE7DDED017A69
:105E000007EE103A87EE870A01F0BCF901F0E8F8D6
:105E1000DDE79FED117ADFED0E7A30EE070A37EEFF
:105E2000C00A96E710EE103A03F1004300EE103A74
:105E30008FE79FED040A8CE79FED090A89E700BF11
:105E4000DB0F49C000000000DB0FC9BFDB0FC93FFB
:105E5000DB0F4940A87804182EBDBB33B478041872
:105E6000DB0F493F08B510EE103A33F000422DED3C
:105E7000028B2CD0002B1A4632DBB3F1FF4F41DAF4
:105E8000B3F5000F35DB0021D315C2F316027F3BBB
:105E90000B44D90F03EBD373C1F17F0107EE903AA6
:105EA00042EAC153B8EEE78A00EE103A01F0F6F983
:105EB000DFED176A9FED177A20EE260ADFED167ADE
:105EC000A8EE070AA8EE270ABDEC028B08BD9FEDDD
:105ED000137ADFED137ABDEC028B87EE270A08BD3B
:105EE00070EE407A9FED0E7ABDEC028B87EE870A4A
:105EF00008BDDFED0C7A6FF0180160EE277A17EE1F
:105F0000902AC1E7BDEC028B30EE000A08BD00BF4D
:105F1000D95BDE3EDB27543580209A3E000000CC62
:105F2000000000000000004C2DE9F84F10EE904AF0
:105F300034F000482DED048B2FD010EE105A25F0D0
:105F40000047A946B7F1FF4FBB4623DCB8F1FF4F2E
:105F5000D4BF00230123EBB9002D26462ADBB8F17C
:105F6000FF4F00F012819A46B8F17E5F00F0178172
:105F7000B6F1804F00F05281B9F1000F24DBB6F189
:105F80007C5F21D100EE105ABDEC048BBDE8F84FC8
:105F900000F024BCB7F17E5F05D1B7EE000ABDEC7E
:105FA000048BBDE8F88FBDEC048B9F48BDE8F84F2B
:105FB00001F0FEB8B8F1974FC0F0F680B8F1FF4F8E
:105FC00000F0E3804FF0020A00EE105A01F0DAF818
:105FD000B7F1FF4F00F01481B7FA87F35B09002F88
:105FE00000F00E81B7F17E5F00F007824FEAD972B0
:105FF000013A5AEA020100F0FC80B8F19A4F40F2EF
:1060000035818A4B9F4240F24782894B9F4200F282
:106010005B82B7EE006A9FED877AF5EE004ADFED0E
:10602000867AF6EE006A9FED855A30EE460ADFED7D
:10603000845AA0EE647AB0EE476A20EE007AE6EE6B
:10604000406A27EE267A27EEC77AA0EE057AF0EEB0
:10605000476AE0EE256A16EE903A23F47F6323F058
:106060000F0306EE903AF0EE667AE0EE657A37EED0
:10607000677A26F47F6607EE904A0AF1FF3ABFEE90
:10608000008A26F00F0627EE277AF7EE005A5AEA22
:10609000020A06EE106A37EEC66A07EE906A08FE3C
:1060A000258A66EEA77AA6EE267A77EE276A16EE9E
:1060B000902A002A134622F0004140F3B181B1F149
:1060C000864F00F2E28100F00582B1F17C5F00F2C0
:1060D0001B820022104623F47F63DFED5A6ADFED56
:1060E0005A2AB0EE003A23F00F03DFED583A9FED45
:1060F000584AB7EE000A06EE103A9FED562ADFED39
:10610000564A76EE677A9FED555A66EE266ADFEDBF
:10611000545A37EE677AF0EE667AE7EE227AB0EEFE
:10612000677AA6EE237AF0EE472A67EE076AE6EE74
:10613000632AB0EE446AA6EE826A77EEE27AE7EE70
:10614000277AE6EE264AB0EE456AA4EEA66AE6EEA7
:10615000265AB0EE476AA5EEE66A67EE065A36EEB4
:10616000436AC5EE866A76EEE77A77EEC77A30EE56
:10617000670A10EE103A1344B3F5000FC0F2A7817E
:1061800000EE103A20EE080A09E7B7F17E5F3FF40F
:1061900004AF1CD9002E1DDB00EE104AFFE6002ED6
:1061A00020DB00EE105AFAE6B8F17E5F15D34FEA15
:1061B000E852C2F1960248FA02F101FA02F24245AF
:1061C0007FF4D1AE01F00101C1F1020ACCE6002E4C
:1061D000C0F205819FED230AE1E6B4F1804F1DD0A6
:1061E0009A46F1E6F7EE007A07EE105A87EE870A34
:1061F000D5E607EE905A77EEE77A87EEA70ACEE665
:10620000002EC0F2F180B9F1000FBFF6C8AEBAF1AE
:10621000010F7FF4C4AEB1EE400AC0E607EE905A1B
:1062200027EEA70ABBE600BFBC7C0418F7FF7F3F40
:106230000700803FABAAAA3E3BAAB83F70A5EC3648
:1062400000AAB83F8CBEBF351872313F0072313F93
:106250000EEADDB54CBB313355B38A38610B36BB22
:10626000ABAA2A3E000000000000804B19F0FF4F4F
:1062700007D15FED037A6FF0170360EE277A17EE10
:1062800090BA4FEAEB51A348CBF3160B7F39834505
:1062900019444BF07E5340F3F0809F48834540F310
:1062A0000381DFED9E3AF7EE005A0131A3F50003BA
:1062B000F0EE632A002006EE903A07EE901AB7EE51
:1062C000005A5B10B8EEE77ADFED959A76EEA57A84
:1062D00043F0005336EEE56ADFED928A03F5802342
:1062E0009FED918A85EE279A9FED900A03449FEDDA
:1062F000905ADFED900A07EE903A8F4B9FED8F1A80
:1063000077EEE55ADFED8E1AF0EE084A9FED8D4AE2
:1063100036EEE52AF0EE485A26EE093A63EE036AB5
:1063200013EE101A1940E6EEA98AE8EEA65AA5EE79
:10633000A60AF0EE455AB0EE645AE0EE265AE5EEB3
:10634000A60A66EEA65A06EE901AA6EEE76A73EE65
:10635000267AA6EEA65AA6EEC26A26EE096A67EE6D
:10636000867AE5EEA07A75EE275A15EE901A194056
:1063700005EE901A75EEE44AE6EEE64A77EEE47A28
:1063800067EE837AE6EE257AB0EE676AA6EEA56A36
:1063900016EE101A194006EE101AB0EE465AA6EE86
:1063A000E55A77EEC57A67EE817AE6EE217A77EEE6
:1063B000A27AF0EE676AE6EE046A76EEA36A76EEFB
:1063C000876A16EE901A194006EE901A36EEC77AD2
:1063D00037EE637AA6EE447A37EEC77A49E607EEDF
:1063E000904AB1EE670ADAE5F7EE007AB9F1000FEC
:1063F00087EE800ABFF6D3AD09E7002E03DAF7EE89
:10640000007A87EE800AB9F1000FBFF6C8ADBAF185
:10641000000F7FF4FCAE70EE407A87EEA70ABEE56F
:106420004948814249D87FF450AE76EEE76AF4EEEF
:10643000C76AF1EE10FA40DA4FF400411144434BC1
:10644000002AC1F3C754C1F31600A4F17F0440F43D
:10645000000043FA04F3C4F1170440FA04F003EA1D
:106460000103B8BF404206EE903AC20577EEE67AE5
:1064700077EE276A16EE903A2DE6DFED283AF7EE32
:10648000005A0020F0EE632A15E7DFED317A28EE9E
:10649000270A20EE270A82E5002EBFF69BAE9FED6D
:1064A0002C0A20EE000A7AE5F7EE085ADFED293AC9
:1064B000DFED292A4FF40010FDE6DFED287A28EE03
:1064C000270A20EE270A6AE5002EE8DC82E600F0C3
:1064D00079FE57E69FED226A76EEE76A37EE066AA6
:1064E000B4EEE66AF1EE10FACFDC02F50042174B8B
:1064F000D115C2F316007F3940F400000B41C1F101
:10650000170113400841AEE7CB154FF400017E3B65
:10651000194193E771C41C00D6B35D000000000070
:1065200042F1533E55326C3E05A38B3EABAAAA3EC8
:10653000B76DDB3E9A99193F00F0FFFF4F38763F69
:10654000A0C39D360038763F00001643000080FF50
:10655000CAF2497100C0153FDCCFD1356042A20DAF
:106560003CAA383310EE103A8C4A70B523F0004440
:1065700086B00546944268D9894A1E4694421BD883
:10658000884A002BDFED887A02EA0302874940F34C
:10659000E5808A4270EE677A64D0DFED856A37EE77
:1065A000E67A77EEC77A77EEE67A012085ED007A13
:1065B000C5ED017A06B070BD7E4A94425FD9B4F150
:1065C000FF4F48D2E215DFED7C6A863AA4EBC25356
:1065D00007EE903ABDEEE77AB8EEC77A77EEC77A63
:1065E0008DED037A67EEA67ABDEEE77AB8EEC77A4C
:1065F00077EEC77A8DED047A67EEA67AF5EE407AEB
:10660000CDED057AF1EE10FA40F0A380B5EE407AB8
:10661000F1EE10FA0CBF01230223684903A801918F
:1066200002210091294600F05FF9002EC2DA95EDB3
:10663000007A4042D5ED017AB1EE477AF1EE677A01
:1066400085ED007AC5ED017AB4E7002285ED000AF8
:1066500042600020AEE770EE407AC0ED017AC0EDF6
:10666000007AF6E79FED567ADFED566A77EEC77A45
:1066700037EEE67A77EEC77A77EEE67A95E700F0BE
:1066800081FDF6EE007ADFED506A9FED476AE0EE9D
:10669000267A9FED477AFDEEE77A17EE900AF8EE3C
:1066A000E76A1F28A6EEC60A66EE877AB1EE666A2A
:1066B0001EDC464B411E464A334052F8212093428D
:1066C00016D030EE677A30EE470A002E85ED007A5C
:1066D00030EE670A85ED010ABFF66CAFB1EE477A7E
:1066E0004042B1EE400A85ED007A85ED010A61E78E
:1066F00030EE677AE21517EE103AC3F3C753C3EBD7
:10670000D453082BDFDDF0EE405A9FED2D7A9FED3C
:106710002D5AE6EE075A70EE657AE6EE077AD6EE67
:10672000857A35EEE77A17EE103AC3F3C753D21ADB
:10673000192A10DDB0EE650A9FED267A9FED265AE4
:10674000A6EE070A75EEC07AE6EE077AD6EE857AEF
:10675000B7E7032361E7B0EE650AB4E78A4270EE5B
:10676000277A0ED0DFED126A37EEA67A77EEC77A77
:1067700077EEA67A4FF0FF3085ED007AC5ED017A0D
:1067800018E79FED0F7ADFED0F6A77EE877A37EE25
:10679000A67A77EEC77A77EEA67AEBE7D80F493F6D
:1067A000E3CB1640F0FFFF7F800FC93FD00FC93FFA
:1067B00043443537800F4943000080434079041833
:1067C0000044353708A3852E84F9223F00FFFF7F60
:1067D000C078041800A3852E32318D24B1EEC00A92
:1067E000704700BF10EE103A23F00043B3F1485F4A
:1067F0002CD2FDEEC07A17EE903A002B60D060EEFE
:10680000007ADFED316A9FED315ADFED315AA7EEA4
:10681000A65A9FED306A9FED307ADFED306AE5EEE3
:10682000275AA7EEA56AA7EE867AE7EE876A67EE93
:10683000A66A60EEC00AB6EE007AB7EE000AE7EE8E
:10684000A60AD7EE870A30EE600A704760EE007A3B
:10685000DFED1D6A9FED1D5ADFED1D5AA7EEA65A0A
:106860009FED1C6A9FED1C7ADFED1C6A1C4A934267
:10687000E5EE275AA5EEA76AA6EE277AE7EE276A85
:1068800066EEA76AD5D9174A934214D803F17F431D
:10689000B7EE006A07EE103A36EE476AF6EE005A97
:1068A00060EEC00A97EEA57AE7EEA60A37EE607AA8
:1068B00036EE470A7047B6EE076AB5EE027AEDE7A4
:1068C000B7EE000A704700BF4ED747ADF6740F31E0
:1068D0007CF293B4010DD037610BB6BAABAA2A3D56
:1068E0009999993E0000483F2DE9F04F0C4611461A
:1068F0001E468146944A771E2DED048BDBB06898C6
:10690000049323460C1D52F82050C0F2A282CA1EE6
:1069100048BF0A1DD21003920132D2000692069A95
:10692000EE190398A1EB0202A0EB070017D4013681
:106930009FED867A1EAC9E460644DDF8A4C1002871
:10694000F0EE477A05DB5CF8203007EE903AF8EE7F
:10695000E77A0130E4EC017AB042F0D17346002DC1
:10696000C0F2D18204981EAC0DF58C7C04EB80063D
:1069700005EB000E4FEA80083C4609EB8000002F33
:10698000DFED727A09DBB346CA46FAEC016A3BEDE9
:10699000017A8245E6EE877AF7D101340436ECECD1
:1069A000017A7445EBD10DF1280A09EB08049FED3B
:1069B000699AAB460AEB8500DFED658A46AE0AEBC5
:1069C00085080438019505901046CDE907315AAB8A
:1069D000BBF1000F03EB8B0313ED140A16DD06EB7E
:1069E0008B03524660EE097A73ED016AB0EE407A8D
:1069F000B342FDEEE77AF8EEE77AA7EEE87A37EEF3
:106A0000A60ABDEEC77AA2EC017AEBD1029000F0A3
:106A1000D9FBF4EE007AB0EE408A20EE270A00F0AF
:106A2000C3FBF2EE007A0298A0EE678A0028FDEE22
:106A3000C89AF8EEE97A38EE678A6CDD0BF1FF351B
:106A4000C0F10803C0F1070119EE90EA5AF82520B9
:106A500042FA03FC0CFA03F3E644D21A09EE90EA78
:106A600042FA01F14AF82520002900F36181B5EED0
:106A7000408AF1EE10FA40F0B780019B9B450BDD98
:106A80000AEB8B03002253F8045D434542EA0502FA
:106A9000F9D1002A40F06C81019B013B5AF8233068
:106AA000002B40F05C81059B012153F8042D01313E
:106AB000002AFAD00BF1010E5944F446049B039AC4
:106AC0005B446FF0404B724406EB8E0E9344699A20
:106AD00002EB8B0B1EAA02EB8305DBED017A002F84
:106AE0000BF1040BF8EEE77AE5EC017ADFED177AAB
:106AF00009DB2A464B46F3EC016A32ED017AA342E8
:106B0000E6EE877AF7D10CF1010CEEEC017A8C45B8
:106B1000E3DD8B465BE740F001810BF1FF335AF870
:106B2000231009120029A2DD19EE903ABBF1000FE3
:106B300003F1010309EE903A40F3E9810025D446C0
:106B4000864602912A4616E0847C04180000000064
:106B5000000080430000803B013541F8040CAB4548
:106B600040F302810B680135C3F1FF030122AB45FD
:106B70004CF8043C0FDD614651F8043B002A40F01C
:106B8000CB800CF1080CC3F58070002BE4D10135EB
:106B90008C46AB45EFDC0299704600280CDD0128DD
:106BA00000F0D480022807D10BF1FF355AF82530C8
:106BB00003F03F034AF8253002297FF458AFB7EEBF
:106BC000000A30EE488A002A3FF451AF0991029042
:106BD00000F0F8FA38EE408A02980999B5EE408A3A
:106BE000F1EE10FA3FF449AF079BB0EE480A019D61
:106BF000029101930899069B0390581A00F0E2FA5B
:106C00005FED2D6AF0EE407A019BB4EEE60A039A3E
:106C1000F1EE10FAC0F247811FED327A0BF1010458
:106C2000083220EE077ABDEEC77AB8EEC77AE7EEF3
:106C3000667ABDEEC77AFDEEE77A17EE901A4AF84B
:106C40002B1017EE101A4AF82410B7EE000A10465F
:106C5000019300F0B7FA002CB0EE407A019BC0F22D
:106C60004881601C46AE5FED456A81000AEB8002F8
:106C700006EB800072ED017AF8EEE77A524567EE96
:106C8000877A27EE267A60ED017AF3D10DF1C80EEE
:106C90000A1F46A8A446F046002687189946002DEC
:106CA000C0F2DC80A84B3846DFEDA87A002201E074
:106CB000B24208DC0132F3EC016AB0EC017A954291
:106CC000E6EE877AF4DA0CF1FF3C0136043FE8EC9B
:106CD000017ABCF1FF3FE2D1689A4B46022A5FDCA1
:106CE000002A00F3BE800ED17144DFED987A31EDB9
:106CF000017A8E4577EE877AF9D1029A0AB1F1EEE0
:106D0000677AC3ED007A19EE903A03F007005BB0A2
:106D1000BDEC048BBDE8F08F8C4624E7F6EE007ADC
:106D2000B4EEE78AF1EE10FA80F2888000219EE648
:106D30007346BBF1000F03F1010309EE903A3FF7F0
:106D4000FDAE01284FF000027FF42CAF0BF1FF35B0
:106D50005AF8253003F07F034AF825302CE70BF171
:106D6000010EF4467146A9E602997046012214E725
:106D70000BF1FF340291019DA0F108025AF8241092
:106D8000079B00297FF461AF6FF0404159440AEB43
:106D9000810151F8040D013C083A0028F9D054E76C
:106DA000689A032AAFD1002C00F0BD800EEB840559
:106DB000A00095ED007A2A46294671ED017AF0EEA1
:106DC000476A37EE277A714577EEC77A81ED007A08
:106DD00077EEA67AC1ED017AEFD1012C00F0A38005
:106DE00095ED007A0EF1040172ED017AF0EE476A3A
:106DF00037EE277A914277EEC77A82ED007A77EE06
:106E0000A67AC2ED017AEFD1021D0EF10801DFED85
:106E10004F7A96443EED017A714577EE877AF9D143
:106E2000029ADDED326A9DED337A002A43D1C3ED3B
:106E3000006A83ED017AC3ED027A64E719EE903AB5
:106E4000BBF1000F03F1010309EE903A4BDD022183
:106E500074E6082206920022039260E5DFED3B7A99
:106E600031E77144DFED397A31ED017A8E4577EE05
:106E7000877AF9D1029A5ABB9DED327AC3ED007A36
:106E800077EE677A64B133A901220132B1EC017A5D
:106E9000944277EE877AF8DA029A0AB1F1EE677ACD
:106EA000C3ED017A2FE7FDEEC07A5C4617EE901A2B
:106EB0004AF82B10C9E6F1EE666AB1EE477AF1EEB8
:106EC000677AC3ED006A83ED017AC3ED027A1AE7AF
:106ED000B1EE677ADDED326A76EEE77A83ED007A1D
:106EE000002CD0D1DAE7F7EE007A022137EEC88A1B
:106EF000BDE5689A022A12DC002A17DC7FF403AF92
:106F0000DFED127AF9E604984FEA80084BE5022992
:106F10007FF4ADADF7EE007A37EEC88AA7E5689A40
:106F2000032A7FF4F0AEDFED097A79E7029A22B9FD
:106F30000022DDED327A1A60B2E74FF00042DDED5B
:106F4000327A1A60AAE700BF587C041800000000DB
:106F500010EE103A23F00043B3F1485F04D2FDEE87
:106F6000C07A17EE903A5BB360EE007A9FED155A47
:106F7000DFED155A9FED156AE7EE855ADFED146ACD
:106F80009FED147A20EE275AA5EEA76AE6EE276A4F
:106F9000A6EEA77A30B9DFED106AE7EE876AA6EEB3
:106FA000850A704727EE457ADFED0C6AB6EE006A77
:106FB000A0EE867AD7EE270AE5EE260A30EE600AC2
:106FC000704700BFD3C92E2F342FD7B21BEF3836EE
:106FD000010D50B98988083CABAA2ABEABAA2A3E4B
:106FE00038B510EE105AF0EE407A25F00044B4F1B6
:106FF000A14F0AD3B4F1FF4F58D8DFED4F7A002DDF
:107000009FED4E7A37FE270A38BD4D4B9C425CD827
:10701000B4F1445F4DD34FF0FF3327EEA76ADFEDA5
:10702000491A9FED492A5A1CDFED485A66EE066A56
:10703000DFED472A9FED473ADFED473AA6EEA12A5A
:107040009FED464AE6EEA52ADFED454A9FED455AFB
:107050009FED457ADFED455AA2EE263AE2EEA63ADA
:10706000A3EE264AE3EEA64AA4EE265AA4EEA67A9A
:10707000E5EE265A27EE267AA5EE867A27EE877A5F
:1070800038D03B49002D3B4A01EB830102EB8303DF
:1070900091ED006AD3ED006A37EE467A37EE677AF3
:1070A00036EEC70AB0DAB1EE400A38BD30EE000A5B
:1070B00038BD9FED317AF7EE006A30EE077AB4EE14
:1070C000E67AF1EE10FAA6DD38BD00F05BF82B4B46
:1070D0009C4212D8A3F5D0039C4223D8F0EE007A4C
:1070E0000023BFEE007AA0EE277A30EE270AC7EE23
:1070F000007A92E737EEC70A38BD214B9C420BD885
:10710000F7EE087A0223B7EE007AA0EE277A30EE87
:10711000670AC0EE077A80E7BFEE007A0323C7EE66
:10712000007A7AE7F7EE007A012330EE677A30EEE4
:10713000270AC7EE007A70E7DB0FC9BFDB0FC93F34
:10714000FFFFDF3ED769853C59DA4B3D21A215BDD3
:107150006BF16EBD356B883D95879DBD6E2EBA3D3A
:10716000388EE3BD2549123ECDCC4CBEABAAAA3E1B
:10717000907C0418A07C0418CAF24971FFFF973F65
:10718000FFFF1B4010EE103A23F0004300EE103AD0
:10719000704700BF10EE103A23F00040B0F1FF4FEF
:1071A000ACBF002001207047BBFE400A704700BF03
:1071B0009FED010A704700BF0000C07FB7EE400A94
:1071C000704700BF82B08DED010A019B33F0004291
:1071D00029D0B2F1FF4F22D213F0FF4F27D19DEDFE
:1071E000017ADFED277A274B67EE277A9842CDEDBB
:1071F000017A39DB019BC3F3C752193A1044FE28C8
:1072000019DDDFED217A9FED217A019BB0EE670A4F
:10721000002B67FE877A27EE800A02B0704730EEB7
:10722000000A02B070479DED010A02B07047D20D0E
:107230001044FE28E5DC00280EDC10F1160F1ADBE6
:10724000193023F0FF439FED120A43EAC05307EEC3
:10725000903A27EE800AE4E723F0FF4343EAC05365
:1072600000EE103A02B07047DFED0A7A9DED017A28
:1072700027EE270AD5E7DFED077A9FED077AC4E707
:107280000000004CB03CFFFFCAF24971CAF249F15C
:10729000000000336042A20D6042A28D10EE102A61
:1072A00032F0004330D0002A134634DBB2F1FF4FF6
:1072B00041DAB2F5000F00B534DB4FF0000EC3F336
:1072C00016016348DB15F7EE007A084401F10F0C54
:1072D0007F3B00F40002734482F07E5203EBD053F4
:1072E0005C480A430CEA000000EE102A30EE670A00
:1072F00020BBB5EE400AF1EE10FA61D1002B40F050
:107300008F809FED550A59E09FED547ADFED527A58
:1073100087EE270A704770EE407A9FED4F7A87EE2E
:10732000870A7047DFED4E7A6FF0180E60EE277A0D
:1073300017EE903AC3E730EE000A7047B0EE007ADD
:1073400006EE103ADFED472AB8EEC63ADFED464AC0
:1073500030EE077ADFED455ADFED453A9FED455AAD
:1073600080EE074ADFED447ADFED446A4448454A3F
:107370000844521A0243002A24EE046A26EE067AD2
:10738000E7EE224AA7EE235AE4EE875AE5EE076AB3
:10739000E5EE877A67EE867AE6EE877A2BDDB6EE43
:1073A000007A20EE077A27EE007A77EE877A67EE8A
:1073B000847A43BB37EE677A30EE470A5DF804FB08
:1073C000F6EE007ADFED306A20EE007AE0EE667AC3
:1073D00027EE277A002BEFD007EE903A9FED2B6A2D
:1073E000DFED2B6AF8EEE77AA7EEC67A37EE400AB1
:1073F00097EEA60AE2E770EE677A67EE847AE3B961
:1074000030EE670ADAE79FED216ADFED216AE3EEED
:10741000067A37EE677A37EE400A93EE260ACDE712
:1074200007EE903A9FED190A9FED197AF8EEE77A88
:1074300027EE800AA7EE870AC0E7DFED146A9FED0A
:10744000147AE3EE667A37EEC00A93EE070AB5E7E0
:1074500020FB4A00F0FF7F0000000000000000CC8D
:107460000000004C9788173E25333A3E2549923E4E
:107470004FD01C3E298E633EABAA2A3FCDCCCC3EDA
:10748000305CCFFF88C23500ABAAAA3ED1F71737D0
:107490008071313F0A4D14461A4603462E680D4648
:1074A00000B5F06885B044B106490095CDE90114F6
:1074B000054900F00DF8F0F7C1FC04490C46F4E76B
:1074C000A42B0800B07C0418C07C0418BC7C0418F1
:1074D0000EB410B583B0074C014605AB206853F8D5
:1074E000042B019302F064F803B0BDE8104003B030
:1074F000704700BFA42B080030B587B0054608468A
:107500001446019101F05EF901AA01230590029051
:10751000CDE903230DB1AB6BA3B1636ED80702D4E1
:10752000A389990518D503AA2846214600F020F81A
:10753000636E0546DA0702D4A3899B0506D5284663
:1075400007B030BD284603F0B1F9E6E7A06DF0F7CB
:107550004FFC284607B030BDA06DF0F72DFCE2E7E8
:10756000024B0A4601461868FFF7C6BFA42B080065
:107570009368002B00F0F980B1F90CC01CF0080FE3
:107580002DE9F04F904683B081460C4631D00B690F
:107590007BB31CF00207D8F8006038D00027D4F87D
:1075A00024B0E169DFF8C4A23D4655452B463A4672
:1075B000484628BF5346C5B1D847002840F3CB8082
:1075C000D8F8083007442D1A1B1AC8F80830002BC9
:1075D00000F0B78055452B46D4F824B03A46E1690F
:1075E00028BF53464846002DE6D1D6E90075083637
:1075F000DBE72146484602F085FF002840F0B080D6
:10760000B4F90CC0D8F800601CF00207C6D11CF019
:10761000010A64D123685746A16818468B46002F9B
:1076200059D01CF4007F00F0B680B9420A4600F23F
:10763000E2801CF4906F30D021695D1A636913EB0E
:10764000430348BF01334FEA630B6B1C3B445A466C
:107650005B4501D99B461A461CF4806F00F0EA8016
:107660001146484600F068F9002800F0F9802A46E3
:1076700021690090D9F79CFAA289009B22F49062BC
:1076800042F08002A2815819C4F814B0ABEB050592
:107690003A46BB462361A56020605146009200F047
:1076A00057FCA16823683D46009AA1EB0B01002717
:1076B0001A44A1602260D8F80830AA445B1BC8F8BD
:1076C0000830002B3DD02368A168B4F90CC01846DF
:1076D0008B46002FA5D1D6E900A708369DE738468E
:1076E000BB463D460097002D41D0002846D0009A69
:1076F000A168AA426369206828BF2A4603EB010AF1
:107700002169884202D9524500F38580934275DC95
:107710005A46E1694846676AB847B0F1000A1ADD7F
:10772000009BB3EB0A0300930FD00120D8F8083078
:10773000D344A5EB0A05A3EB0A03C8F80830002BD5
:10774000D1D1002003B0BDE8F08F2146484603F0B8
:1077500079F80028EAD0B4F90C3043F04003A38153
:107760004FF0FF3003B0BDE8F08F00207047756820
:1077700033460836002DFAD0D3F800B02A460A2145
:10778000584600F099FB002867D00130A0EB0B03AE
:107790001A460093ACE722699A4214D36269BA424E
:1077A00011D86FF00043656AE1694846BB4228BFC3
:1077B0003B4693FBF2F302FB03F35246A847051E38
:1077C000C9DD7F1B77E7B942184628BF39460D4609
:1077D00051462A4600F0BCFBA1682368491B2B4494
:1077E000A16023600029ECD12146484603F02AF825
:1077F0000028E6D0AFE7BB463A464EE7594601922D
:1078000000F0A6FB019AA36892469B1AA360236826
:107810001344236084E75946524600F099FB2368DD
:10782000214648465344236003F00CF800283FF4F7
:1078300077AF90E7484600F0C7FC034600287FF486
:1078400022AF2169484603F007F9B4F90C300C2245
:1078500023F08003C9F800207FE76A1C009247E705
:107860000C22B4F90C30C9F8002076E700FCFF7F49
:10787000B1F90C30F0B50C46990797B007D504F173
:10788000430301222360C4E9043217B0F0BDB4F908
:107890000E10054600292EDB6A4603F0DBF90028AE
:1078A00027DB019E4FF48067284606F47046394670
:1078B000A6F50056B6FA86F6760900F03DF840B314
:1078C000A3891C4A43F08003EA63A3812060C4E9D2
:1078D0000407002ED9D0B4F90E10284603F0F4F9AD
:1078E0000028D2D0A38923F0030343F00103A3812E
:1078F000CBE7B4F90C3013F0800F28464FF00006A8
:107900000CBF4FF480674027394600F015F8002877
:10791000D6D1B4F90C309A05B7D423F0030304F19F
:107920004302012143F002032260C4E90421A38140
:10793000ABE700BFA1A8021801F10B03162B2DE93C
:10794000F04F054683B023D8102900F2AD8000F037
:10795000D3FB102418220220BF4E32445768A2F1F4
:1079600008018F4200F00B817A68284622F003025A
:107970003A445368D7E9024143F001030837E16014
:107980008C60536000F0BEFB384603B0BDE8F08F5A
:10799000002B23F00704C0F28780A14200F284800C
:1079A00000F0AAFBB4F5FC7FC0F04581630A7FD0EC
:1079B000042B00F20B81A30903F1390003F1380C09
:1079C000C300A54E3344A3F108075B689F4206D16C
:1079D0000CE0002980F2C180DB689F4206D05A6823
:1079E00022F00302111B0F29F3DD6046DFF87482D9
:1079F0003369434500F09D805A6822F0030CACEBDC
:107A000004020F2A00F33281002AC6E9048880F2BA
:107A10001681BCF5007FD6F804E080F0B6804FEA0E
:107A2000DC0201214FEA5C1C013201FA0CF156F82C
:107A300032704EEA010E06EBC2010839C6F804E0C6
:107A4000C3E9027146F83230FB6083104FF0010C3D
:107A50000CFA03FCF44531D81CEA0E0F07D120F0D4
:107A600003004FEA4C0C04301CEA0E0FF9D006EB71
:107A7000C00A8146D646DEF80C200BE0516813465A
:107A8000D26821F003010F1B0F2F00F3AC80002FF1
:107A900080F2C3809645F1D109F101090EF1080E7B
:107AA00019F0030FE7D129E10C232B6000276BE7C6
:107AB0004FF4007340204FF03F0C82E7B7687B68BB
:107AC00023F00309A9EB04030F2B01DDA14533D2F9
:107AD000624A634B11681B68013104EB030807EB32
:107AE000090300F0718141F20F014144DFF8788110
:107AF00001EA080841462846009300F01DFDB0F158
:107B0000FF3F8246009B554A05D0834240F2CA801F
:107B1000B74200F00C81B7687B6823F00308A8EB3C
:107B200004030F2B01DDA04506D2284600F0EAFA37
:107B3000BCE7D6F804E088E7391944F0010443F0C3
:107B40000103083747F8044C2846B1604B6000F049
:107B5000D9FA384603B0BDE8F08F1A4403F108079C
:107B60002846D3E902615368F16043F001038E6057
:107B7000536000F0C7FA384603B0BDE8F08FD7680D
:107B8000BA427FF4F1AE023030E7BCF5206F4FEA25
:107B90005C21C0F08080142900F2328101F15C0286
:107BA0005B31D200B718B258083F974203D10EE1BB
:107BB0009268974204D0516821F003016145F7D8DB
:107BC000D768C3E90227BB60D3603EE7142B40F2BD
:107BD0008A80542B00F21D81230B03F16F0003F107
:107BE0006E0CC300EDE6D3F808C028461D1944F01A
:107BF00001045C60CCF80C20C2F808C047F0010218
:107C0000C6E90455C5F80880C5F80C806A605F5065
:107C100003F1080700F076FAB6E619441F46284635
:107C20004B6843F001034B6057F8083FDA609360FC
:107C300000F068FAA8E6E00804F108028CE69C442B
:107C400003F108072846DCF8043043F00103CCF8C0
:107C5000043000F057FA97E678210800A82B0800B6
:107C60009C7B08008021080000F0FFFF191944F0F8
:107C70000104284603F108075C6042F00104C6E9EC
:107C80000411C1F80880C1F80C804C6043F80C2046
:107C900000F038FA78E64FEA9C1101F139023831E8
:107CA000D2007FE7DFF80CB2DBF800104144084651
:107CB000CBF8001042D1CAF30B0CBCF1000F3DD140
:107CC000C844D6F808A048F00103CAF80430774A3F
:107CD00057461068884238BF1160754A106888425C
:107CE00038BF116019E703F15C0003F15B0CC300BE
:107CF00067E65AF80839534540F0D68010F0030F74
:107D000000F1FF30F5D1736823EA0C0373604FEA8A
:107D10004C0C0CF1FF329A4204D3CFE64FEA4C0CE4
:107D200009F104091CEA030FF8D048469FE6DFF882
:107D300084B1DBF800004044CBF800001168013149
:107D400071D0AAEB03030344CBF800301AF0070309
:107D500047D0C3F1080228460093924441F208023A
:107D6000D044D21AA2EB0801C1F30B01019100F03B
:107D7000E3FB421C009B72D0A0EB0A00019900EBD0
:107D80000108DBF8002048F00103B742C6F808A05C
:107D90001144CAF80430CBF8001098D0B9F10F0F95
:107DA00044D97A68A9F10C03052023F0070302F0F7
:107DB00001021A430F2B7A6007EB030250609060B8
:107DC00053D8DAF8043082E708F1100892E68910F7
:107DD0004FF0010C0CFA01F14EEA010EC6F804E076
:107DE000EFE60AEB0801284600934942C1F30B0174
:107DF000019100F0A1FB431C009BBDD11946C0E7D7
:107E0000542917D84FEA1C3101F16F026E31D200AC
:107E1000C8E6B3F5AA7F17D8E30B03F1780003F1A6
:107E2000770CC300CDE5C2F800A08FE70123CAF8A4
:107E300004307AE6B1F5AA7F21D84FEADC3101F1AE
:107E400078027731D200ADE640F25452934221D805
:107E5000A30C03F17D0003F17C0CC300B1E5083BEA
:107E600000219844A8EB0A088BE707F1080128468F
:107E700002F0F2FDD6F808A0DBF80010A1E740F20E
:107E8000545291420CD84FEA9C4101F17D027C3161
:107E9000D20087E64FF47E737F204FF07E0C90E592
:107EA0004FF47E727E217DE6736830E7987B080090
:107EB000947B08006C7B08005FFA81FC810744D04A
:107EC0000346511E22B909E09A0709D0013905D3AA
:107ED0001846013302786245F6D17047002070479A
:107EE000184603290CD80029F8D00346014401E0C4
:107EF0008B42F3D0184613F8012B6245F8D1ECE71A
:107F000010B50CEB0C24024604EB044402E00439E7
:107F1000032918D9104652F8043B6340A3F1013EEF
:107F20002EEA030313F0803FF1D051B10346014420
:107F300001E08B4205D0184613F8012B6245F8D1B9
:107F400010BD002010BD1046EFE71146C9E700BF85
:107F500088420ED98B1883420BD900EB020C002A01
:107F60006ED0624613F801CD994202F801CDF9D1E5
:107F700070470F2A0FD8034602F1FF3C002A5FD05A
:107F80000CF1010C013B8C4411F8012B614503F805
:107F9000012FF9D1704740EA01039B0751D1A2F1AB
:107FA000100301F1200C70B523F00F0501F1100E44
:107FB00000F110041B09AC445EF8105C0EF1100EC9
:107FC000103444F8205C5EF81C5C44F81C5C5EF8DD
:107FD000185C44F8185C5EF8145CE64544F8145CE0
:107FE000EAD1013312F00C0F02F00F0C01EB031178
:107FF00000EB031329D0ACF1040C1C1F8E462CF0AF
:1080000003064FEA9C0C1E445EF8045B44F8045FD0
:10801000B442F9D10CF1010402F0030203EB840332
:1080200001EB840102F1FF3C4AB10CF1010C013B70
:108030008C4411F8012B614503F8012FF9D170BD73
:10804000704702F1FF3C03469AE76246EAE700BF49
:1080500070B586074AD0541E002A41D0CAB20346E2
:1080600001E0013C3CD303F8012B9D07F9D1032C1F
:108070002FD9CDB20F2C05EB052505EB054538D9D9
:10808000A4F1100C03F1100E1A462CF00F064FEA63
:108090001C1CB6441560103242F80C5C42F8085CB7
:1080A00042F8045C7245F5D10CF1010214F00C0F9A
:1080B00004F00F0C03EB021213D0ACF1040323F015
:1080C00003030433134442F8045B9A42FBD10CF0DF
:1080D00003042CB1C9B21C4403F8011B9C42FBD120
:1080E00070BD64461346002CF4D1F9E703461446EC
:1080F000BDE71A46A446E0E70148EFF75DBE00BFC2
:10810000902D08000148EFF773BE00BF902D0800C6
:108110000FB4084900B583B0086804AB816853F810
:10812000042B0193DFF7E8F803B05DF804EB04B02B
:10813000704700BFA42B080030B5044689B008463C
:108140000D4600F03FFB1B4B01220495069304AB48
:108150008118079201930222A36BA5680590CDE9CF
:108160000221C3B16B6ED80702D4AB8999051CD527
:10817000204601AA2946FFF7FBF96B6E00280CBFC9
:108180000A244FF0FF34DA0702D4AB899B0506D5E9
:10819000204609B030BD204602F088FBE2E7A86D1A
:1081A000EFF726FE204609B030BDA86DEFF704FEBC
:1081B000DEE700BFF47D0418024B01461868FFF7A4
:1081C000BBBF00BFA42B08002DE9F04F164683B0BB
:1081D000002900F09E800C4606F10B058046FFF753
:1081E0008BFF54F8040C162DA4F1080920F00307A6
:1081F00062D8102200231546B542C0F0A280002BA1
:1082000040F09F80974261DADFF828B309EB07015D
:10821000DBF80830D1F804C08B4200F097802CF0D6
:1082200001030B445B68DB0768D42CF0030C07EBFD
:108230000C03934245DAC00712D454F8083CA9EB6A
:10824000030ADAF8043023F0030084440CEB070B34
:108250005A4540F3FE8007EB000B5A4540F3D480AB
:1082600031464046FFF768FB0646002800F02981AA
:1082700054F8043CA0F1080223F001034B4493425C
:1082800000F0B1803A1F242A00F2DF80132A00F2A6
:10829000B08003462246116819605168596092689F
:1082A0009A602146404602F0D7FB4046FFF72AFF7E
:1082B000304603B0BDE8F08F25F007052A46EB0FE6
:1082C0009AE71F46D1E90223D3609A60781BD9F858
:1082D000043009EB07020F2803F001031FD83B43CA
:1082E000C9F80430536843F0010353604046264602
:1082F000FFF708FF304603B0BDE8F08FC107AFD4E9
:1083000054F8083CA9EB030ADAF8043023F0030020
:10831000A1E7114603B0BDE8F04FFFF70DBB2B43BB
:1083200009EB050140F00100C9F80430083141F8BB
:10833000040C4046536843F00103536002F08CFB89
:10834000D4E70C23C8F800300026D3E72CF0030C48
:1083500005F110010CEB07038B4280F29280C307FA
:108360003FF57EAF54F8083CA9EB030ADAF8043075
:1083700023F0030084440CEB070399423FF76BAFF3
:108380003A1F5646DAF80C1056F8080F242AC16036
:10839000886000F2B080132A40F2AB8021681B2A6B
:1083A000CAF808106168CAF80C1000F2AB800834F3
:1083B0000AF110022168116061685160A168916042
:1083C0005B1B0AEB0502404643F00103CBF8082093
:1083D0005360DAF8043003F001032B43CAF8043089
:1083E000FFF790FE86E750F8043C23F003031F4498
:1083F0006CE723681B2A03606368436036D804F186
:10840000080200F1080346E73A1F5646DAF80C3036
:10841000242A56F8081FCB60996022D8132A1ED947
:1084200023681B2ACAF808306368CAF80C303CD8A5
:1084300008340AF1100322681A6062685A60A26860
:108440009A6034465F46D14640E72146FFF780FDFB
:1084500027E7D1E902133A1FCB609960D5E733468D
:10846000E9E721463046FFF773FDEAE7A368242ACF
:108470008360E368C36028D004F1100200F11003A8
:1084800009E75B1B09EB05024046264643F0010362
:10849000CBF80820536054F8043C03F001032B434D
:1084A00044F8043CFFF72EFE24E7A368242ACAF808
:1084B0001030E368CAF8143010D010340AF11803F1
:1084C000B9E74046FFF71EFE3EE7236904F11802B4
:1084D00003616369436100F11803DCE62369183422
:1084E000CAF8183054F8043CCAF81C300AF12003CA
:1084F000A1E732465EE7214630460193FFF728FDAB
:10850000019B5DE7A168242ACAF81010E168CAF847
:10851000141003D010340AF118024BE72269183402
:10852000CAF8182054F8042CCAF81C200AF12002BA
:1085300040E700BF7821080038B50022064D044608
:1085400008462A60EFF7DEFB431C00D038BD2B68DD
:10855000002BFBD0236038BDA07B08000CB40029A1
:108560001F4B10B51C689CB035DB4FF402730290B2
:108570000690ADF814301FAB18D001394FF6FF70DC
:108580001E9A0491079102A9ADF8160020460193A6
:1085900000F050FA421C01DA8B232360029B002278
:1085A0001A701CB0BDE8104002B070474FF6FF7063
:1085B0000491079102A9ADF8160020461E9A019376
:1085C00000F038FA431C01DA8B2323601CB0BDE8AD
:1085D000104002B070478B234FF0FF302360F5E767
:1085E000A42B08000EB430B59CB001460C4D6FF0C2
:1085F00000441FAB029106910A4953F8042B0591E0
:1086000002A92868019304940794DDF7A9F9029B55
:1086100000221A701CB0BDE8304003B0704700BFA4
:10862000A42B08000802FFFF10B50C46B1F90E108C
:1086300002F02CFF002803DB236D0344236510BDEB
:10864000A38923F48053A38110BD00BF2DE9F0411D
:108650000C46B1F90C101F460546CB0516460BD447
:1086600021F480513B4632462846A181B4F90E10D0
:10867000BDE8F04101F030BFB4F90E100223002232
:1086800002F038FBB4F90C10EAE700BF10B50C4655
:10869000B1F90E1002F02EFB421CB4F90C3004D0DC
:1086A00043F480532065A38110BD23F48053A3813C
:1086B00010BD00BFB1F90E1001F086BF11F0FF012F
:1086C000034600F0030239D08ABB10B501EB012E3E
:1086D00002684EEA0E4EA2F101338EEA020423EA4A
:1086E0000203A4F1013222EA0402134313F0803F93
:1086F0000FD150F8044F84EA0E0CA4F10133ACF111
:10870000013223EA040322EA0C02134313F0803FF0
:10871000EFD0037823B936E010F8013F002B32D0B8
:108720009942F9D110BD8A4228D09A0729D01A78E7
:1087300018460133002AF6D110467047CAB90268BC
:10874000A2F1013323EA020313F0803F08D150F86D
:10875000042FA2F1013323EA020313F0803FF6D085
:1087600003785BB110F8013F002BFBD170479907EC
:1087700005D0184613F8012B002AF8D17047184687
:10878000DDE71846A1E7184610BD00BF70B50546E5
:10879000084616460C4600F015F8421CB2420FD8A7
:1087A000AC4204D8A3189D420AD3AC4202D1AB1804
:1087B0009C4205D321462846BDE87040D8F7F8B959
:1087C000EFF72EFB20F0030110F00300C0F10000D2
:1087D00051F8043B00F1040C4FEACC0C6FF000029E
:1087E0001CBF22FA0CF213434FF0010C4CEA0C2C84
:1087F0004CEA0C4CA3EB0C0222EA030212EACC1264
:1088000004BF51F8043B0430F4D0C2F1000102EA85
:108810000102B2FA82F2C2F11F0200EBD2007047ED
:1088200022B310B584188646114A04E01B1A1BD1E6
:10883000B8B1A64516D01EF8013B11F8010B12F88D
:1088400003C00CF0030CBCF1010F12F800C00CF0D7
:10885000030C08BF2033BCF1010FE7D12030181AF8
:10886000E7D010BD002010BD184610BD104670475F
:10887000F17C041840EA01039B0710B501D1032ADB
:1088800017D8844601F1FF3E07E01EF8011F541E71
:1088900003F8011B29B122469C466346002AF4D105
:1088A00010BD002CFCD0944403F8011B6345FBD1A0
:1088B00010BD8E468446DEF8004071460EF1040E6F
:1088C000A4F1013323EA040313F0803FDAD1043A20
:1088D0004CF8044B032AEED87146D3E79A4208B508
:1088E0000DD8814204D88B18984208D3814202D116
:1088F0008318994203D3BDE80840FFF7BBBFEFF7E9
:108900008FFA00BF71B1034600EB010C01E0634533
:1089100006D01A46013311780029F8D1101A704791
:10892000181A70470846704793682DE9F04F924631
:1089300083B01768002B75D04FF0000B81460C46B2
:108940008B680A685D4647E0B4F90C3013F4906F09
:108950002ED0D4E9041616EB4606A2EB010848BF58
:10896000013608F1010076102844B042324601D9A0
:10897000064602465B0539D511464846FEF7DCFF40
:10898000019000283CD042462169D8F711F9A2890C
:10899000019B22F4906242F08002A281A6EB0802C1
:1089A00003EB08006661A8462E46A26023612060A2
:1089B00032465946FFF7CCFADAF80810A368226865
:1089C000491BA3EB08033244A3602260CAF80810D5
:1089D00041B3D7E900B5083798461046002DF8D0C6
:1089E0009D421E46B0D2A8462E46E1E74846FFF714
:1089F000EBFB03460028D1D12169484602F02CF850
:108A0000A3890C224FF0FF3043F04003C9F8002047
:108A10000022A3810023CAF80820CAF8043003B05A
:108A2000BDE8F08F00200023CAF8043003B0BDE891
:108A3000F08F00BF2DE9F04FBDB0934606938B89B0
:108A400002911C06079003D50B69002B00F0968459
:108A500013AB0DF14C0A10930023CDE911330993A8
:108A600005930893CDE90A339BF800305C46252B2B
:108A70001AD0CBB1254614F8013F0BB1252BF9D103
:108A8000B4EB0B0610D0129B33441293119B0133AD
:108A9000072B1193CAE900B600F318810AF1080AFE
:108AA000059B334405936B78002B00F018814FF041
:108AB00000034FF0FF3204F1010B61788DF83B3079
:108AC00000230092994604930BF1010BA1F12003BE
:108AD0005A2B00F21181DFE813F053020F010F014E
:108AE0004E020F010F010F016A000F010F01430237
:108AF0003D020F01F40024020F011F025B005B0026
:108B00005B005B005B005B005B005B005B000F01D8
:108B10000F010F010F010F010F010F010F010F01D5
:108B2000BC0186000F010F010F010F010F010F01A2
:108B30000F010F010F010F01BA000F010F010F010B
:108B4000A0010F017C020F010F0117040F010F019B
:108B50000F010F010F010F010F010F010F010F0195
:108B6000BC0188000F010F010F0174028800810011
:108B70000F016C020F015E02BC00ED0181000F01CC
:108B8000A0017E0015040F010F0135040F017E00C6
:108B9000A1F13003002202EB82021BF8011B03EB60
:108BA0004202A1F13003092BF5D904928EE7079D0B
:108BB000284602F09BF8436818460A93FFF702FE26
:108BC0000B900446284602F091F88368099314B18B
:108BD000002B40F08C839BF8001075E749F02009CA
:108BE0009BF8001070E749F0100919F0200F00F011
:108BF0000581069B073323F007031A46596852F88C
:108C0000083B06920A460029C0F23A8100990131D8
:108C100000F04181009929F08009002940F03B8152
:108C200053EA020114BF0121002140F034819DF874
:108C30003B303CAC00910391009A03998A42B8BF43
:108C40000A460192002B64D00132019261E049F0A2
:108C5000100919F0200200F0C280069B073323F0B0
:108C6000070319465A6851F8083B069100980021FD
:108C700029F4806901308DF83B1040F01C833CAC36
:108C800003F00701DB08204643EA42733031D20883
:108C900004F8011D53EA0205F2D1302903D019F07E
:108CA000010F40F01B833CAB1B1B0393009B039AFB
:108CB0009342B8BF134601932BE0049A06935242A5
:108CC000049249F004099BF80010FDE610AA0299ED
:108CD0000798FFF729FE30B90DF14C0AE0E6129B28
:108CE000002B40F01A84029B9B895B0600F13E84B6
:108CF00005983DB0BDE8F08F0029F0D0002323ACEB
:108D00008DF88C108DF83B300123019303930023E1
:108D1000009319F0020302D0019A0232019219F075
:108D20008406DDE9112105D10498019D451B002D24
:108D300000F3F3819DF83B0080B101320DF13B005F
:108D40000131CAF80000072A4FF00100CDE91121D6
:108D5000CAF8040000F31A820AF1080A7BB1013252
:108D60000FAB0231CAF80030072A4FF00203CDE9F9
:108D70001121CAF8043000F31F820AF1080A802E7C
:108D800000F03F81009B03981D1A002D00F37881AD
:108D9000039B0132CAF800401944072ACAF804307C
:108DA000CDE9112100F3A4810AF1080A19F0040F9A
:108DB00005D0049B019A9C1A002C00F32182019893
:108DC000DDE904238242ACBF9B181B1805930029E0
:108DD00040F09A8100230DF14C0A119344E6069964
:108DE00051F8043B069119F010017FF43FAF19F0E0
:108DF000400000F06D839BB20A4637E7069A19F0EF
:108E0000100F52F8043B069235D119F0400F2ED0C6
:108E100043F3C0321BB21146F5E6069D0026009BC7
:108E200055F8044B8DF83B60002C00F042835A1C2F
:108E300000F09B821A4631462046FFF73DF8002895
:108E400000F08583031B0695009603939DF83B3045
:108E5000F2E6069B002223AC8DF83B2053F8042B4E
:108E6000069301238DF88C20019303934FE719F4A7
:108E7000007F40F04783DA1711460029BFF6C6AEDF
:108E80002D215B428DF83B1062EB420200990131CB
:108E900001D029F080090A2B72F1000180F08B8249
:108EA000303301220DF1EF048DF8EF3003929DF87D
:108EB0003B30C1E6069A47F63003BC4949F0020050
:108EC000ADF83C3052F8043B0891069200224FF076
:108ED00000018DF83B100099013100F081810221E1
:108EE00053EA020420F0800940F07381009D2C1E9B
:108EF00018BF0124002D40F06C81002940F0B8819A
:108F000010F001030091039300F0B78130230DF1BD
:108F1000EF048DF8EF30C9E649F080099BF80010A6
:108F2000D2E55A4612F8011B2A2900F02483A1F148
:108F300030039346092B00F21283002202EB8202D7
:108F40001BF8011B03EB4202A1F13003092BF5D9F9
:108F50000092BBE52B239BF800108DF83B30B3E566
:108F6000069B53F8042B002A0492FFF6A6AE9BF84A
:108F700000100693A8E549F001099BF80010A3E54D
:108F80009DF83B309BF80010002B7FF49DAD202313
:108F90008DF83B3098E519F0200F00F08E81069B8C
:108FA000059A1B681A60D2175A60069B0433069311
:108FB0005AE59BF800106C2900F06E8249F0100908
:108FC00082E59BF80010682900F05E8249F04009B4
:108FD0007AE549F0100010F0200200F05081069B65
:108FE000073323F0070319465A6851F8083B0691E6
:108FF00000218DF83B100099013100F0A68201217B
:109000006EE7049B01981D1A002D7FF7BBAE102D53
:10901000674F22DD0C941026DDF81C80029C02E0D4
:10902000103D102D18DD01321031072ACAE90076F3
:10903000CDE911210AF1080AF2DD10AA21464046C5
:109040000DF14C0AFFF770FC00287FF44CAE103D88
:10905000102DDDE91121E6DC0C9C01322944CAF80F
:109060000070072ACAF80450CDE9112100F3FF81EE
:10907000009B0AF1080A03981D1A002D7FF788AE9D
:10908000102D4B4F26DD2B464FF010082546079E2E
:109090001C4602E0103C102C19DD01321031444B0B
:1090A000072ACAE90038CDE911210AF1080AF1DDE1
:1090B00010AA029930460DF14C0AFFF735FC002842
:1090C0007FF411AE103C102CDDE91121E5DC2346C4
:1090D0002C461D4601322944CAF80070072ACAF8F6
:1090E0000450CDE9112100F3D9800AF1080A4FE6B6
:1090F00010AA02990798FFF717FC00287FF4F3AD38
:1091000012990DF14C0A51E610AA02990798FFF73F
:109110000BFC00283FF45EAEE5E5102D254F27DD62
:109120004FF01008CDE90C363E462746079C02E07A
:10913000103D102D18DD01321031072ACAE90068F0
:10914000CDE911210AF1080AF2DD10AA02992046A0
:109150000DF14C0AFFF7E8FB00287FF4C4AD103D89
:10916000102DDDE91121E6DC3C460C9B37460D9EB7
:1091700001322944CAF80070072ACAF80450CDE920
:10918000112100F309810AF1080AD3E510AA029916
:1091900007980C93FFF7C8FB00287FF4A4AD0DF1EE
:1091A0004C0A0C9BDDE91121D8E500BF0C7E0418A8
:1091B000287E0418387E041810AA02990798FFF731
:1091C000B3FB00287FF48FAD0DF14C0ADDE91121CE
:1091D000D5E501293FF45FAE02297FF450AD484642
:1091E0003CAC089D03F00F011B09695C43EA027364
:1091F000120904F8011D53EA0201F3D1814652E538
:10920000102C119BBA4F20DD1025079EDDF8088039
:1092100002E0103C102C18DD01331031072BCAE995
:109220000075CDE911310AF1080AF2DD10AA4146B4
:1092300030460DF14C0AFFF777FB00287FF453AD61
:10924000103C102CDDE91131E6DC01332144072B01
:10925000CAE90074CDE911317FF7B1AD10AA0299C6
:109260000798FFF761FB00287FF43DAD1299A6E552
:10927000234600943CAC039318E53CAC16E50699F4
:1092800051F8043B069110F010017FF4B1AE10F0DC
:10929000400400F025819BB20A46A9E610AA029973
:1092A0000798FFF741FB00287FF41DAD0DF14C0A34
:1092B000DDE911216CE5484612E619F0100F40F087
:1092C000F38019F0400F40F0238119F4007F00F083
:1092D000EB80069B059A1B681A7066E630230238FD
:1092E00004F8013C3CAB04461B1A0393DEE4099BE3
:1092F0009BF800101B78002B3FF4E6AB49F4806923
:10930000FFF7E2BB484666E67A4B19F02002089365
:109310001DD0069B073323F0070318465A6850F800
:10932000083B069053EA020009D019F0010F06D05D
:109330008DF83D1049F0020930218DF83C1029F4D8
:109340008060C4E56C4B19F020020893E1D10698C7
:1093500050F8043B069019F01000E3D119F04004D6
:1093600000F0AF809BB20246DCE7204606950096EF
:10937000FFF728FA9DF83B3003905DE44021FEF7AB
:10938000DBFA029B18601861002800F0EC80402393
:10939000029A5361FFF75CBB10AA029907980C93DD
:1093A000FFF7C2FA00287FF49EAC0DF14C0A0C9B2B
:1093B000DDE91121BEE409F480619846CDF80C90F6
:1093C0004FF0000E0DF1F00C4C4FDDF824900B46E1
:1093D000CDF804A007E0B8F10A0F72F1000239D30A
:1093E000B0462A46A44618EB02004FF0050A0EF1DB
:1093F000010E0CF1FF3440F10000A7FB001525F031
:10940000030101EB95014FF0CC35401AB8EB000198
:1094100062F1000605FB01F507FB0655A1FB07619C
:109420000D4406F001017608A1FB0A1A46EAC5764A
:1094300009186D0830310CF8011C002BCBD099F8BD
:109440000010FF29C7D07145C5D1B8F10A0F72F1DC
:10945000000269D23CABCDF82490DDF804A01B1BC0
:10946000DDF80C9003939DF83B30FFF7E5BB10AAA5
:1094700002990798FFF758FA00287FF434AC0DF1F1
:109480004C0ADDE911217DE49BF8011049F40079D3
:109490000BF1010BFFF718BB9BF8011049F02009F5
:1094A0000BF1010BFFF710BB069B059A1B681A60B6
:1094B0007BE5062B124C069528BF062303930193E8
:1094C00025E419F400723FF42DAFDBB2224629E700
:1094D00019F400723FF4CAABDBB20246FFF7C6BB19
:1094E00010F400723FF484ADDBB2224680E500BF89
:1094F000387E0418F87D04180C7E0418CDCCCCCC32
:10950000207E041843F3C0125BB21146FFF77BBB09
:10951000069B059A1B681A8047E510AA02990798CE
:10952000FFF702FAFFF7DFBB09930B9B0A99E41AD6
:109530001A462046FFF79EF999F80120099B0AB1C7
:1095400009F101094FF0000E4AE78146A3E4009BB0
:109550000695039300909DF83B30FFF76DBB002309
:109560000093FFF7B3BA0C23079A13604FF0FF3351
:109570000593FFF7BDBB069B9BF80110934653F87C
:10958000042B42EAE27206930092FFF79DBA00BFF5
:10959000936810B514461BB918460023636010BDCC
:1095A000FDF7E6FF0023A3600023636010BD00BF4A
:1095B0002DE9F04FBDB01C469146049107930590EC
:1095C00018B1836B002B00F08882049A536EB2F9B5
:1095D0000C20DB0702D4970540F14385160740F1C4
:1095E0000F81049B1B69002B00F00A8102F01A0313
:1095F0000A2B00F0148113AB0DF14C0A10930023D9
:10960000CDE9113309930A930693CDE90C3399F808
:1096100000304C46DBB1252B19D0254614F8013F0C
:109620000BB1252BF9D1B4EB090610D0119B129A7E
:1096300001333244072B11931292CAE9009600F3CA
:1096400048810AF1080A069B334406936B78002B85
:1096500000F009864FF000034FF0000B04F1010900
:1096600061784FF0FF388DF83B30CDF804B009F148
:109670000109A1F120035A2B00F24881DFE813F021
:10968000EA0246014601E3024601460146016A003C
:1096900046014601D802D20246012201B902460122
:1096A000B2025B005B005B005B005B005B005B0089
:1096B0005B005B004601460146014601460146014A
:1096C0004601460146011F02880046014601460147
:1096D0004601460146014601460146014601E400B5
:1096E0004601460146010302460156024601460173
:1096F000FB0446014601460146014601460146017A
:109700004601460146011F028C0046014601460102
:10971000F5028C0081004601FF024601A402E80028
:109720008C028100460103027E00F90446014601D5
:109730001C0546017E00A1F130034FF0000B0BEB3E
:109740008B0B19F8011B03EB4B0BA1F13003092B19
:10975000F5D98EE7059D284601F0C8FA43681846FA
:109760000C93FFF72FF80D900446284601F0BEFA3F
:1097700083680A9314B1002B40F0558499F80010C7
:1097800075E7019B99F8001043F0200301936EE701
:10979000019B43F010030193019B9F0640F16481FC
:1097A000079B073323F007031A46596852F8083B12
:1097B00007920A460029C0F29C81B8F1FF3F00F0F1
:1097C000A681019921F080010191B8F1000F40F0CC
:1097D0009E8153EA020114BF0121002140F09781CC
:1097E00088469DF83B303CAD0391039A4245B8BF93
:1097F00042460292002B00F097800132029293E0E1
:10980000049D0598294600F07DFE002840F08885DB
:10981000B5F90C2002F01A030A2B7FF4ECAE049980
:10982000B1F90E30002BFFF6E6AE4B6ED80702D42E
:10983000930540F1518523464A46DDE904103DB0C9
:10984000BDE8F04F00F090BD019B43F01003019381
:10985000019B13F0200200F0F680079B073323F0F2
:10986000070319465A6851F8083B07910199B8F166
:10987000FF3F21F4806101914FF000018DF83B1012
:1098800040F0B6833CAD03F00701DB08284643EA0D
:1098900042733031D20805F8011D53EA0204F2D1B7
:1098A000302903D0019BDE0700F1B4833CAB5B1B86
:1098B0000393039B4345B8BF4346029334E0CBF187
:1098C000000B0793019B99F8001043F004030193E8
:1098D000CDE61AB911920DF14C0AB4E610AADDE9F1
:1098E0000410FDF745FE0023CDE911330028F2D026
:1098F000049B5A6EB3F90C30D00740F19A805A0697
:1099000000F11A8506983DB0BDE8F08F002900F0FF
:10991000AA84002323AD8DF88C108DF83B300123F1
:10992000029303934FF00008019B13F0020602D04C
:10993000029B02330293019BDDE9112013F08403A3
:1099400002F1010108938C4605D1029BABEB0304A5
:10995000002C00F3B7829DF83B10002900F0AF8186
:109960000DF13B020130BCF1070FCAF800204FF0A7
:109970000102CDE911C0CAF8042040F39B8148B12F
:1099800010AADDE90410FDF7F3FD0022CDE9112254
:109990000028ADD1002E00F0A68102200FAB4FF0C1
:1099A000010C0DF14C0A1490139362460AF1080A57
:1099B0000CF1010C089B802B00F09F81039BA8EB0E
:1099C0000307002F00F31D82039BBCF1070FCAF8A9
:1099D00000501844CAF80430CDE911C040F3D981D1
:1099E000002840F063821190019B5B0740F13F82A9
:1099F000029B0DF14C0A1298ABEB0304002C00F310
:109A0000D481069B029A9345ACBF5B449B18069396
:109A100050B110AADDE90410FDF7AAFD0023CDE93D
:109A2000113300287FF464AF00230DF14C0A119329
:109A3000EDE599053FF563AF049CA06DEEF7D8F90D
:109A4000B4F90C305BE7079951F8043B0791019991
:109A500011F010017FF40AAF019A12F0400000F0FB
:109A600018849BB20A4601E7079A52F8043B079212
:109A7000019AD60638D4019A550631D543F3C0323F
:109A80001BB2114696E6079C002654F8045B8DF83D
:109A90003B60002D00F0DD83B8F1FF3F00F046830E
:109AA000424631462846FEF707FA002800F01B849C
:109AB000431BB046079403939DF83B3095E6079B04
:109AC000002223AD8DF83B2053F8042B079301238C
:109AD0008DF88C200293039324E700F0E7FE74E5F1
:109AE000019A940500F1ED83DA1711460029BFF6BB
:109AF00064AE5B424FF02D0162EB4202B8F1FF3FD2
:109B00008DF83B1003D0019921F0800101910A2BBF
:109B100072F1000180F02683303301220DF1EF0550
:109B20008DF8EF3003929DF83B305EE6019B43F0E9
:109B3000100010F0200200F04C82079B073323F046
:109B4000070319465A6851F8083B07910021B8F1FC
:109B5000FF3F8DF83B1000F0C483012120F080040A
:109B6000019453EA020440F0F881B8F1000418BFF0
:109B70000124B8F1000F40F0F081002940F0048288
:109B800010F001038846039300F00E8230230DF19C
:109B9000EF058DF8EF308CE6019B079A43F0020049
:109BA00047F63003BE49ADF83C3052F8043B09910A
:109BB000079200224FF00001B8F1FF3F8DF83B10F3
:109BC00000F0D2810221C9E7019B980640F138825A
:109BD000079B069A1B681A60D2175A60079B0433CA
:109BE000079314E5019B99F8001043F0800301935B
:109BF0003DE54A4612F8011B2A2900F0A283A1F193
:109C0000300391464FF00008092B3FF632AD08EBC8
:109C1000880819F8011B03EB4808A1F13003092B50
:109C2000F5D926E52B2399F800108DF83B301EE579
:109C3000079B53F804BBBBF1000FFFF640AE99F849
:109C40000010079313E5019B99F8001043F00103FE
:109C500001930CE59DF83B3099F80010002B7FF440
:109C600006AD20238DF83B3001E599F80010019BEB
:109C7000682900F0E08243F040030193F7E499F88B
:109C80000010019B6C2900F0CD8243F0100301937A
:109C9000EDE4002840F02C829DF83B20002A00F0E3
:109CA000218201220DF14C0A944614920DF13B02DF
:109CB0006046139262460AF1080A0CF1010C002E6C
:109CC0003FF478AE0FAB0230BCF1070FCAF800309A
:109CD0004FF00203CDE911C0CAF804307FF765AE3A
:109CE000002840F05581089B00224FF0010C0DF137
:109CF0004C0A802B10467FF461AE029BABEB03074E
:109D0000002F7FF75BAE102F40F30783654CD446DE
:109D10000026CA46C146A8462546059C09E0002201
:109D20004FF0010E0DF14C0C1046103F102F40F378
:109D30003D81511C1030102302F1020E0729CCF88E
:109D40000050CCF804300A460CF1080CCDE9111093
:109D5000EBDD10AA0028E2D004992046FDF708FCAC
:109D6000CDE911660028DAD0C2E550B110AADDE9CC
:109D70000410FDF7FDFB0023CDE9113300287FF42B
:109D8000B7AD039801230DF14C0A1395149012906E
:109D90001193019B5C077FF534AE029B0AF1080A20
:109DA000ABEB0304002C7FF72CAE102C119A40F380
:109DB000B1823D4F10250026DDF8148008E0002216
:109DC0004FF0010C0DF14C0A1046103C102C42DDF6
:109DD000511C103002F1020C07290A46CAE900752D
:109DE000CDE911100AF1080AEFDD10AA0028E6D02B
:109DF00004994046FDF7BCFBCDE911660028DED092
:109E000076E5284C102F3ADD4FF01008049E08E04C
:109E100000224FF0010C0DF14C0A1046103F102F9C
:109E20002DDD511C103002F1020C07290A46CAE947
:109E30000048CDE911100AF1080AEFDD10AA3146F9
:109E40000028E5D00598FDF793FB0023CDE91133F9
:109E50000028DDD04CE5614620440729CAE900749A
:109E6000CDE911107FF7CDAD002840F05281069B5F
:109E7000029A9345ACBF5B449B180693D4E53844E3
:109E8000BCF1070FCAF80040CAF80470CDE911C050
:109E90003FF76BAF0AF1080A0CF1010C94E500BF23
:109EA0000C7E04187C7E04188C7E041810AADDE950
:109EB0000410FDF75DFB0023CDE9113300283FF4CA
:109EC00093AD15E5102C40F31682D4460B95CA4687
:109ED000AC4FC1461023B046089D049E05E0103CDF
:109EE0000A46102C02F1010118DD1030072902F199
:109EF000020ECCE90073CDE911100CF1080CEEDD77
:109F000010AA314600BB103C00224FF0010E0DF1AB
:109F10004C0C102C104602F10101E6DC46460B9D6C
:109F2000C846D146E2462044BEF1070FCAF8007089
:109F3000CAF80440CDE911E03FF7ABAE0AF1080AD8
:109F40000EF1010C724606E50598FDF711FB102392
:109F5000CDE911550028D6D0CAE401293FF4D7AD88
:109F600002297FF48FAC01983CAD099C03F00F01EE
:109F70001B09615C43EA0273120905F8011D53EAEB
:109F80000201F3D1019091E4A0463CAD039490E42A
:109F900010AADDE90410FDF7EBFA0023CDE9113337
:109FA00000283FF4A0AEA3E43CAD82E42C46714609
:109FB0004546C846D146E24638440729CAE9004723
:109FC000CDE9111016DC0AF1080A01F1010C0A466C
:109FD000F4E4079951F8043B079110F010017FF465
:109FE000B5AD10F0400400F045819BB20A46ADE5E6
:109FF0000198B3E5002840F0A380039BA8EB03077A
:10A00000002F7FF7BEAE00224FF0010C0DF14C0A7D
:10A010001046F7E63023023805F8013C3CAB054614
:10A020001B1A039345E40A9B99F800101B78002B38
:10A030003FF41DAB019B43F480630193FFF717BB13
:10A04000019BD90600F10081019B5A0600F13F8176
:10A05000019B9B0540F1F880079B069A1B681A70CC
:10A06000BCE5049DA86DEDF7A7FEB5F90C20FFF740
:10A07000B5BA01985DE5444B0993019B13F02002AA
:10A0800020D0079B073323F0070318465A6850F87F
:10A09000083B079053EA02000AD00198C70707D58A
:10A0A0008DF83D1040F00201019130218DF83C10F7
:10A0B000019921F480607DE5344B0993019B13F0F5
:10A0C0002002DED1079850F8043B0790019810F069
:10A0D0001000DFD1019A12F0400400F0D2809BB250
:10A0E0000246D7E74FF0010C0DF14C0A1046E6E5A9
:10A0F00010AADDE90410FDF73BFA0022CDE9112298
:10A1000000287FF4F5AB9DF83B20002A7FF4C9AD11
:10A11000E8E710AADDE90410FDF72AFA0023CDE9EB
:10A12000113300283FF4A3AEFFF7E2BB28460794A3
:10A13000B046FEF747FB9DF83B300390FFF755BB59
:10A1400010AADDE90410FDF713FA0023CDE911335D
:10A1500000287FF4CDAB039BA8EB0307002F7FF70C
:10A1600010AE50E701994FF0000ECDF820800DF1B0
:10A17000F00C01F48067DDF82880CDF80CB0029770
:10A180000DE000BF8C7E0418F87D04180C7E0418C6
:10A190000A2B72F1000238D333462246AC46981897
:10A1A0006D490EF1010E0CF1FF3540F100000F4634
:10A1B000A1FB001424F0030101EB94014FF0CC3417
:10A1C000401A191A62F1000604FB01F407FB064469
:10A1D000A1FB076105270C4406F001017608A1FBED
:10A1E000071B46EAC4760918640830310CF8011CD4
:10A1F00002990029CCD098F80010FF29C8D07145E9
:10A20000C6D10A2B72F100024CD23CABDDF80CB087
:10A21000CDF828805B1BDDF8208003939DF83B3050
:10A22000FFF7E3BA43F0200399F8011009F101099F
:10A230000193FFF71CBA43F4007399F8011009F178
:10A2400001090193FFF713BA079B069A1B681A606E
:10A25000C4E44346414D0794062B28BF06230393CD
:10A260000293FFF75FBB129B002B47D10023119392
:10A27000FFF73EBB10F400723FF468ACDBB222463D
:10A2800064E4019A12F400723FF404AFDBB2224698
:10A2900000E7019A12F400723FF4E8AADBB202462A
:10A2A000FFF7E4BA0D9B0C99ED1A1A462846FEF703
:10A2B000E1FA98F801300BB108F101084FF0000EF7
:10A2C0006AE743F3C0125BB21146FFF773BA079B0C
:10A2D000069A1B681A8081E4886DEDF789FDFFF707
:10A2E000AABA019013E4CDF80C8080469DF83B306B
:10A2F0000794FFF77ABA8E46194F14E610AADDE9E3
:10A300000410FDF735F90023CDE911330028ADD055
:10A31000FFF7EEBA511C124F9EE56146114C4BE619
:10A32000049B5B6EDD0707D4049B9B899C0503D4CB
:10A33000049B986DEDF75CFD4FF0FF330693FFF73C
:10A34000E1BA079B99F80110914653F8042B42EAB1
:10A35000E2780793FFF78BB9CDCCCCCC207E0418E4
:10A360008C7E04187C7E0418F0B51F468B89ADF2F4
:10A370006C4D154623F00203064616A80C46ADF8B0
:10A380000C304B6E1993CB89ADF80E30CB69079327
:10A390004B6A09931AAB009304934FF480630293C2
:10A3A000059300230693EDF7BFFC2A463B4669461A
:10A3B0003046FFF7FDF8051E07DB6946304600F022
:10A3C00041FA002818BF4FF0FF35BDF80C305B068E
:10A3D00003D5A38943F04003A3811698EDF7D4FC7D
:10A3E00028460DF26C4DF0BDF0B51F468B89ADF2DD
:10A3F0006C4D154623F00203064616A80C46ADF830
:10A400000C304B6E1993CB89ADF80E30CB690793A6
:10A410004B6A09931AAB009304934FF48063029341
:10A42000059300230693EDF77FFC2A463B466946D9
:10A430003046DCF761FF051E07DB6946304600F059
:10A4400001FA002818BF4FF0FF35BDF80C305B064D
:10A4500003D5A38943F04003A3811698EDF794FC3C
:10A4600028460DF26C4DF0BD10B50029194C9AB07C
:10A4700024682ADB009004904FF40270ADF80C00C1
:10A4800013D001394FF6FF70029105916946ADF87E
:10A490000E002046FEF7CEFA421C01DA8B23236021
:10A4A000009B00221A701AB010BD4FF6FF70029187
:10A4B00005916946ADF80E002046FEF7BBFA431C35
:10A4C00001DA8B2323601AB010BD8B234FF0FF30CD
:10A4D0002360F8E7A42B080038B50C4684461146E3
:10A4E000074D1A460023204664462B6003F06DFF9B
:10A4F000431C00D038BD2B68002BFBD0236038BD37
:10A50000A07B080038B52F4B05460C461B680BB1E5
:10A510009A6BD2B1B4F90C3018071DD522692AB351
:10A5200013F0010107D0616900204942A060A161D8
:10A530003AB1002038BD980758BF6169A160002A70
:10A54000F7D119063BD4104638BD184600F0AEF9D5
:10A55000B4F90C301807E1D4D90628D55A0712D41B
:10A56000226943F00803A381002AD9D103F42071A2
:10A57000B1F5007FD4D021462846FDF779F9B4F92A
:10A580000C302269CCE7216B51B104F140029142B9
:10A5900004D0284600F060FAB4F90C30002222639F
:10A5A0000021226923F02403C4E90021D9E709220C
:10A5B00043F040032A604FF0FF30A38138BD43F0E1
:10A5C0004003F8E7A42B080038B50022064D0446E6
:10A5D00008462A6003F0FDFE431C00D038BD2B68FE
:10A5E000002BFBD0236038BDA07B08002DE9F04F85
:10A5F000036985B00C69A342C0F29080013C01F16F
:10A60000140500F11408814655F824304FEA840CF3
:10A6100058F8242005EB8407013308EB840B9A4299
:10A62000B2FBF3F642D30020AA46C646CDF80C8012
:10A6300003468846CDE901C505465AF8042BDEF8E5
:10A64000001090B257454FEA124C06FB00508AB2F8
:10A650004FEA104580B206FB0C55A2EB00021A44EB
:10A66000ABB24FEA1545C3EB224392B203EB114361
:10A6700042EA03424FEA23434EF8042BDDD241461F
:10A68000DDF80C80DDE901C558F80C3073B9ABF189
:10A69000040BD84504D307E0D84504F1FF3403D2B6
:10A6A0005BF80439002BF7D0C9F81040484600F099
:10A6B000BBFD00282EDB00224146944655F8040BD2
:10A6C0000B681FFA80FEAF429AB24FEA1040A2EB2D
:10A6D0000E026244C0EB224092B200EB134042EA09
:10A6E00000424FEA204C41F8042BE7D258F82420CE
:10A6F00008EB84036AB9043B984504D307E0984506
:10A7000004F1FF3403D253F80429002AF7D0C9F822
:10A7100010400136304605B0BDE8F08F002005B08E
:10A72000BDE8F08FB1F90C301A072DE9F0410C4665
:10A7300080463DD44A68002A55DDA56A002D34D0F4
:10A740000022D8F80060E169C8F8002013F48052B4
:10A7500056D101234046A847431C024660D0B4F9B5
:10A760000C30A56AE1695F0705D56368D21A236BCF
:10A770000BB1E36BD21A00234046A847451C41D0D9
:10A780000023636023692360A389D90400D5206571
:10A79000216BC8F8006041B104F14003994202D036
:10A7A000404600F059F9002323630020BDE8F08102
:10A7B0000E69002EF9D09B070D680E600CBF4B6927
:10A7C0000023AD1B8B600BE02B463246E16940460F
:10A7D000676AB847B0F1000CA5EB0C05664406DDCE
:10A7E000002DF1DCE1E7CA6B002AA6DCDDE7B4F955
:10A7F0000C3043F040034FF0FF30A381BDE8F081FF
:10A80000226DB0E7D8F80020B4F90C309AB11D2AB7
:10A8100001D0162AEDD100222369C4E90032B7E73E
:10A82000D8F80030002B9AD01D2B01D0162BDED18A
:10A83000C8F80060B9E7626022692260DA04A6D431
:10A84000A6E700BF38B505460C4608B1836BA3B137
:10A85000B4F90C00B8B1636EDB0701D4810515D5DE
:10A8600028462146FFF75EFF636E0546DA0702D4ED
:10A87000A3899B050ED5284638BD00F017F8B4F91A
:10A880000C000028E7D10546284638BDA06DEDF73D
:10A8900093FAE5E7A06DEDF7ABFA284638BD00BFA7
:10A8A000014900F0EDB900BF45A802182DE9F047B5
:10A8B00082463A48EDF780FADAF83840002C68D141
:10A8C000374A0323DAF804502146CAF83C200AF537
:10A8D000AC72CAF850310423DFF8D89005F15C005F
:10A8E000DFF8D4802F4F304ECAF854210822CAF81E
:10A8F0004C41EB60AC606C66AC61C5E90044C5E9F5
:10A900000444FDF7A5FB05F15800EE62C5E90759BF
:10A91000C5E90987EDF708FADAF80850234B214614
:10A920000822AC60EB6005F15C006C66AC61C5E9C7
:10A930000044C5E90444FDF78BFB05F15800EE62C5
:10A94000C5E90759C5E90987EDF7EEF9DAF80C50C2
:10A95000174B2146082205F15C00EB60AC606C6689
:10A96000AC61C5E90044C5E90444FDF771FB05F19C
:10A970005800C5F82480C5E90759C5E90A76EDF7FE
:10A98000D3F901230548CAF83830BDE8F047EDF7A0
:10A990002FBA0248BDE8F047EDF72ABAA42D080007
:10A9A000A1A802188D860218B586021809000100B8
:10A9B00012000200298602184D860218F8B5224FAF
:10A9C0000C460646FDF798FBBB685D6825F003055D
:10A9D00005F6EF73191B1D4C0C40A4F58054B4F51B
:10A9E000805F07DB00213046FDF7A6FDBB682B44E6
:10A9F000984204D03046FDF785FB0020F8BD614247
:10AA00003046FDF799FD01300DD02D1B104ABB6873
:10AA1000304645F001055D6013681B1B1360FDF7B0
:10AA200071FB0120F8BD00213046FDF785FDBA68B5
:10AA3000831A0F2BDEDD43F0010305495360054BFC
:10AA40001B68C01A0860D5E77821080000F0FFFFF6
:10AA50006C7B0800A82B080000297CD02DE9F04170
:10AA60000C468046FDF748FB774F54F8043CA4F1B0
:10AA70000805BE6823F0010168184268864222F08A
:10AA8000030200F08380DE0700EB020C426033D447
:10AA900054F8084CDCF8043007F1080C2D1B214455
:10AAA00003F00103AC68644564D0D5F80CE0C4F849
:10AAB0000CE0CEF80840002B00F0818041F001034B
:10AAC0006B600160B1F5007F22D2CB0801224909F9
:10AAD00001338A4079680A4357F833107A6007EBEC
:10AAE000C302083AC5E9021247F83350CD60404628
:10AAF000BDE8F041FDF706BBDCF80430DB072BD5E1
:10AB000041F00103B1F5007F44F8043C0160DCD35F
:10AB1000B1F5206F4FEA512353D28B0903F139006D
:10AB200003F13802C300F818FB580838984203D1E3
:10AB300063E09B68984204D05A6822F003028A427C
:10AB4000F7D8D868C5E9023085604046DD60BDE8C9
:10AB5000F041FDF7D7BA7047114407F1080C83683C
:10AB600063453FD0C268DA60936041F001036B60D7
:10AB70006950A7E7002B61D10A44D0E90213CB60EA
:10AB8000996042F001036B60AA50B0E7DB070A440A
:10AB900007D454F8083CED1A1A44D5E90213CB60E7
:10ABA000996042F001036B60284BBD601B689342C3
:10ABB0009DD8274B40461968FFF700FF97E71144DF
:10ABC000CDE7142B08D9542B1FD80B0B03F16F00C2
:10ABD00003F16E02C300A6E703F15C0003F15B0220
:10ABE000C300A0E741F001033D617D61C5F808C0E5
:10ABF000C5F80CC06B60695079E70121921001FA29
:10AC000002F279680A437A609CE7B3F5AA7F06D816
:10AC1000CB0B03F1780003F17702C30083E740F226
:10AC20005452934206D88B0C03F17D0003F17C0251
:10AC3000C30078E74FF47E737E2274E741F001038E
:10AC40006B60016053E700BF78210800AC2B08005F
:10AC50009C7B080070B50C460346084D0026204634
:10AC600011461C462E6003F0BEFB431C00D070BD95
:10AC70002B68002BFBD0236070BD00BFA07B0800B9
:10AC80002DE9F8434FF000090646884600F5A677FF
:10AC9000D7E90154013D10D4A389013D012B08D906
:10ACA000B4F90E3021463046013302D0C04749EA9C
:10ACB00000096B1C04F16804EED13F68002FE7D156
:10ACC0004846BDE8F88300BF38B50022064D04466B
:10ACD00008462A6003F082FB431C00D038BD2B6875
:10ACE000002BFBD0236038BDA07B080000487047D4
:10ACF000A02C080038B50C4684461146074D1A466C
:10AD00000023204664462B6003F066FB431C00D002
:10AD100038BD2B68002BFBD0236038BDA07B08001A
:10AD200038B5C36C05460C464BB153F8240080B1CE
:10AD3000026843F824200023C360036138BD212248
:10AD4000042100F0EFFB0346E8640028EDD1002069
:10AD500038BD0121284601FA04F56A1D920000F071
:10AD6000E1FB0028F3D0C0E90145E4E731B1C36C51
:10AD70004A6853F82200086043F82210704700BF69
:10AD80002DE9F04107460E461C460D6901F1140EEF
:10AD90000020DEF8001001308BB285424FEA1141ED
:10ADA00002FB03434FEA134C9BB202FB01CC03EBC3
:10ADB0000C434FEA1C444EF8043BEADC3CB1B36858
:10ADC000AB4207DD06EB850301355C61356130463A
:10ADD000BDE8F081716838460131FFF7A1FF804678
:10ADE000A8B1326906F10C010C3002329200D5F79D
:10ADF000DFFEFB6C726853F82210316043F822606A
:10AE0000464606EB850301355C613561DFE70246A6
:10AE1000024BB5210248FCF73DFB00BFCC7E041875
:10AE2000387F0418B0F5803F034618D20304102081
:10AE3000B3F1807F01D208301B02B3F1805F01D2F1
:10AE400004301B01B3F1804F03D3002B06DB01302C
:10AE500070479B0005D45B0005D42020704700207C
:10AE6000E6E7023070470330704700BF03680146D1
:10AE700013F0070207D0DA071FD4980721D55B0823
:10AE800001200B60704798B2A0B11046DAB20AB93F
:10AE900008301B0A1A0701D104301B099A0701D197
:10AEA00002309B08DA0703D45B0800F1010006D0EA
:10AEB0000B6070471B0C1020E8E700207047202033
:10AEC00070479B0802200B60704700BF38B5C36C09
:10AED00004460D464BB15868B0B102685A60002272
:10AEE00001234561C260036138BD2122042100F0C5
:10AEF00019FB0346E0640028EDD1094B00224FF412
:10AF0000A0710848FCF7C6FA1C220121204600F077
:10AF100009FB0028F1D00122022342608360DEE7B2
:10AF2000CC7E0418387F04182DE9F04FD1F810803A
:10AF300085B015690E469246A84505DB2A4653465C
:10AF400045468A4690461E4605EB0804DAE9011399
:10AF5000A342B8BF0131FFF7E3FE002800F08B8069
:10AF600000F1140707EB840E774505D23B4600221B
:10AF700043F8042B9E45FBD814360AF1140906EB5E
:10AF8000880809EB8505464568D2A5EB0A030AF156
:10AF9000150ACDF808E0AE46153B039423F00303F1
:10AFA000043355452CBF9B464FF0040B824605E009
:10AFB000090C2CD1B04507F104074CD956F8041BF5
:10AFC0008DB2002DF4D0CC463C46002301965CF8AF
:10AFD000040B216886B2E6458AB24FEA104005FBB1
:10AFE00006224FEA11411A4405FB001101EB124100
:10AFF00092B24FEA114342EA014244F8042BE6D8E8
:10B00000019E47F80B3056F8041C090CD2D03B685F
:10B01000002248463D461C46944602889BB201FBEE
:10B0200002C202EB144243EA024345F8043B50F8E3
:10B03000043B2C684FEA134C8645A3B201FB0C334A
:10B0400003EB12434FEA134CE7D8B04547F80B30F7
:10B0500007F10407B2D85046DDE902E4002C02DC17
:10B0600005E0013C03D05EF8043D002BF9D00461FB
:10B0700005B0BDE8F08F0246024B40F25D11024878
:10B08000FCF708FACC7E0418387F041812F003038A
:10B090002DE9F041144607462CD10D46A4101CD0D2
:10B0A000BE6C86B3E3074FF0000806D4641014D0DA
:10B0B0003068A8B10646E307F8D532462946384637
:10B0C000FFF732FF35B1FB6C696853F821202A6025
:10B0D00043F8215064100546EAD12846BDE8F081C6
:10B0E000324631463846FFF71FFF30600646C0F84B
:10B0F0000080E0E7013B0F4A52F823200023FFF7CE
:10B100003FFE0546CAE701213846FFF709FE06461D
:10B1100040B1012340F27122C0E904320023B86437
:10B120000360BFE70246044B4FF4A0710348FCF7ED
:10B13000B1F900BF907F0418CC7E0418387F041842
:10B140002DE9F0470C46904606464FEA62192769FA
:10B15000A36807EB621749687D1C9D4203DD5B0015
:10B1600001319D42FBDC3046FFF7DAFD002850D06C
:10B17000B9F1000F00F1140C0EDD09F10502634670
:10B1800000214FEA820E00EB820243F8041B934237
:10B19000FBD1AEF114039C4404F11403216918F0AF
:10B1A0001F0803EB81012BD0C8F12009E6464FF0C0
:10B1B000000A1A6802FA08F242EA0A024EF8042B60
:10B1C00053F8042B994222FA09FAF2D80B1B04F126
:10B1D0001502153B23F003030433914238BF0423C7
:10B1E0004CF803A0BAF1000F00D13D46F36C626841
:10B1F000056153F82210216043F82240BDE8F08732
:10B20000ACF1040C53F8042B99424CF8042FF9D8F4
:10B21000EBE70246024B40F2D9110248FCF73AF93B
:10B22000CC7E0418387F041884460B690069C01A64
:10B2300016D10CF1140C14310CEB830201EB8303D7
:10B2400010B401E0944508D252F8044D53F8041D9F
:10B250008C42F7D005D24FF0FF305DF8044B7047B9
:10B26000704701205DF8044B704700BF2DE9F04F97
:10B27000136983B00F690D469046FF1A002F15D150
:10B2800001F11406143202EB830206EB830301E0A2
:10B290009E4276D253F8044D52F8041D8C42F7D0EA
:10B2A00006D22B4601274546984601E0F9DB0027E8
:10B2B0006968FFF735FD002875D02E6905F1140B7C
:10B2C00008F1140ED8F8103000F1140AC76005F127
:10B2D00010010EEB83090BEB86024FF0000C574672
:10B2E000CDF804B05EF8044B51F8045F1FFA84FBFC
:10B2F000F145ABB24FEA1444A3EB0B03C4EB154486
:10B30000634404EB23449BB24FEA244C43EA0443D6
:10B3100047F8043BE6D8A9EB080508F11508DDF865
:10B3200004B0153DAD08691C8900C14538BF042132
:10B330000BEB01045144A2422ED90F46254655F885
:10B34000043B1FFA83F8AA424FEA134E6344C444F5
:10B350009BB20EEB2C4C43EA0C434FEA2C4C47F8C3
:10B36000043BECD8013A121B22F00302114423B92A
:10B3700051F8043D013E002BFAD0066103B0BDE850
:10B38000F08F0021FFF7CCFCA0B101220023C0E91F
:10B39000042303B0BDE8F08FAD00C14538BF0025E0
:10B3A0000AEB0501E3E70246064B4FF4107106482D
:10B3B000FCF770F80246034B40F232210248FCF7DA
:10B3C00069F800BFCC7E0418387F04182DE9F043DB
:10B3D0000E4683B00121154659EC108BFFF7A0FCF7
:10B3E0000446002846D0C9F30A57C9F313030FB126
:10B3F00043F480130193B8F1000313D101A8FFF7C0
:10B4000035FD019B01222030636122610FB3A7F259
:10B4100033470744C0F1350037602860204603B049
:10B42000BDE8F08368460093FFF720FD019BF8B16B
:10B43000C0F12002009903FA02F2C3400A430193CB
:10B44000002B6261A3610CBF012202222261002F46
:10B45000DDD104EB8203A0F2324030601869FFF7BF
:10B46000E1FCC0EB42102860204603B0BDE8F08349
:10B47000009AE5E70246034B40F20A310248FCF726
:10B4800009F800BFCC7E0418387F041838B50C4684
:10B4900084461146074D1A460023204664462B6019
:10B4A00002F08FFF431C00D038BD2B68002BFBD06F
:10B4B000236038BDA07B080038B553EC102B23F077
:10B4C0000041144D04460020A94220601ED81546B4
:10B4D0000D431BD0104D9C461D405DB910461946CA
:10B4E00000220E4BD4F7C8FF02468C466FF03500A1
:10B4F00021F000410915A1F2FE3101442160084903
:10B500000CEA010141F07F5343F4001343EC102B8C
:10B5100038BD00BFFFFFEF7F0000F07F0000504309
:10B52000FFFF0F8010B502FB01F1FCF705FA04469E
:10B5300068B150F8042C22F00302043A242A14D8EB
:10B54000132A06D8024600231360536093602046F6
:10B5500010BD00231B2A036043600BD9242A83609B
:10B56000C3600AD000F11002EDE70021FCF770FD86
:10B57000204610BD00F10802E5E700F11802036162
:10B580004361E0E782B049B15AB16BB113780B6007
:10B590001278101E18BF012002B0704701A9002ABE
:10B5A000F3D1104602B070476FF00100F4E700BF1E
:10B5B000034649B1FF2A02D801200A7070478A2247
:10B5C0004FF0FF301A60704708467047704708F028
:10B5D000F7BB4FF47A7303FB00100A21A0FB0101B3
:10B5E000F8F73ABD38B504460D4608F002FC0A22C9
:10B5F0000023D5F7C3FAA042A9410FDA0A23A4FB1E
:10B6000003416FF0010003FB05114FF0FF33001BF6
:10B6100063EB0101BDE83840F8F71EBD38BD08B541
:10B6200008F0E7FB0A220023D5F7A8FA08BD4FF07F
:10B63000FF3070474FF0FF3070474FF0FF307047DA
:10B64000002070474FF0FF3070474FF0FF307047D9
:10B650004FF0FF3070474FF0FF3070474FF0FF3032
:10B6600070477FB50BAB059303930A9B02930023AE
:10B670001846CDE90033EBF771F807B05DF804FB2D
:10B68000DEF74CBE7047012810B5044602D00328EF
:10B6900007D010BD08F042FA2046BDE8104008F07F
:10B6A000ECB9012008F086F9012008F0E6F9BDE8C0
:10B6B000104008F0EDB908B508F0AEF9003818BF31
:10B6C000012008BD012008F0D8B9002008F0CEB94B
:10B6D00008B508F0C3F908BD7047704700207047EF
:10B6E00000207047012070470121F5F7B3BF08F033
:10B6F000CAB907F07FB8DEF7ADBF07F07BB830B14D
:10B70000437C002B14BF00206FF0150070476FF0D2
:10B710001500704710B510B131B9002010BD0029D7
:10B72000FBD000230B60F8E7437C002BF9D00468C2
:10B73000002CF6D0027B8368022A4268607808BF3A
:10B740005B08584302EB40020A601846E6E7427C79
:10B750002AB172B60022427462B6DEF7B1BF7047FA
:10B76000FFF7F5BF427C1AB100224274DEF7A8BF92
:10B770007047FFF7F7BF70B50646154664200021F5
:10B78000F8F76AFC65B16C7C6CB93046DEF77EFF79
:10B7900060B172B6012328606B7462B6204670BD3A
:10B7A0006FF01500FBE76FF00F00F8E76FF00B008C
:10B7B000F5E7904201D1022805D1994205D18B1EAF
:10B7C00058425841704700207047012070472DE9CA
:10B7D000F04102F1FF3C054650004FEA0C47431E82
:10B7E000B7FBF3F74FF0000E861E2E4401EB8202EA
:10B7F000914201D1BDE8F081BCEB1E4F4FEA1E44DF
:10B8000005D8B6F9003021F8023BBE44F0E735F91F
:10B81000143005EB4404B4F902401FFA8EF8E41A20
:10B8200008FB04F403EB24431BB2ECE7012A70B5D8
:10B83000044610D950080022A61C36F9223034F9EB
:10B8400022502B4403EBD3735B1021F812300132EA
:10B850009042F2D170BD0020FCE70E220021FCF7DF
:10B86000F7BB052A0346F0B528D906200226B2FB0D
:10B87000F0F2002550008F19B3F900C05C880C333A
:10B8800014FB06C433F908CC14EB0C0448BF033492
:10B89000A41021F8254033F906CC33F8044C14FBEE
:10B8A00006C433F902CC14EB0C0448BF0334A410D3
:10B8B00027F825400135AA42DED1F0BD0020FCE783
:10B8C0007FB50BAB059303930A9B0293099B0193EE
:10B8D000002318460093EAF741FF07B05DF804FB28
:10B8E000DFF780BB08B5E0F783FB0020E0F7AEFB95
:10B8F000002008BD4FF47A720304B3FBF2F340F268
:10B90000656203F58073B2EB132F4FEA13200CD25C
:10B910006423A0F26660C0F3560058438030000AEA
:10B92000984228BF1846C0B270470020704710B533
:10B930000446012C104606D0022C0AD0002C0CBF65
:10B940001046002010BD5B1A03EBD373C3F34F0006
:10B95000F8E75B1A981A80B2F4E7F0B500250646BE
:10B960002846BDF81470BDF818C0BD4204D25C5D15
:10B970000A2C01D00D2C00D1F0BD8C4209D3944289
:10B9800007D8641A06EBC404247904446445F3DC44
:10B99000A0B20135E9E7DEF74FB92DE9F04F03B268
:10B9A0000FFA81FB0914ABEB03080514A1EB20404F
:10B9B000B8F1000F80EAE077A7EBE077B8BFC8F1F5
:10B9C000000887B04745019205DD5A468B4611466F
:10B9D0001A462B4615469B4505DA2A460D46114662
:10B9E0001A465B469346A1EB0509B9F1000F9EB2DA
:10B9F000B8BFC9F100098D42B4BF01234FF0FF3336
:10BA0000ABEB06041FFA84FA009344F34E0432B2FF
:10BA10005A4502DD07B0BDE8F08F4745D8BFADF805
:10BA20000C20ADF81620D8BFADF80E50ADF814506C
:10BA3000C7BF0199059801990398A4EB0904DFF7A2
:10BA400099FDA2B224B2002C04DA009B52441D449A
:10BA50002DB214B2731C9EB2D9E72DE9FF47CDE990
:10BA600000309DF83090A1B19AB1BDF90480BDF9C4
:10BA7000067008F1FF33CD187B1EADB2D4189F2D90
:10BA8000A4B228BF9F257F2C28BF7F243E46A64214
:10BA90001EDD04B0BDE8F087B74208D0A64206D04C
:10BAA000D04504D0AA4502D0B9F1000F07D0ADF8B7
:10BAB0000CA0ADF80E6000990398DFF75BFD0AF16A
:10BAC000010A0FFA8AFAAA45E6DD013636B2DEE748
:10BAD000C246F8E730B500247F2589B0CDE902459C
:10BAE000A02501950C9D0095DFF7BEFD034620467D
:10BAF0009AB262F30F001B0C63F31F4009B030BD14
:10BB000070B5002588B09DF83060ADF8145007314D
:10BB10008DF8146005AE0096C9B2039084B2FFF7A9
:10BB2000D9FF04442846BDF80E30A4B264F30F00D8
:10BB300063F31F4008B070BDC0F34900003818BF60
:10BB400001207047C0F34B00003818BF0120704738
:10BB5000C0F3490018B190FAA0F0B0FA80F0704735
:10BB6000C0F34B0018B190FAA0F0B0FA80F0704723
:10BB700010B50446FCF726FE2318022806D913F850
:10BB8000011D421E302902D00023235410BD13F89A
:10BB9000011C2E29F8D01046EFE710F1350F11DA0D
:10BBA00010F1790F10DB10F1490FA3BF0A23A33066
:10BBB000B0FBF3F00623AFBFC0B27F30C0B2B0FB22
:10BBC000F3F070470B20704700207047D0E9003237
:10BBD000C9039B1A41600B446FF0A301826801FB0B
:10BBE00002330360DB13836018B2704738B5044634
:10BBF00004B938BDE068FFF7F9FFA56820461421B5
:10BC000008F03FF92C46F3E72DE9F041D0F808E0C1
:10BC1000071D05463E4674460CB934460EE02369BE
:10BC2000D1F800C0634504DAE368344626461C4672
:10BC3000F2E7A368FADCE2687BB9BAB9EB68A34221
:10BC40002CD1B7422AD17046FFF7D0FF0023C5E9B7
:10BC50000237C5E90473BDE8F0811869D3E90281B0
:10BC60008445D6BF1C460B464346E5E71069D2E93A
:10BC700002318445B6BF16460A461A46DDE720461D
:10BC800008F05AF9804620464446394608F0BCF987
:10BC9000142108F0F6F86B69013B6B61A642EED106
:10BCA000D9E710B50446006808F046F9206010BDD9
:10BCB0002DE9F04100F1040804460E4645460123F3
:10BCC00082681ABB002B2ED0E368AB4206D0284610
:10BCD00008F034F9026933689A4215DAA84524D08D
:10BCE00037682B699F42ACBF002701271420F9F762
:10BCF00069F83368014603612A464346384608F02E
:10BD00001FF9636901336361BDE8F0811369356828
:10BD1000D2E902019D42B8BF01231546AABF002304
:10BD200002460A46CDE72846D4E70127DEE72DE99B
:10BD3000F041054614200E46F9F744F82B690446F5
:10BD400003612B78466003700023C0E90233E86882
:10BD500018B12146FFF7EBFFE06027464FF00008DF
:10BD6000AE6816B92046BDE8F0811420F9F72AF82C
:10BD70003369054603613378C0E902880370B8600F
:10BD80004760F06818B12946FFF7D1FFE8602F46F9
:10BD9000B668E6E74B687BB10A78436002708A6850
:10BDA0008260CA68C26058600B6903610023C1E900
:10BDB0000131C1E903137047C0E90130C0E9030351
:10BDC0000370704790F90030013309D090F90130C9
:10BDD000013305D090F90200013018BF01207047EF
:10BDE0000020704710B50446FFF7ECFF28B16178DA
:10BDF0002078BDE81040DEF76BBE10BD10B50446DC
:10BE0000FFF7E0FF28B161782078BDE81040DEF749
:10BE10002DBF10BD10B504468068FFF7E7FE204631
:10BE200010BD10B50446FFF7F5FF204610BD10B554
:10BE300004461C30FFF7EEFF201DFFF7EBFF204606
:10BE400010BD38B5044604B938BDE068FFF7F9FF06
:10BE5000A56804F11400FFF7EAFF2046482108F026
:10BE600010F82C46EFE710B504468068FFF7E9FFAD
:10BE7000204610BD38B500230D46011DC0E9023132
:10BE8000C0E9041303710446A86880B1FFF74FFFAF
:10BE900003461A469B68002BFBD10346E2601A4614
:10BEA000DB68002BFBD16B6922616361A0602046D7
:10BEB00038BDF0B5031D826818463AB9834204D0F4
:10BEC000096802699142B8BF1846F0BD17690E684B
:10BED000D2E90254B742AABF104622462A46ECE7EE
:10BEE0000020704700207047C30701D5E0F78ABFE4
:10BEF000704708B50020E0F78FFFBDE8084000203C
:10BF0000E0F78ABF38B50C4605460846FFF7ECFF58
:10BF1000230702D55920E0F77FFF2B781BB10821BA
:10BF20002846E0F7BBFF2046BDE83840E1F7E0B91E
:10BF300070B504460E4610461546FFF7D5FFB442CD
:10BF400007D12046E1F710FA2846BDE87040E1F736
:10BF5000CFB94C20E0F760FF2046E1F705FA4D200D
:10BF6000E0F75AFF3046EDE7002307B5ADF804309F
:10BF70008DF80400E0F746FF1C2101A8E0F78EFFD2
:10BF8000E1F75EF803B05DF804FB38B505460846F6
:10BF90000C46FFF7A9FF3DB14D20E0F73DFF2046DD
:10BFA000BDE83840E1F7A4B94C20F6E708B5E1F761
:10BFB0004BF918B1BDE80840E0F70ABFBDE80840FA
:10BFC000E1F73EB838B50C4605460846FFF78CFF4A
:10BFD000230702D55120E0F71FFF2846E0F73CFF7A
:10BFE0002046BDE83840E1F783B910B50C468AB069
:10BFF000014610B900200AB010BD6846FFF725FBC6
:10C000000130F7D068462146FFF77CFF0120F2E7B8
:10C0100038B50C4605460846FFF766FF230702D5EC
:10C020005620E0F7F9FE2846E0F716FF2046BDE867
:10C030003840E1F75DB970B51446054610460E4626
:10C04000FFF752FF230702D55720E0F7E5FEB54280
:10C0500007D12846E0F700FF2046BDE87040E1F731
:10C0600047B94C20E0F7D8FE2846E0F7F5FE4D2012
:10C07000E0F7D2FE3046EDE708B1E1F723BB7047A9
:10C0800070B50C46064608461546FFF72DFF2307F8
:10C0900002D53046E0F7BEFF2846E0F7DDFE204639
:10C0A000BDE87040E1F724B92DE9F04107460C46A0
:10C0B00016461D46E1F7C8F88046E0F7A3FEB8F142
:10C0C000000F09D13846E0F7A5FF3CB18520E0F725
:10C0D000A3FE1EB93C2102E0002CFAD1082128461B
:10C0E000E0F7DCFEBDE8F041E0F7AABF704770471B
:10C0F000704700207047002070476FF08500704740
:10C100006FF0850070471E210020FFF762BA10B55E
:10C110000446042107F0B5FE204610BD01207047FB
:10C1200070470023838001238371704740797047F3
:10C1300010B50446102107F0A4FE204610BD10B52E
:10C1400004460020DEF764FA0120DEF761FAA068F9
:10C15000E0F7F8FCE068E0F7F5FCDDF76BFE0023A4
:10C16000A380A37110BDF8B54E78044606F06006B2
:10C17000202E0D467FD10F230E7C06EB461676004F
:10C18000B6FBF3F6E1F7C4FD23792BB9A6F17E03E4
:10C19000834206DA01232371803E864201DD0023BB
:10C1A00023716B7CDB0746D467792679002F5BD03F
:10C1B00026B9A068E0F7C6FC00236371DEF7E8F952
:10C1C000C8B1687800F06003402B14D010F0080666
:10C1D00011D1A068E0F7B6FCDDF72CFE04220121A6
:10C1E0003046E0F76BFBE060DDF7B6FD02226B78CE
:10C1F00062F346136B70DEF7CBF9064680B96B78B5
:10C2000003F06003402B0BD1E068E0F79BFCDDF707
:10C2100011FE6B7866F346136B7001236671A37190
:10C220006D78C5F34115012D35D0022D4BD000207E
:10C23000DEF7EEF943E0FFF73EFA6679074610B9FC
:10C24000002EB6D1BAE7002EB8D10222002101207B
:10C25000E0F734FB0028A06009DD01236371002EA4
:10C26000ACD1002FAAD1A4E7002EA7D0EDE76379C7
:10C27000002BA3D0F3E7002EA0D18379002B9DD013
:10C28000DDF7D8FDDDF732FD01226B7862F346134E
:10C290006B70A67192E7FFF70EFA58B10020DEF737
:10C2A000A7F90120DEF7A4F9BDE8F8401E2100201F
:10C2B000FFF78FB92379002BBAD0DEF799F9012067
:10C2C000DEF7A6F9F0E70020DEF7A2F9E9E70320A0
:10C2D0007047C079704738B50446E0F791F804F12B
:10C2E000140000F008FD04F1E80000F01BFE00253A
:10C2F00001232572636004F5E76001F0E7FA04F5B5
:10C30000EF63C4F874571D60A4F87C5738BD10B5AE
:10C3100004460020A080DEF77BF90120DEF778F9E3
:10C32000E068E0F70FFC2069E0F70CFCE0F78AF822
:10C33000DDF780FD04F1140000F03DFC04F1E8009D
:10C34000BDE8104000F0C3BD10B50446E1F726FD7E
:10C3500020464FF4F06107F094FD204610BDF8B57B
:10C360004B6804460E463BB38B68132B24D900F56B
:10C37000EE67384602F044F8054628B9D4F8683725
:10C3800033B13846EBF744FF6FF00A052846F8BD95
:10C39000D4F864273846002A02F1010308BF0023BD
:10C3A00004EB8201C1F86C67C4F864370123C4F858
:10C3B0006837EBF72DFFE9E76FF01505E6E74B6807
:10C3C0008BB18B68132B0ED900F5EF60D0E8EF3FEF
:10C3D000002B03D1C0E8E21F002AF7D114BF6FF091
:10C3E0000F00002070476FF01500704738B5054604
:10C3F0000C46DDF71FFD2869E0F74CF82869E0F7E7
:10C40000A1FB2B792BB10122637862F34613637091
:10C410001FE0DEF7BDF838B163781B0704D40123B1
:10C420006B7102226378F0E705F5EF62D2E8AF0F97
:10C4300080B1637813F00403F2D0D2E8AF3F4FF03D
:10C44000FF32DA6003221A70002205F5EF63C3E8B9
:10C45000AF2F38BD1E21BDE83840FFF7BAB82DE92F
:10C46000F04F037904460D46A1B000F1E80A33B15C
:10C47000504600F09BFCDDF739FC00232371A17AC4
:10C48000504600F094FE0646504600F07BFCA3792F
:10C490000290002800F0DB802BB904F50E7000F04C
:10C4A00093FF0123A371002E00F0D480504600F0CA
:10C4B00065FC014604F50E70E2F7A8FD18AA814656
:10C4C000164604F2392304F2512C174618685968AD
:10C4D000083303C763453A46F7D1186838609B882C
:10C4E0003046BB8001F08DF9804685F82D0000288C
:10C4F00000F0A9804FF0010B314605A884F807B081
:10C5000001F069F9314608A801F052F905A800F0D8
:10C5100076FA0A22014605F12E00FCF7ABF905F187
:10C52000380308A8019300F06AFA0A22014601982C
:10C53000FCF7A0F9304601F054F9074607F018035C
:10C5400083BB304601F053F917F0600F0146C7F383
:10C55000411300F0AA80022B24D1039084F808B084
:10C560000EA8E1F749FE039911A80631E1F744FE50
:10C570000EA800F044FA0A2201460198FCF77AF965
:10C5800011A800F03CFA0A22014605F14C00FCF724
:10C5900071F908A800F033FA0A22014605F14200B9
:10C5A000FCF768F9EB7DC7F3C31703F00F0297425E
:10C5B00018BF83F0100305F1180111A818BFC3F3C9
:10C5C000001800F011FA05A911A800F019FA0746A1
:10C5D00018B905A8E1F75EFE0746E068E0F79AFAA9
:10C5E0000146002871D1B8F1000F2CD05FB3B9F12A
:10C5F000020F76D14A464846E0F760F9E060E0F77E
:10C6000089FA014601291ED1DFF752FF10B9E0680F
:10C61000DFF73AFF04F2752311AA04F2852C1746BE
:10C6200018685968083303C763453A46F7D11B8831
:10C6300000213B800DF14600DFF77CFF00210DF16A
:10C640004E00DFF777FF304601F092F802E0002B52
:10C650007FF429AF029BA371DDF79AFF002800F059
:10C66000CA80504600F07FFB0022A2716B7862F313
:10C6700046136B70A379002B40F0C58085F82D30F0
:10C6800004F5E060E371237285F8563085F8423096
:10C6900085F84C3000F0D2F9E068DFF7FBFEE06887
:10C6A00021B0BDE8F04FE0F74DBA04F5E06B584615
:10C6B00000F01DFA584600F03DFA014600283FF40C
:10C6C00071AF342205F156006AE7B9F1020F99D033
:10C6D000B9F1030FB7D1B8F1000FB4D0002FB2D029
:10C6E00002E0B9F1030FAED104F2872311AA04F2DC
:10C6F0009F2C174618685968083303C763453A46A4
:10C70000F7D11B883B80D4F8743704F5E76783BB07
:10C7100004F5EE68404601F073FE28B9D4F8683796
:10C7200033B94046EBF774FD0023C4F8743714E0C6
:10C73000D4F86007013B002800F1010208BF002285
:10C7400004EB8001D1F86C174046C4F87417C4F8A4
:10C750006027C4F86837EBF75BFDD4F87427002A2C
:10C7600038D0D2E90113A3F114021431384601F094
:10C770009DF8384611A901F0AEF801282CD1D4F863
:10C780007437002B3FF45FAF31460BA85F6801F0B0
:10C7900022F831460EA801F00BF80BA800F02FF993
:10C7A0000A220146B818FCF765F80EA800F027F930
:10C7B0000A2201463846FCF75DF8D4F87437D4F8FD
:10C7C0004427DA600222D4F874371A700023C4F8C0
:10C7D000743738E71146C9E700283FF434AFD4F87E
:10C7E0007437002B3FF42FAF6FF00402DA60D4F8F7
:10C7F00074370322E9E704F5EF63D3E8AF3F002B7A
:10C800007FF42FAF36E721B0BDE8F08F2DE9F0437C
:10C8100004460D4699B000F5EF63D3E8AF6F90F88A
:10C820007C37002B62D1D6E9017200F24C70143AC9
:10C8300007F1140101F0A9F880B96FF01503F36056
:10C8400003233370002204F5EF63C3E8AF2F012305
:10C8500023716B7860F346136B7044E004A800F01A
:10C8600094FF04A800F085FF39460CA800F0BCF83E
:10C870000CA904A800F08FFF07F10A0101A800F03D
:10C88000B3F89DF804301BB101A904A800F097FF8C
:10C89000E97D04A801F00F01C90141F0020104F291
:10C8A000BC6500F0A1FF284600F0E6FC0CAA284673
:10C8B00004A904F11405E2F77DF9DDF74DFA617A78
:10C8C000284600F0D1F9284600F090F9284600F0FB
:10C8D000E5F928460CA9E1F7D1FD012304A8A4F845
:10C8E0007C3700F045FF19B0BDE8F08390F87D87F4
:10C8F00000F2BC6900F11407B8F1000F1CD04846E3
:10C900000CA900F0D6FC38460CA9E1F7B7FD384673
:10C9100000F093F9B368143BF360022333700022F4
:10C9200004F5EF63C3E8AF2F0123A4F87C2723713C
:10C930006B7862F346138FE71922414604A8FBF790
:10C9400087FB04A904F24C708DF8298001F036F8B9
:10C95000054604A948460CAAE2F7C8F838460CA9CF
:10C96000E1F78CFD002DBED0012384F87D37BAE7B6
:10C9700038B50123837243724B780446C3F34113E5
:10C98000012B0D4613D0022B14D00BB9FFF72EFD4F
:10C990006B78C3F34113012B17D0022B1DD000205D
:10C9A000DDF736FE0120BDE83840DDF731BEFFF788
:10C9B00056FDEDE700F5EF63D3E8AF3F13B1FFF7A6
:10C9C00025FFE5E7E1F742FAE2E7E0790028EAD05F
:10C9D0000020BDE83840DDF70BBE0020DDF718FE73
:10C9E0000120F6E770477047002310B5044609227E
:10C9F000036043600381FBF73DFF204610BD704795
:10CA000070B50C460E462F210546FBF757FE18B1B0
:10CA1000431B022BD8BF451C2F212046FBF74EFE9F
:10CA200018B1041B022CD8BF461C31462846D4F747
:10CA300035F9B0FA80F0400970BD704710B5352265
:10CA400000210446FBF704FB002384F8363084F809
:10CA5000373084F8353010BD10B50446FFF7EEFFCF
:10CA6000204610BDF8B50D460746144600210E229B
:10CA70002846FBF7EDFA3846FBF7A4FE0D2200F13D
:10CA80000C03B3FBF2F30F21DBB2C3F1040341FA51
:10CA900003F301210646A14041EA031105F8011BF9
:10CAA00028462021FBF7D4FA04EB440204EB82046D
:10CAB000A6420AD9321B0D2A284607EB040128BFDB
:10CAC0000D22BDE8F840D4F773B8F8BD38B50D466F
:10CAD000342200210446FBF7BBFA3DB1342229463B
:10CAE0002046FBF7C7FE002384F8353038BD10B56B
:10CAF0000C7814F00F0216BF92FAA2F31346B3FAA1
:10CB000083F3240980F8374090F83640224380F8B8
:10CB1000362003EB430203EB820318444A1C0D3119
:10CB200052F8043B8A4240F8043BF9D11378037071
:10CB3000012010BD10B590F836300446CBB190F806
:10CB40003700984215D1D4F7F3FE0D235843431E06
:10CB5000E25C202A06D0034600222046E25410BDA3
:10CB6000002BF9D01A46013BE15C2029F8D013468E
:10CB7000F2E70020F3E770B505460E46FBF722FE0C
:10CB80003146044695F835202846FFF76BFF0D2106
:10CB900004F10C03B3FBF1F395F83520DBB201325D
:10CBA000B2FBF3F103FB112285F8352070BD0022A2
:10CBB000C0F8C020704710B590F8D030044633B1AB
:10CBC00090F9C800DFF7D0FD002384F8D030D4F806
:10CBD000CC00DFF7B7FF0023D4F8C000C4F8C030A2
:10CBE00018B1BDE8104007F04EB910BD37B590F848
:10CBF000D0500446EDB9042201210220DFF75EFE89
:10CC00000028C4F8CC0015DB222300934FF4706297
:10CC10004BF68033D4F8C010DFF700FD002884F80D
:10CC2000C80007DBDFF7FAFD0123C4F8C40084F86D
:10CC3000D0300125284603B030BD10B590F8D03073
:10CC4000044683B190F9C800DFF772FD002384F831
:10CC5000D030D4F8C030D4F8CC00C4F8C430BDE82B
:10CC60001040DFF76FBF10BD80F8D110704710B5CE
:10CC700090F8D030044683B1D0F8CC00DFF74AFFFB
:10CC80000128014609D194F9C800DFF7E1FD94F9C4
:10CC9000C800DFF7C3FDC4F8C40010BD10B50446DA
:10CCA00000230320FD21621C04F8130002F8131076
:10CCB0000133602BF8D12046E1F764FB2046FFF7F3
:10CCC000D6FF2046E1F75EFB2046BDE81040FFF7A7
:10CCD000CEBF10B50446006808B107F0D4F820466E
:10CCE00010BD10B50446FFF766FF04F1C000FFF762
:10CCF000F0FF204610BD37B504464FF4F05007F062
:10CD0000C4F8054620B14FF4F0520021FBF7A0F91A
:10CD10000023D4F8C0000193C4F8C05008B107F054
:10CD2000B2F801A8FFF7D5FFD4F8C030C4F8C4307A
:10CD3000002384F8D03003B030BDF8B50B78054639
:10CD400000780C4658401646D4F7F2FD6378074643
:10CD500068785840D4F7ECFD3844C0B2B0428CBF7C
:10CD600000200120F8BD10B5044690F90800DFF757
:10CD7000FBFCE068BDE81040DFF7E4BE002303766B
:10CD8000406970470068033801288CBF00200120EB
:10CD9000704700234FF4F07203628383836203764B
:10CDA000036002638363C36303647047022213B5A5
:10CDB000044611460120DFF781FD1223E060009355
:10CDC0004FF4707245F6C0536168DFF727FC20729C
:10CDD000204602B0BDE81040FFF7DBBF10B50446A7
:10CDE000006810B1302107F04CF8204610BD38B56E
:10CDF00004463020F7F7E6FF054618B1302200213F
:10CE0000FBF726F92560204638BD00211422416138
:10CE100081838161C177FBF71BB92DE9F04104469D
:10CE20000025A4464FF0280E486D0E46411D2D30BA
:10CE3000814208D1AA42217F11DBAB420FDC09BB42
:10CE40000020BDE8F081B1FBFEF70EFB17171CF9BF
:10CE5000018B36F81770053117FB0855E8E731B933
:10CE6000142204F10800FBF7F3F8012323770522CD
:10CE7000736DB3FBF2F202EB82029B1A04EB8303A5
:10CE80009D60DDE70023221DA38352F8041F85EA7D
:10CE9000E57081EAE176A0EBE570A6EBE1768642EB
:10CEA000C8BF637703F10103DBB2C8BF0D46052B92
:10CEB000EBD1002DB4BF4FF0FF300120C1E7034696
:10CEC0000068196010B1302106F0DBBF704710B563
:10CED0000446C068DFF736FE94F90800DFF744FC2B
:10CEE00000236068636008B106F0CDFF04F1100014
:10CEF0000021FFF7E4FF002104F11400FFF7DFFF3A
:10CF000010BD10B50446FFF7E2FF04F11400FFF76F
:10CF100065FF04F11000FFF761FF201DFFF7D9FE48
:10CF2000204610BD37B504464FF4F06006F0ADFF63
:10CF3000054620B14FF4F0620021FBF789F8002389
:10CF400060680193656008B106F09DFF002501A8A7
:10CF5000FFF7BFFE01A8FFF74AFF019904F1100097
:10CF60000195FFF7ACFF01A8FFF738FF01A8FFF715
:10CF70003EFF019904F114000195FFF7A0FF01A8FD
:10CF8000FFF72CFF204603B0BDE83040FFF701BF9C
:10CF900010B5CC08C943012301F007018B40015DA6
:10CFA0005BB2002A21EA030108BF0023194301559F
:10CFB00010BD033238B50546062A19D8DFE802F05D
:10CFC0001C1819180D18040000224C002146284690
:10CFD000FFF7DEFF0122A11807E000224C002146E6
:10CFE0002846FFF7D5FF0022611C2846FFF7D0FF37
:10CFF00038BD01224C00F2E701224C00E6E710B5F3
:10D000000446D0E945235000032290FBF2F0814210
:10D0100009DC5B0093FBF2F399420CDB0029D4BFDF
:10D020004FF0FF320122A18B2069FFF7C2FFA38BD3
:10D030000133A38310BD6FF00202F4E700232DE952
:10D04000F0470E4604461D461A461F4619464FF045
:10D0500005084FF0280CD0F898E083835FFA86F932
:10D060000EEB0100B0FBF8FA0AEB8A0AA0EB0A0A01
:10D07000CA450BD1B0FBFCFA0CFB1A0004EB4000D4
:10D08000B0F94400002830DD07440132013128297D
:10D09000E6D172B37BB3B7FBF2F295FBF3F3002555
:10D0A00028274FF00508C4E94523C4E94755C4E9DA
:10D0B0004955C4F82C51D4F898302B44B3FBF7F2FF
:10D0C00007FB1233B3FBF8F202EB82029A1AB24268
:10D0D00006D104EB43032046B3F94410FFF78FFF5A
:10D0E0000135282DE7D1BDE8F0871CBF2D1801338D
:10D0F000CCE71346D3E71A46D1E738B5D0E9082381
:10D100009A4204460D4651D1FFF779FF0321D4F826
:10D110001421D4F81831520092FBF1F25B00AA42BC
:10D1200093FBF1F309DAD4F820212A44C4F8202132
:10D13000D4F828210132C4F82821AB4209DDD4F803
:10D1400020312B44C4F82031D4F828310133C4F8FD
:10D150002831A38BC02B29D1D4F82821DAB1D4F8F7
:10D160002C31C3B1D4F82011B1FBF2F1D4F8242151
:10D17000B2FBF3F28B1803EBD3735B10C91AD21A0C
:10D18000C4F81C310023C4E94833C4E94A33C4F865
:10D190001411C4F81821D4E90423C4E9043200238B
:10D1A000A38301232376A3760423236038BDF7B538
:10D1B0000446C0680E46DFF7ADFC012802D000200F
:10D1C00003B0F0BD684694F90810DFF7E3FA009F5A
:10D1D000002FF4D00025019BAB4201D8207EEFE761
:10D1E00037F9151032462046E1F750FA0135F2E7DB
:10D1F0002DE9F84307460D460826002490F80080E4
:10D200004FEA480343EAD51303F019005FFA83F9A4
:10D2100003F01F08D4F79FFB40EA440409F017000D
:10D22000D4F799FB24B2013E40EA44046D0016F0A5
:10D23000FF06A4B2EDB2E3D160BA87F8008080B2F5
:10D24000BDE8F883F8B507460C46951ECE18B442E3
:10D2500000D1F8BD384614F8011BFFF7C9FF25F8C7
:10D26000020FF4E710B504461F3000F081FA601C8D
:10D2700000F07EFA204610BD0023013080F83C30DB
:10D28000A0F83D3080F83F3000F073BA38B5002583
:10D29000044600F8015B00F078FA04F11F0000F08A
:10D2A00074FA204684F83D50E587FFF7E5FF2046F5
:10D2B00038BD10B5002355245D204A1C01F81340E9
:10D2C00002F813000133182BF8D110BD10B5CC08AB
:10D2D000C943012301F007018B40015D5BB2002AC5
:10D2E00021EA030108BF00231943015510BDF0B521
:10D2F000044600255C274FF4B8768DB0EB08E25C5D
:10D30000EB4303F007031A4107FB05F32D336B438F
:10D31000B3FBF6F1684606FB113102F0010201355C
:10D32000FFF7D4FFB5F5B87FE8D16A4623460AADCA
:10D33000144603CCAC4218605960224603F108033E
:10D34000F6D120681860A2889A800DB0F0BD03461F
:10D350001046CA1A02D01946FAF7FABD704710B53E
:10D36000192200210446FAF773FE0023637610BDEC
:10D3700010B50446013000F008FA04F11F0000F077
:10D3800004FA1222002104F13D00FAF761FE04F1D3
:10D390004F00FFF7E4FF04F17403E36604F1940324
:10D3A0004FF474720021236704F1B400FAF750FEC1
:10D3B000204610BD10B504461F3000F0D9F9601C9E
:10D3C00000F0D6F9204610BD38B50025044600F817
:10D3D000015B00F0CEF904F11F0000F0CAF912223F
:10D3E000294604F13D00FAF733FE04F14F00FFF740
:10D3F000B6FF38BD2DE9F04791F800800D4688F062
:10D400007700D4F795FA6E78044686F07700D4F763
:10D410008FFA044488F05500D4F78AFAC5B286F032
:10D42000F700D4F785FA2844E4B2C0B2844288BF3A
:10D4300004466FEA0800C0B28CBF01270027D4F76A
:10D4400077FA824686F05D00D4F772FA5FFA80F9C7
:10D450005AFA80F0C0B2844288BF044688F0750052
:10D4600088BF0227F643D4F763FA8046F0B2D4F7B8
:10D470005FFA4044C0B2844288BF04464D44EDB2D6
:10D4800088BF0327AC4284BF2C460427052C34BF39
:10D4900038460520BDE8F087F7B500240D4617464D
:10D4A00026460C608C80019404EB4403F918FA5A68
:10D4B0008B78ADF804208DF80630019B01A81BBACB
:10D4C0001B0A0193E0F740FE431C06D100202860B0
:10D4D000A88003B0F0BD0E46E6E7019BE10780EAB5
:10D4E0000300AB5DC0F30B3058BF43EA101306F1E5
:10D4F000010258BF000104F101044BBF43EA1023AD
:10D50000C0B2C0B2114648BFB11C042CAB55A854E0
:10D51000E1D168794009052868718CBF002001209D
:10D52000D7E70A8800F12003834200D1704720F832
:10D53000022BF9E72DE9F04F0024054685B00DF1E7
:10D540000C0A00912830514699461746ADF80C4018
:10D55000FFF7E7FF514605F10800ADF80C402646FD
:10D56000FFF7DFFFA046234640F2011B0021ADF884
:10D570000CB019F8082008F1010E002A66D06FEAF5
:10D58000060C0098F208825C0CF0070C42FA0CF2D0
:10D5900002F0010252000AF801200136BEF1080F24
:10D5A00014BFF0464FF0000800294DD09DF80D2023
:10D5B00028469DF80C100193E1F78CFB019BB6F512
:10D5C000B87F03F101023DD30020D0264FF0010CBB
:10D5D000133305EB8303324653F804ED0109013E92
:10D5E0000CFA01F1524211EA0E014FEA50004FEAE3
:10D5F000D60802F0070217F808E018BF60F07F00B5
:10D600000CFA02F252B218BFC0B200292EEA020E82
:10D6100008BF00224EEA020207F80820002EDAD1E5
:10D620002A68134633F802091E3233F8021F884273
:10D6300028BF08469A42F8D1001BC0F34F0005B03E
:10D64000BDE8F08F134691E7012192E70134A4B2BF
:10D65000A4E72DE9F04F0024054685B00DF10C0A32
:10D6600000912830514699461746ADF80C40FFF717
:10D6700058FF514605F10800ADF80C402646FFF76B
:10D6800050FFA046234640F2011B0021ADF80CB02C
:10D6900019F8082008F1010E002A66D06FEA060C7E
:10D6A0000098F208825C0CF0070C42FA0CF202F0CF
:10D6B000010252000AF801200136BEF10C0F14BF1E
:10D6C000F0464FF0000800294DD09DF80D20284667
:10D6D0009DF80C100193E1F7FDFA019BB6F5887FE8
:10D6E00003F101023DD3002090264FF0010C1333CB
:10D6F00005EB8303324653F804ED0109013E0CFAB1
:10D7000001F1524211EA0E014FEA50004FEAD608E9
:10D7100002F0070217F808E018BF60F07F000CFA6B
:10D7200002F252B218BFC0B200292EEA020E08BFA0
:10D7300000224EEA020207F80820002EDAD12A68F9
:10D74000134633F802091E3233F8021F884228BFFD
:10D7500008469A42F8D1001BC0F34F0005B0BDE85F
:10D76000F08F134691E7012192E70134A4B2A4E7B8
:10D77000704710B51822044600210630FAF768FCFD
:10D780004FF0FF332360A38010BD10B50446FFF7B0
:10D79000F0FF204610BD13B504466846E0F796FD3D
:10D7A000009BC4F80630BDF80430638102B010BDA0
:10D7B00010B504460631E0F71FFD204610BD13B535
:10D7C00004466846E0F782FD009B2360BDF8043004
:10D7D000A38002B010BD10B50446E0F70DFD204651
:10D7E00010BD808940BA704749BA818170470E30B8
:10D7F000704710B51C210446DEF7DAFB40BAA0835F
:10D8000010BD10B51C210446DEF7D2FB43BAA08B35
:10D810009BB2C31A5842584110BD70470623F0B559
:10D82000B2FBF3F404FB1322D5B205EB8502841896
:10D830006378805C1A0985B042EA0012ADF80820CE
:10D840001B02A27803F470631343E078ADF80A304A
:10D8500023790C461A091B0203F4706342EA001292
:10D8600043EA4513ADF80C20ADF80E3002AE01F1DD
:10D870000C0730463588E0F753FC2D03284300029F
:10D8800000BA0190BDF804209DF806302280A370F4
:10D890000334BC4206F10206EBD105B0F0BD002214
:10D8A000C0E90022C0E90222027470470023C0E9E7
:10D8B0000033C0E90233037421B12AB1C0E9001278
:10D8C0000120704708467047104670470023C0E9A2
:10D8D00002330374704770B5044600680B46002895
:10D8E00049D04A7EC2F3840512061BD4227CAA4288
:10D8F0003DD1A268616802F119058D423BD81946F5
:10D900001044183351F8042B994240F8042BF9D1F4
:10D910000B7803700020A3681933A360237C0133C4
:10D92000237470BD6B1E182B23D8A36862685E1920
:10D93000964220D818442A46D3F73AF9A368E91842
:10D940000229A16001D80220EBE702392068DEF746
:10D950002FFBA16823688A1E9D5C0B4413F8013CD1
:10D9600043EA05239842EED10120E260D9E7042082
:10D97000D7E70520D5E70320D3E70022C0E900223E
:10D98000C0E9022202744282704710B5044608467C
:10D9900009B9002010BD002AFBD040F23931931C98
:10D9A0008B426260A360F4D811462060DEF700FB72
:10D9B00000236082E36001202374EBE72DE9F0414E
:10D9C000D0E90273BB4204460E4607D30846FFF770
:10D9D000C6FC4FF001084046BDE8F0810846FF1A3A
:10D9E000FFF7BDFCE3686568192F92BF4FF001088F
:10D9F0004FF000081927AB4219D2ED1ABD4228BFDB
:10DA00003D4621682A4630461944D3F7D1F8AF4243
:10DA10000FD8737E03F08303B8F1000F14D043EAEC
:10DA2000870363F07F037376A368E360D1E7002583
:10DA3000EDE7E2686168638A2A4491420CBF1B0AE1
:10DA4000DBB273550135E2E7227C920002F07C02E2
:10DA500013437376E3681933E360237C0133237443
:10DA6000B9E7704710B50446DDF77CFD2046E4F7C2
:10DA7000FFFC2046E4F792FDE0F7AAF8027890F860
:10DA80002D30032A00D10BB9E4F7FCFEBDE81040AD
:10DA9000E5F754B810B50446DDF764FD2046E4F719
:10DAA000E7FC2046E4F77AFFBDE81040E5F746B80A
:10DAB00010B50446DDF756FD2046E4F7D9FC2046B4
:10DAC000E4F76CFDE0F784F8027890F82D30032A33
:10DAD00000D11BB9E4F70EFDE4F7D4FEBDE8104019
:10DAE000E5F72CB8704790ED067AD0ED077A012360
:10DAF00030EE470A77EEC77A03FA01F1C0EE276AE3
:10DB000007EE901AB8EEE77AF6EE007A46EE877ADC
:10DB1000FBFE677AFDEEE77A17EE900A20EAE070E6
:10DB20008142D8BF01F1FF3070470123934090ED4F
:10DB3000060AD0ED076A07EE903A76EEC06A07EE65
:10DB4000101AF8EEE77A86EEA76AF8EEC77A06EEC4
:10DB5000270A704704F04EBED6F7DABBD6F764BC8E
:10DB600004F048BE30B50268ADF5805DD200B2F574
:10DB7000007F05460C4681B00BD86846D3F718F8ED
:10DB800022466946284600F08BF80DF5805D01B00D
:10DB900030BD0A460DF5805D01B0BDE8304000F0B3
:10DBA0007FB8F0B50546084611464FF0000C0F4609
:10DBB0000E46EC68059A2D6A01F5805EC6F800C035
:10DBC000C6F804C008367645F8D1002604EBD474B4
:10DBD000641005EBD5756D1003EB840C02EB840E1D
:10DBE000B54207F1080713DC641B03EB840302EB67
:10DBF00084046FF00702002602FB051202F5805232
:10DC0000B54202F108020DDCBDE8F040FFF7AABF03
:10DC1000FCEC017ABEEC017A67EE877A013647EDBB
:10DC2000027ADDE7F3EC017AB4EC017A67EE877AE9
:10DC3000013642ED027AE3E7F0EE400AB6EE000A62
:10DC4000D6F7FABA20EE200AF7F70EBF2DE9F34116
:10DC5000044691420D4610461F4604F1080817D1AC
:10DC60002068C000F1F7D8F906463B462946012254
:10DC7000CDE90084E7F766F8226831462846D200ED
:10DC8000D2F796FF304602B0BDE8F04104F0B2BDD5
:10DC90000122CDE90084E7F755F802B0BDE8F08134
:10DCA0000123FFF7D3BFF0B5059C0CB182EA6202F5
:10DCB0000D681F4605F00704C4F10804A34228BFFD
:10DCC0002746DB1B4FEAD50C42FA03F6E41B06FAA3
:10DCD00004F410F80C603D44344300F80C400D602F
:10DCE000002BE5D1F0BD13B501240094FFF7DBFF55
:10DCF00002B010BDF0B54FF0010C074600200E68D1
:10DD0000964606F00705C5F10805AA4228BFAE46AB
:10DD1000F4083C5DA5EB0E052C410CFA0EF5013D17
:10DD2000A2EB0E022C409440764420430E60002A61
:10DD3000E5D13BB180EA102080EA101080EA900023
:10DD400080EA5000F0BD0123FFF7D4BF08B5E7F724
:10DD500019FCBDE80840E7F707BC002070472DE933
:10DD6000F04706460D46174698462BB34FF0000A7B
:10DD700098F8004093F80190DB78A40004EB43048A
:10DD800098F802301C444444CA4509D33946304609
:10DD9000AC46D8F8042008F10803BDE8F047604716
:10DDA00014F8013B0AF1010A204648F82340FAF72B
:10DDB00009FD01300444E7E76FF01500BDE8F08786
:10DDC0000020704700F018BA0FB407B504A951F845
:10DDD000040B019100F010FA03B05DF804EB04B0FD
:10DDE0007047044608B5084611461A46A047F6F79C
:10DDF00065F9E9F7FBFC00EBC1004088400870477B
:10DE0000F8B50346FFF7F7FFB0FA80F0C0F11F0046
:10DE100003EB800CDCF81060CA00171D0C460632BC
:10DE20008DB256B9012101FA00F0D9680143D960D9
:10DE3000CCF81040DD539D52F8BDF1000431585A22
:10DE4000D85303EBC0009E52C5805D52F4E710B575
:10DE500000EBC104E388994202F104010AD10123D5
:10DE600003FA02F2C36823EA0203C360002340F806
:10DE7000213010BDA28840F8213000EBC20100EB38
:10DE8000C300CB808280F4E708B50346FFF7B3FFF9
:10DE9000B0FA80F21846BDE80840C2F11F02FFF751
:10DEA000D6BF2DE9F843B1FA81F5C5F11F0900EBA2
:10DEB0008908D8F8102003460E46C2B10327D8F8C7
:10DEC000104018462146FFF796FFB04206D34A4657
:10DED0001846FFF7BCFF2046BDE8F88303EBC404F7
:10DEE000E088013FC8F8100001D08242E7D14FF02E
:10DEF000FF34C5F120029440DA681440EBD094FA64
:10DF0000A4F2B2FA82F2111D53F821402146DFE754
:10DF100038B50346FFF76FFF0D4604461146184615
:10DF2000FFF769FF0444600003EBC50568801846ED
:10DF3000FFF761FF014423F8314038BD38B50C4686
:10DF40000346FFF758FFA51A511A054403EBC40412
:10DF50004800608003EBC2006C00448023F832105C
:10DF600018461146FFF747FF014423F8315038BDEA
:10DF700038B50546FFF73FFF0C46014405EBC103EA
:10DF80005B88DA070AD42846FFF77EFF2146284639
:10DF9000FFF731FF22182846FFF7BAFF35F8341093
:10DFA000611A05EBC1035B88DB070CD42846FFF739
:10DFB0006BFF35F834102246611A2846FFF7A8FF98
:10DFC00035F83430E41A21462846BDE83840FFF7DA
:10DFD00017BF70B5056809B9002070BDAB68B3EB19
:10DFE000D10FF9D90B31CC0821462846FFF759FF4C
:10DFF00006460028F0D001462846FFF7FCFEA04266
:10E0000007D928463219FFF799FF11462846FFF72E
:10E01000F7FE05EBC60210465388043043F00103B7
:10E020005380DAE7013A01F01F030A4430B54C0986
:10E030000121550902F01F02C26001FA02F2836059
:10E0400001FA03F3511E5B420A43AC42036108BF6D
:10E05000134004604560426108BF036130BDF0B504
:10E0600087B004460C981D4610B96846FFF7DAFFE2
:10E0700001684768A368B94253F82120066908D1AE
:10E0800025B1324343F8212007B0F0BD22EA060251
:10E09000F8E7B5B1324343F821204168A2684569E9
:10E0A00052F821302B4342F821304FF0FF31036802
:10E0B000013342689A42E7D9A26842F8231001333B
:10E0C000F7E722EA060243F82120A2684168466980
:10E0D00052F8213023EA060342F8213002684368EF
:10E0E00001329342D0D9A36843F82250F7E7D0E930
:10E0F000002130B54FF03333A2FB0324D51843EB96
:10E100000405A1FB0313521844EB0304521944F114
:10E110000002891843F10003C0E9001330BD10B5B7
:10E120000A680346002A0FDD013A0A6044680A20A3
:10E130001A68A2FB001200FB0422100F22F07042AA
:10E14000C3E90012303010BD3020FCE72DE9F0416A
:10E150000746884615461E461446B44205D30EB1FE
:10E16000601B08E02378002BFAD0414614F8010B1D
:10E17000B8470028F1DABDE8F081404080F311880B
:10E180004FF0040002DF70470FB407B504A951F83F
:10E19000040B0191FFF716FE03B05DF804EB04B029
:10E1A000704770477FB50BAB059303930A9B012221
:10E1B000029300231846CDE90033E8F7CFFA07B001
:10E1C0005DF804FB0020704708B505F012FE0A2236
:10E1D0000023D2F7D3FC08BD0346D3E8EF0F421C5F
:10E1E000C3E8E12F0029F8D17047002108B508469F
:10E1F000E8F748F9002008BD1FB50023CDE902016A
:10E200001A4619461846CDE90033E8F7A7FA05B0D3
:10E210005DF804FB70470020704770B50E46154648
:10E2200019460446120D18B9BDE87040E8F71ABA4D
:10E230002BB11030C5F34A231844D2F7B9FCC4E916
:10E2400000562046BDE87040E8F720BA07B5D1E98E
:10E2500000328DF80700012152680DF10700984740
:10E26000002003B05DF804FB0A2838B504460D46CB
:10E2700002D10D20FFF7EAFF29462046FFF7E6FF0F
:10E28000002038BDF8B506460D4614461F46214607
:10E2900028463A46B047241A0544F8D1F8BD13B5CC
:10E2A00000240094D6F750F902B010BD10B54268B2
:10E2B0000446D2E9002381680068FFF7E3FF0022EB
:10E2C00063681A6010BD7FB50BAB059303930A9B7F
:10E2D0000122029300231846CDE90033E8F73EFA05
:10E2E00007B05DF804FB30B59FB005680C466822A6
:10E2F000014601A8D2F75CFC0023284601A9CDE91C
:10E300001C331B94E8F7DEFC1FB030BD0021012058
:10E31000E8F7D8BC08B5E8F7F3FDBDE80840E8F732
:10E32000F7BE436F83F30B8870470B4601461846D0
:10E33000FFF713BD7FB50BAB059303930A9B012237
:10E34000029300231846CDE90033E8F707FA07B037
:10E350005DF804FB40E800F313F4803FD8B208BF37
:10E360006FF0150070477FB50BAB059303930A9BC5
:10E370000122029300231846CDE90033E8F7EEF9B5
:10E3800007B05DF804FB30B50C684B6885B00A89AE
:10E390004D890094013B24F01F04234402F01F0226
:10E3A00042EA451223F01F0369468DF808200393C3
:10E3B000E9F780FA05B030BD4FF0FF30704700201C
:10E3C000704708461146E9F771BC08461146E9F75F
:10E3D00081BC4FF0FF307047002070470228CCBF4F
:10E3E0000020012070474FF4005300204B6070471D
:10E3F000F3F70EBC4FF0FF324FF0FF33E9F75CBD8F
:10E4000000220023E9F744BE4FF0FF324FF0FF3304
:10E41000E9F73EBE06460D4608B5F5F74FFE044641
:10E420003046A84701462046E9F774FF19B1C0E914
:10E430000112002070470D20704738B1C3692BB11D
:10E4400043680B6083680020136070471620704794
:10E450007FB50BAB059303930A9B01220293002324
:10E460001846CDE90033E8F779F907B05DF804FB09
:10E4700010B50446636E08467BB3E36FB4F888209A
:10E4800033B104F16401984701280BD002281ED053
:10E49000B4F88830B4F884209A4218D90133A4F82B
:10E4A000883003E0D4F89430C4F89030A36F23B9D7
:10E4B0002046BDE81040EAF761BAD4E8EF3F5A1EA3
:10E4C000C4E8E12F0029F8D1012BF1DC10BDA36FC6
:10E4D0001BB104F1080005F0B0FC04F15000BDE8E8
:10E4E0001040F4F7BDBA38B5056904462B689B683F
:10E4F00003B19847214605F10800BDE83840FFF711
:10E50000B7BF10B403460838D0E8EF2F511CC0E85D
:10E51000E41F002CF8D11AB95DF8044BEAF72EBAC3
:10E520006FF00F025DF8044B9A65704773B50446AF
:10E5300005694668F0F746F9286023691868F0F71E
:10E540004BF9002213201146E8F7A8FC2B6D1BB9EC
:10E5500005F14800F4F784FA0021706801AA00F080
:10E5600028FC002805DB019B00221979186800F0BF
:10E5700035FC002002B070BD6FF0850070470020B0
:10E5800070476FF0850070470B4610B51022446845
:10E5900000211846F9F75CFD628D0280228D4280D1
:10E5A00094F82C2094F86F1082F00802C2F3C00295
:10E5B00081F001018A420CBF1022202242600273C6
:10E5C00010BD7FB50BAB059303930A9B0122029309
:10E5D00000231846CDE90033E8F7C0F807B05DF82E
:10E5E00004FB0A46014610B451F8040B83681C680A
:10E5F0000023A4465DF8044B60476FF08500704728
:10E60000F0B587B08DF80710012146681F460DF15F
:10E6100007030293054602AB06F11800CDE9043169
:10E6200014460391EAF77EFB304604A9FFF7D9FFB1
:10E6300000280DDB74B1686800211830CDE902476D
:10E64000EAF770FB304604A9FFF7CBFF00EAE07061
:10E6500007B0F0BD2046FBE7002329211A46FFF74B
:10E66000CFBF002328211A46FFF7CABF38B5056976
:10E67000ECF744FB044658B902460146286068603E
:10E68000A860E8F70BFC2046E8F7FAFB204638BD07
:10E690006FF00404FAE77FB50BAB059303930A9B75
:10E6A0000122029300231846CDE90033E8F756F81B
:10E6B00007B05DF804FB38B505290C46056903D998
:10E6C000BDE83840EAF7E4BF0121E0B2ECF7A0FB77
:10E6D00028B9342303FB045585F83C0038BD6FF09E
:10E6E0000400FBE738B505291546026903D9BDE8E2
:10E6F0003840EAF7CDBF342303FB012292F83C30C7
:10E70000DBB22B705069687023B1C8B2546A06F04E
:10E710003FF9231A6B60002038BD684620F00701DE
:10E720008D4601B506F030F9E8F7F2FCBDE801408E
:10E730008546704738B504460569F0F743FB45F850
:10E74000040B23691868F0F747FB23690221186856
:10E75000F0F760FB236925211868F0F7C3FB2369F4
:10E760001868F0F707FC01222846114605F0E7FA81
:10E77000002038BD2DE9F04105460E46EFF3108725
:10E78000012383F310884FF080426FF06041D2F88C
:10E79000A0031368B3F1C05F75D313688B428CBFBD
:10E7A00000230123946DB4F1C05F6ED3946D8C424D
:10E7B0008CBF0024012443EA4404D2F8B030B3F102
:10E7C000C05F64D3D2F8B0308B428CBF00230123EA
:10E7D00044EA8304D2F80831B3F1C05F59D3D2F8C8
:10E7E00008318B428CBF0023012344EAC304D2F8D2
:10E7F0006031B3F1C05F4ED3D2F860318B428CBF31
:10E800000023012344EA0314D2F8B831B3F1C05F06
:10E8100043D3D2F8B8318B428CBF0023012344EAA2
:10E820004314D2F81032B3F1C05F38D3D2F81032AB
:10E830008B428CBF0023012344EA8314D2F8683250
:10E84000B3F1C05F2DD3D2F868328B428CBF002366
:10E85000012344EAC314044099D12146686806F0B4
:10E860006BF8686806F080F801218046686806F059
:10E8700063F887F31088B8F1000F14D02046C6F86B
:10E880000080BDE8F08100238CE7002493E700239B
:10E890009EE70023A9E70023B4E70023BFE7002396
:10E8A000CAE70023D5E76FF00400EAE770B5EFF39D
:10E8B0001085012383F310884FF080416FF060468C
:10E8C000D1F8A0430B68B3F1C05F66D30A68B242C7
:10E8D0008CBF002201228B6DB3F1C05F5FD38B6DC3
:10E8E000B3428CBF0023012342EA4303D1F8B02096
:10E8F000B2F1C05F55D3D1F8B020B2428CBF002234
:10E90000012243EA8203D1F80821B2F1C05F4AD361
:10E91000D1F80821B2428CBF0022012243EAC2038F
:10E92000D1F86021B2F1C05F3FD3D1F86021B2428B
:10E930008CBF0022012243EA0213D1F8B821B2F1C0
:10E94000C05F34D3D1F8B821B2428CBF002201227B
:10E9500043EA4213D1F81022B2F1C05F29D3D1F8B3
:10E960001022B2428CBF0022012243EA8213D1F866
:10E970006822B2F1C05F1ED3D1F86822B2428CBFC8
:10E980000022012243EAC2131C4099D1406805F0DD
:10E99000E3FF85F31088204670BD00229BE700232B
:10E9A000A2E70022ADE70022B8E70022C3E7002279
:10E9B000CEE70022D9E70022E4E770B516461D46EF
:10E9C00093B19AB1B1F5800F10DCCB18B3F5800F7D
:10E9D0000CD801F1C05429462046E8F71DFF2A460D
:10E9E00021463046D2F7E4F8002070BD6FF01500E4
:10E9F000FBE72DE9F04F0646894690461C4689B054
:10EA0000002B00F0A980002A00F0C880B1F5800F2B
:10EA100000F3C480CB18B3F5800F00F2BF80EFF392
:10EA20001087012383F310884FF080426FF060401D
:10EA3000D2F8A0131368B3F1C05FC0F091801568DD
:10EA400085428CBF00250125936DB3F1C05FC0F0F6
:10EA50008980936D83428CBF0023012345EA4303E1
:10EA6000D2F8B050B5F1C05F7ED3D2F8B050854235
:10EA70008CBF0025012543EA8503D2F80851B5F182
:10EA8000C05F73D3D2F8085185428CBF00250125A1
:10EA900043EAC503D2F86051B5F1C05F68D3D2F83C
:10EAA000605185428CBF0025012543EA0513D2F849
:10EAB000B851B5F1C05F5DD3D2F8B85185428CBF73
:10EAC0000025012543EA4513D2F81052B5F1C05F85
:10EAD00052D3D2F8105285428CBF0025012543EA5B
:10EAE0008513D2F86852B5F1C05F47D3D2F86852A7
:10EAF00085428CBF0025012543EAC513194097D1F3
:10EB0000706805F019FF08F16843B3F5800F09F14B
:10EB1000C05938D2454608EB040AAAEB050BBBF1F5
:10EB2000200F28BF4FF0200B29465A466846D2F7DF
:10EB30003FF8A5EB08015B466A467068494405F05A
:10EB4000FFFE0446E0B95D445545E6D301217068F7
:10EB500005F0F2FE87F31088204609B0BDE8F08F7B
:10EB6000002571E7002379E7002584E700258FE77A
:10EB700000259AE70025A5E70025B0E70025BBE7BB
:10EB80006FF00404E2E7234642464946706805F008
:10EB9000D7FE041E18BF6FF00404D7E76FF015040A
:10EBA000DAE708B9ECF79EBA012801D1ECF7A4BA6C
:10EBB00000207047F8B51C4643680E465868154655
:10EBC000FFF7EFFF4FF00803EFF3118783F312888D
:10EBD000BFF36F8FB5F1A07F11D1B4F1007F20D0CA
:10EBE000B4F1806F14BF162112210122B240ECF75C
:10EBF0000FFB87F31188BFF36F8F0020F8BDB5F5C9
:10EC0000800F08D1B4F1007F0DD0B4F1806F14BF34
:10EC100002210A21E9E7B5F5001F14BF02210121F5
:10EC2000E3E70E21E1E70621DFE710B543680C4674
:10EC30005868FFF7B6FF02680020536A63405362CA
:10EC400010BD10B543680C465868FFF7AAFF02686C
:10EC50000020536A23EA0403536210BD10B54368D1
:10EC60000C465868FFF79DFF02680020536A234353
:10EC7000536210BD38B543680D4658681446FFF717
:10EC800090FF036800205A6A54402C4054405C6254
:10EC900038BD10B543680C465868FFF782FF03681B
:10ECA00000201B6A236010BD08B5ECF71BFA002298
:10ECB0001146ECF72BFA002202211120E8F7EEF8BA
:10ECC0001120E8F7DDF8002008BD08B5ECF714FACC
:10ECD00000221146ECF71AFA002202211220E8F76E
:10ECE000DDF81220E8F7CCF8002008BD406808B134
:10ECF000012801D1EDF726BB70472DE9F0414368AB
:10ED00001546064658680C46FFF74BFF15F440338E
:10ED100007464BD0B3F5403F48D07368586848BBAE
:10ED2000012C25D9A4F10A02042A8CBF0022012259
:10ED300021460020EDF786FA15F400381FD0012295
:10ED4000384602FA04F1ECF7A1FBE90625D50122C9
:10ED500021467068FFF7CAFF15F4002221D0012276
:10ED600002FA04F13846ECF75DFB0020BDE8F081C3
:10ED70000122DDE70128DFD100222146DAE7E8039E
:10ED8000E3D501214246A1403846ECF77FFB4246DD
:10ED900021467068FFF7AAFFD7E7AA06DCD5022252
:10EDA000D6E76B03E1D50121A140DBE76FF08500D9
:10EDB000DCE730B5036813600579046804EBC5042B
:10EDC000A34202D36FF0010030BD5C798C4201D0C8
:10EDD0000833F0E70020F7E700207047F7B5044656
:10EDE00000EBC105AC4202D1002003B0F0BD2368A6
:10EDF000C3B15B680DF10701186827796679EDF7F3
:10EE000013FB78B9324639469DF80700EDF71AFA38
:10EE100040B9330606D539469DF8070006F07F0253
:10EE2000EFF79EFF0834DDE708B50022022110202D
:10EE3000E8F734F81020E8F723F8002008BD02F0C6
:10EE4000EEBC13B54468E378012B19D1EDF704FE4D
:10EE5000002102F050FEEDF7FFFD022102F095FEC9
:10EE60000021606801AAFFF7A4FF002805DB019BD1
:10EE7000002219791868FFF7B1FF002002B010BD19
:10EE80004FF0FF30FAE7436882B01B685A69D00739
:10EE900042BF1A6800200A705A6958BF4FF0FF300D
:10EEA000910744BF5A6901925A695206FCD502B0D3
:10EEB000704743681B685A69900648BF19605A69D1
:10EEC0005206FCD57047026929B1136800200B6017
:10EED00053684B6070476FF01500704710B50446DB
:10EEE000ECF760FB0368A34203D1BDE81040ECF7E8
:10EEF00059BBECF761FB0368A34203D1BDE81040A6
:10EF0000ECF75ABBECF762FB03689C4203D1BDE807
:10EF10001040ECF75BBB002010BD30B5044608681C
:10EF200008B9106008E0206845689D4205D3B5FB2C
:10EF3000F3F515602368186830BD08302060086854
:10EF400001380860EBE703699B6D1B6903B1184743
:10EF5000704708B50C2000220221E7F79FFFBDE8AB
:10EF600008400C20E7F78CBF08B50D2000220221D5
:10EF7000E7F794FFBDE808400D20E7F781BF7FB5B4
:10EF80000BAB059303930A9B029300231846CDE92C
:10EF90000033E7F7E3FB07B05DF804FB10B5036847
:10EFA0000446DBB19868C8B149B1197B0122EAF780
:10EFB00011FF23681869BDE81040F5F775BD12B957
:10EFC0009A88D2040AD41869F5F76EFD23680022E6
:10EFD000BDE81040197B9868EAF7FCBE10BD10B57B
:10EFE000012200210446FFF7D9FFA36933B963600A
:10EFF00004F11000BDE81040F3F732BD10BD08B5B4
:10F000000069FFF7ECFF002008BD80B582B000AFBB
:10F0100078607B685BB21846EBF7B0FB00BF08373F
:10F02000BD4680BD80B400AF00BFBD465DF8047B27
:10F03000704780B483B000AF786039600CE07A68C4
:10F040003B689A4204D97A683B68D31A7B6003E034
:10F050003A687B68D31A3B607A683B689A42EED183
:10F060007B6818460C37BD465DF8047B704780B559
:10F0700088B000AFBA607B600346FB810B46BB8162
:10F080007A68BB689A4201D900237FE07A68BB683E
:10F090009A4208D1BB6A002B02D07A68BB6A1A6018
:10F0A0004FF0011372E001233B833B8B7B83BA68F3
:10F0B0007B68D21A13469B0013445B003B6102231A
:10F0C000BB8347E00123FB833DE0BB8B03F00103DF
:10F0D000002B04D1FB8B03F00103002B2DD0BB8B45
:10F0E000FA8B11461846FFF7A4FF0346022B26D8D9
:10F0F000BB8B7A6803FB02F2FB8BB96801FB03F35D
:10F10000D31A7B617B69002B02DA7B695B427B61EE
:10F110007A6913469B0013445B001A46FB8B92FBF3
:10F12000F3F37B617A693B699A4209DA7B693B6157
:10F13000FB8B7B83BB8B3B8302E000BF00E000BF07
:10F14000FB8B0133FB83FA8BBB8B9A42BDD3BB8B0A
:10F150000133BB83BA8BBB899A42B3D9BB6A002BFC
:10F1600010D03B8B002B0DD07B8BBA6802FB03F3D6
:10F170003A8B520892B21A443B8BB2FBF3F31A4615
:10F18000BB6A1A607B8B1A043B8B134318462037EB
:10F19000BD4680BD80B483B000AF78607B68202B13
:10F1A0000CD84FF08C435B6E01217A6801FA02F2B1
:10F1B00011464FF08C420B43536600E000BF0C3702
:10F1C000BD465DF8047B704780B483B000AF4FF05C
:10F1D0000803EFF3118283F31288BFF36F8F7A6015
:10F1E0003B607B6818460C37BD465DF8047B704772
:10F1F00080B485B000AF78607B68FB60FB6883F308
:10F200001188BFF36F8F00BF00BF1437BD465DF894
:10F21000047B704780B483B000AF0346FB712023AA
:10F2200018460C37BD465DF8047B704780B582B048
:10F2300000AF78607B685BB21846EBF71DFD00BF3E
:10F240000837BD4680BD80B582B000AF78607B686E
:10F250005BB21846EBF72EFD00BF0837BD4680BDF8
:10F2600080B485B000AF78607B68032B01D80023A1
:10F2700018E07B68B3F5807F01D9072312E00723EC
:10F28000FB6008E07A68FB6822FA03F3002B06D1E2
:10F29000FB68013BFB60FB68012BF3D800E000BF7B
:10F2A000FB68013B18461437BD465DF8047B704788
:10F2B00080B483B000AF01237B607B6883F3108848
:10F2C00000BF00BF0C37BD465DF8047B704780B4BB
:10F2D00083B000AF00237B607B6883F3108800BF9E
:10F2E00000BF0C37BD465DF8047B704780B489B021
:10F2F00000AFF860B9607A60FB68BB61BB687B6196
:10F300000023FB610AE0FB69BA691A44FB69796969
:10F310000B4412781A70FB690133FB61FB697A6850
:10F320009A42F0D800BF00BF2437BD465DF8047B89
:10F33000704780B582B000AF78607B685BB21846DA
:10F34000EBF7B2FE00BF0837BD4680BD80B487B082
:10F3500000AFF860B9607A6000237B6100237B61B5
:10F3600099E001227B6902FA03F31A467B68134095
:10F37000002B00F08D807B69072B19D8FB681B6878
:10F380005A6D7B699B00072101FA03F3DB431946A1
:10F39000FB681B680A405A65FB681B68596D7B69EE
:10F3A0009B00BA689A40FB681B680A435A6564E090
:10F3B0007B69072B1ED97B690F2B1BD8FB681B6849
:10F3C0009A6D7B69083B9B00072101FA03F3DB433D
:10F3D0001946FB681B680A409A65FB681B68996DB3
:10F3E0007B69083B9B00BA689A40FB681B680A432C
:10F3F0009A6542E07B690F2B1ED97B69172B1BD8BE
:10F40000FB681B68DA6D7B69103B9B00072101FAE2
:10F4100003F3DB431946FB681B680A40DA65FB68A7
:10F420001B68D96D7B69103B9B00BA689A40FB68EA
:10F430001B680A43DA6520E07B69172B1DD97B69BD
:10F440001F2B1AD8FB681B681A6E7B69183B9B0040
:10F45000072101FA03F3DB431946FB681B680A40E6
:10F460001A66FB681B68196E7B69183B9B00BA68BB
:10F470009A40FB681B680A431A66FB681B69996817
:10F480007A6913465B0013440B44BA68D2B29A708F
:10F490007B6901337B61FB68DB687A699A42FFF420
:10F4A00060AF00BF00BF1C37BD465DF8047B7047EE
:10F4B00080B487B000AFF860B9607A6000237B61E8
:10F4C00000237B6116E001227B6902FA03F31A46EE
:10F4D0007B681340002B0AD0FB681B6999687A6926
:10F4E00013465B0013440B44BA68D2B25A707B696E
:10F4F00001337B61FB68DB687A699A42E3D300BF22
:10F5000000BF1C37BD465DF8047B704780B487B0F0
:10F5100000AFF860B9607A6000237B6100237B61F3
:10F5200016E001227B6902FA03F31A467B68134056
:10F53000002B0AD0FB681B6999687A6913465B0047
:10F5400013440B44BA68D2B21A707B6901337B61F1
:10F55000FB68DB687A699A42E3D300BF00BF1C37BF
:10F56000BD465DF8047B704780B584B000AF78601D
:10F570007B681B685B6EFB607B681B68FA685A6679
:10F580007B681B691B687A68D268012101FA02F264
:10F59000013A1146FA6801EA02007A681269526873
:10F5A0001146984700BF1037BD4680BD80B582B078
:10F5B00000AF78607B685BB21846EBF7B1FF00BF25
:10F5C0000837BD4680BD80B582B000AF78607B68EB
:10F5D0005BB21846EBF7C2FF00BF0837BD4680BDDF
:10F5E00080B485B000AF78600023FB607B681B6847
:10F5F0005B6903F01E03BB60BB6803F00203002BD2
:10F6000007D07B689B6901225A71FB6843F0200395
:10F61000FB60BB6803F00403002B07D07B689B6989
:10F6200001221A72FB6843F40073FB60BB6803F0AD
:10F630001003002B08D07B689B6901229A71FB683C
:10F6400043F08003FB600CE0BB6803F00803002B71
:10F6500007D07B689B690122DA71FB6843F48073F1
:10F66000FB60FB6818461437BD465DF8047B7047A5
:10F6700090B587B000AF786000237B617B681B6822
:10F680009B68BB60BB6803F00103002B40F0EF8078
:10F69000BB6803F00203002B3ED07B68DA687B680E
:10F6A0001B68D3F88030D31A3B610FE07B689B69FD
:10F6B0009A697B689B691B6A13441A787B681B688C
:10F6C0001A607B689B691A6A01321A623B695A1E8A
:10F6D0003A61002B07D07B689B691A697B689B693C
:10F6E0001B6A9A42E2D17B689B691A697B689B69B5
:10F6F0001B6A9A4210D17B681B685A687B681B683A
:10F7000022F002025A607B689B69002283F828205D
:10F710007B6943F001037B61BB6803F00603062BA2
:10F7200006D17868FFF75CFF02467B6913437B6173
:10F73000BB6803F00403002B04D1BB6803F00C0387
:10F740000C2B6CD17B689B6993F83A30002B14D159
:10F750007B685B699A787B689C69104605F018F9AC
:10F760000346E3617B685B699B7801211846EBF7F0
:10F770004FFB7B685B6900225A707B689B691B6B3F
:10F78000012B03D17B689B691B6B03E07B689B6942
:10F790001B6B013BFB6036E07868FFF721FF0246F8
:10F7A0007B6913437B617B681B6819687B689B6975
:10F7B0005A697B689B69DB691344CAB21A707B681B
:10F7C0009B69DA690132DA617B689B69DA697B6877
:10F7D0009B69DB689A4216D17B681B685A687B6814
:10F7E0001B6822F001025A607B681A6853686FF345
:10F7F000041353607B689B6900221A717B6943F094
:10F8000002037B610BE07B681B685B6903F001030B
:10F81000002B04D0FB685A1EFA60002BBCD17B6819
:10F820009B6993F84030002B14D0BB6803F00C03A5
:10F830000C2B0FD17B689B69DA697B689B69DB685D
:10F840009A4207D07B689B6900221A717B6943F05A
:10F8500040037B617B681B689B693B613B6903F0EC
:10F860000103002B03D07B6943F480637B617B68D9
:10F870009B691B68002B0BD07B69002B08D07B6831
:10F880009B691B687A689269D26B114678699847C0
:10F8900000BF1C37BD4690BD80B582B000AF786018
:10F8A00039607B68012B1DD13B689A693B689B6975
:10F8B00012691A623B689B69002283F828203B6822
:10F8C0001B6900225A703B689B691B68002B0BD098
:10F8D0003B689B691B683A689269D26B11460120AC
:10F8E000984701E000BF00E000BF00BF0837BD46F9
:10F8F00080BD80B582B000AF786039607B68012B35
:10F900001CD13B689A693B689B69D268DA613B68A5
:10F910009B6900221A713B685B6900225A703B6840
:10F920009B691B68002B0BD03B689B691B683A687E
:10F930009269D26B11460220984701E000BF00E0B7
:10F9400000BF00BF0837BD4680BD80B400AF4FF098
:10F950008C43DB6BC3F3C043DBB21846BD465DF896
:10F96000047B704780B487B000AFF860B9607A60FC
:10F970004FF08C43DB6BC3F30043DBB2FB75FB7DC5
:10F98000002B03D1FB684FF480721A80FB7D012BA2
:10F9900002D1FB6801221A804FF08C43DB6BC3F36A
:10F9A0004463DBB21A46BB681A704FF08C43DB6BC2
:10F9B000C3F30453DBB20133DAB27B681A7000BFC1
:10F9C0001C37BD465DF8047B704780B400AF4FF034
:10F9D0008C431B6CC3F3C003DBB21846BD465DF815
:10F9E000047B704780B487B000AFF860B9607A607C
:10F9F0004FF08C431B6CC3F30003DBB2FB75FB7D44
:10FA0000002B03D1FB684FF480721A80FB7D012B21
:10FA100002D1FB6801221A804FF08C431B6CC3F3A8
:10FA20004423DBB21A46BB681A704FF08C431B6C40
:10FA3000C3F30413DBB20133DAB27B681A7000BF80
:10FA40001C37BD465DF8047B704780B400AF4FF0B3
:10FA50008C431B6CC3F3C043DBB21846BD465DF854
:10FA6000047B704780B487B000AFF860B9607A60FB
:10FA70004FF08C431B6CC3F30043DBB2FB75FB7D83
:10FA8000002B03D1FB684FF480721A80FB7D012BA1
:10FA900002D1FB6801221A804FF08C431B6CC3F328
:10FAA0004463DBB21A46BB681A704FF08C431B6C80
:10FAB000C3F30453DBB20133DAB27B681A7000BFC0
:10FAC0001C37BD465DF8047B704780B400AF4FF033
:10FAD0008C439B6BC3F3C043DBB21846BD465DF855
:10FAE000047B704780B485B000AF786039604FF018
:10FAF0008C439B6BC3F30143DBB2FB73FB7B002B9B
:10FB000003D17B684FF480721A80FB7B012B02D1FA
:10FB10007B6802221A80FB7B022B02D17B681022B9
:10FB20001A804FF08C439B6BC3F30253DBB201335B
:10FB3000DAB23B681A7000BF1437BD465DF8047B2B
:10FB4000704780B487B000AFF860B9607A604FF05A
:10FB50008C431B6BC3F30103DBB2FB75FB7D002BF6
:10FB600003D1FB684FF480721A80FB7D012B02D118
:10FB7000FB6808221A80FB7D022B02D1FB68402221
:10FB80001A804FF08C431B6BC3F3C223DBB21A46BF
:10FB9000BB681A704FF08C431B6BC3F30223DBB2BC
:10FBA0000133DAB27B681A7000BF1C37BD465DF8BE
:10FBB000047B704780B483B000AF786039604FF049
:10FBC0008C431B6BC3F34453DBB21A467B681A7039
:10FBD0004FF08C431B6BC3F30443DBB20133DAB247
:10FBE0003B681A7000BF0C37BD465DF8047B704758
:10FBF00080B400AF4FF08C431B6BC3F30013DBB238
:10FC00001846BD465DF8047B704780B483B000AFF2
:10FC1000786039604FF08C435B6BC3F3C223DBB277
:10FC20001A467B681A704FF08C435B6BC3F3022358
:10FC3000DBB20133DAB23B681A7000BF0C37BD4645
:10FC40005DF8047B704780B483B000AF0346FB715E
:10FC50004FF08C42FB7903F00303D9B2136B61F3CD
:10FC60005E731363002318460C37BD465DF8047BB2
:10FC7000704780B582B000AF4FF08C431B6BC3F36D
:10FC80004173DBB20A337B60ECF72CFD02467B68E4
:10FC9000B2FBF3F318460837BD4680BD80B400AF11
:10FCA0004FF4FA431846BD465DF8047B704780B4B4
:10FCB00000AF4FF400431846BD465DF8047B704723
:10FCC00080B483B000AF03460A46FB711346BB7194
:10FCD0004FF08C42D36B6FF39E73D3634FF08C4223
:10FCE000FB7903F01F03D9B2D36B61F35D63D36378
:10FCF000BB79013BDBB24FF08C4203F01F03D9B25A
:10FD0000D36B61F31853D3634FF08C42D36B43F042
:10FD10008043D36300BF0C37BD465DF8047B70475A
:10FD200080B483B000AF0346FB80FB88B3F5807FCF
:10FD300005D14FF08C42D36B6FF31043D363FB8834
:10FD4000012B05D14FF08C42D36B43F48033D36346
:10FD5000002318460C37BD465DF8047B704780B41D
:10FD600089B000AFF860B9607A603B60BB6807EEAD
:10FD7000903AF8EE676AFB6807EE903AB8EE677A59
:10FD8000C6EE877AC7ED057AD7ED057AB7EE007A29
:10FD9000F4EE477AF1EE10FA07D17B6801221A706F
:10FDA0003B6801221A70002334E00223BB612CE07F
:10FDB0000123FB611FE0FB6907EE903AF8EE676AEA
:10FDC000BB6907EE903AB8EE677AC6EE877A97ED90
:10FDD000057AB4EE677AF1EE10FA09D1FB69DAB26E
:10FDE0007B681A70BB69DAB23B681A70002311E0B5
:10FDF000FB690133FB61FB69072B03D8FA69BB6917
:10FE00009A42D8D3BB690133BB61BB69082BCFD9F8
:10FE10004FF0FF3318462437BD465DF8047B70472A
:10FE200080B582B000AFFFF790FD0346002B01D1F3
:10FE3000002310E03A1D791DBB1D1846FFF792FD07
:10FE4000FB881846ECF710FD03467A7902FB03F3B2
:10FE50003A79B3FBF2F318460837BD4680BD80B44B
:10FE600083B000AF03460A46FB711346BB714FF0E7
:10FE70008C42136C6FF38E3313644FF08C42FB791A
:10FE800003F01F03D9B2136C61F34D231364BB79E4
:10FE9000013BDBB24FF08C4203F01F03D9B2136C6D
:10FEA00061F3081313644FF08C42136C43F48043E6
:10FEB000136400BF0C37BD465DF8047B704780B407
:10FEC00083B000AF0346FB80FB88B3F5807F05D18C
:10FED0004FF08C42136C6FF300031364FB88012B0B
:10FEE00005D14FF08C42136C43F0010313640023DF
:10FEF00018460C37BD465DF8047B704780B489B066
:10FF000000AFF860B9607A603B60BB6807EE903A7A
:10FF1000F8EE676AFB6807EE903AB8EE677AC6EECD
:10FF2000877AC7ED057AD7ED057AB7EE007AF4EE59
:10FF3000477AF1EE10FA07D17B6801221A703B680C
:10FF400001221A70002334E00223BB612CE001235C
:10FF5000FB611FE0FB6907EE903AF8EE676ABB6948
:10FF600007EE903AB8EE677AC6EE877A97ED057A93
:10FF7000B4EE677AF1EE10FA09D1FB69DAB27B6868
:10FF80001A70BB69DAB23B681A70002311E0FB6992
:10FF90000133FB61FB69072B03D8FA69BB699A42FD
:10FFA000D8D3BB690133BB61BB69082BCFD94FF0F4
:10FFB000FF3318462437BD465DF8047B704780B593
:10FFC00082B000AFFFF701FD0346002B01D10023F3
:10FFD00010E03A1D791DBB1D1846FFF703FDFB8895
:10FFE0001846ECF741FC03467A7902FB03F33A79B1
:10FFF000B3FBF2F318460837BD4680BD80B483B02A
:020000041803DF
:1000000000AF03460A46FB711346BB714FF08C42AA
:10001000136C6FF39E7313644FF08C42FB7903F003
:100020001F03D9B2136C61F35D631364BB79013BA9
:10003000DBB24FF08C4203F01F03D9B2136C61F3B3
:10004000185313644FF08C42136C43F080431364D5
:1000500000BF0C37BD465DF8047B704780B483B0A9
:1000600000AF0346FB80FB88B3F5807F05D14FF0DE
:100070008C42136C6FF310431364FB88012B05D182
:100080004FF08C42136C43F4803313640023184602
:100090000C37BD465DF8047B704780B489B000AF73
:1000A000F860B9607A603B60BB6807EE903AF8EEA2
:1000B000676AFB6807EE903AB8EE677AC6EE877A11
:1000C000C7ED057AD7ED057AB7EE007AF4EE477AF8
:1000D000F1EE10FA07D17B6801221A703B68012209
:1000E0001A70002334E00223BB612CE00123FB6182
:1000F0001FE0FB6907EE903AF8EE676ABB6907EE0E
:10010000903AB8EE677AC6EE877A97ED057AB4EE44
:10011000677AF1EE10FA09D1FB69DAB27B681A70DE
:10012000BB69DAB23B681A70002311E0FB69013346
:10013000FB61FB69072B03D8FA69BB699A42D8D3E4
:10014000BB690133BB61BB69082BCFD94FF0FF33CB
:1001500018462437BD465DF8047B704780B582B0F1
:1001600000AFFFF772FC0346002B01D1002310E023
:100170003A1D791DBB1D1846FFF774FCFB88184615
:10018000ECF772FB03467A7902FB03F33A79B3FB8F
:10019000F2F318460837BD4680BD80B483B000AF87
:1001A00003460A46FB711346BB714FF08C42936CB9
:1001B0006FF3DF7393644FF08C42FB7903F00F030E
:1001C000D9B2936C61F3DE639364BB79013BDBB21C
:1001D0004FF08C4203F01F03D9B2936C61F39A5332
:1001E00093644FF08C42936C43F00043936400BFE0
:1001F0000C37BD465DF8047B704780B483B000AF18
:100200000346FB80FB88B3F5807F05D14FF08C421D
:10021000936C6FF314539364FB88012B05D14FF05B
:100220008C42936C43F480139364002318460C377C
:10023000BD465DF8047B704780B489B000AFF860BC
:10024000B9607A603B60BB6807EE903AF8EE676A87
:10025000FB6807EE903AB8EE677AC6EE877AC7ED8C
:10026000057AD7ED057AB7EE007AF4EE477AF1EE2B
:1002700010FA07D17B6801221A703B6801221A70BC
:10028000002334E00223BB612CE00123FB611FE06B
:10029000FB6907EE903AF8EE676ABB6907EE903AA1
:1002A000B8EE677AC6EE877A97ED057AB4EE677A8C
:1002B000F1EE10FA09D1FB69DAB27B681A70BB69FA
:1002C000DAB23B681A70002311E0FB690133FB616D
:1002D000FB69072B03D8FA69BB699A42D8D3BB697B
:1002E0000133BB61BB69082BCFD94FF0FF331846F0
:1002F0002437BD465DF8047B704780B483B000AFFF
:1003000003460A46FB711346BB714FF08C42D36B18
:100310006FF38A23D3634FF08C42FB7903F007031A
:10032000D9B2D36B61F3C913D363BB79013BDBB2A1
:100330004FF08C4203F00703D9B2D36B61F306137D
:10034000D3634FF08C42D36B43F48063D36300BF1D
:100350000C37BD465DF8047B704780B483B000AFB6
:100360000346FB80FB88B3F5807F05D14FF08C42BC
:10037000D36B6FF30003D363FB88012B05D14FF0E0
:100380008C42D36B43F00103D363002318460C3730
:10039000BD465DF8047B704780B489B000AFF8605B
:1003A000B9607A603B60BB6807EE903AF8EE676A26
:1003B000FB6807EE903AB8EE677AC6EE877AC7ED2B
:1003C000057AD7ED057AB7EE007AF4EE477AF1EECA
:1003D00010FA07D17B6801221A703B6801221A705B
:1003E000002334E00223BB612CE00123FB611FE00A
:1003F000FB6907EE903AF8EE676ABB6907EE903A40
:10040000B8EE677AC6EE877A97ED057AB4EE677A2A
:10041000F1EE10FA09D1FB69DAB27B681A70BB6998
:10042000DAB23B681A70002311E0FB690133FB610B
:10043000FB69072B03D8FA69BB699A42D8D3BB6919
:100440000133BB61BB69082BCFD94FF0FF3318468E
:100450002437BD465DF8047B704780B483B000AF9D
:100460000346FB714FF08C42936C6FF3CB23936484
:10047000FB79013BDBB24FF08C4203F00703D9B2AA
:10048000936C61F30A2393644FF08C42936C43F4B2
:100490000063936400BF0C37BD465DF8047B704772
:1004A00080B489B000AFF860B9607A603B60FB68E7
:1004B0005B08FB60BB6807EE903AF8EE676AFB6882
:1004C00007EE903AB8EE677AC6EE877AC7ED057AFE
:1004D000D7ED057AB7EE007AF4EE477AF1EE10FA2E
:1004E00007D17B6801221A703B6801221A70002331
:1004F00034E00223BB612CE00123FB611FE0FB69B8
:1005000007EE903AF8EE676ABB6907EE903AB8EEEC
:10051000677AC6EE877A97ED057AB4EE677AF1EEE0
:1005200010FA09D1FB69DAB27B681A70BB69DAB2DA
:100530003B681A70002311E0FB690133FB61FB6922
:10054000012B03D8FA69BB699A42D8D3BB6901333E
:10055000BB61BB69082BCFD94FF0FF331846243756
:10056000BD465DF8047B704780B483B000AF03469E
:10057000FB714FF08C42936C6FF3CF339364FB7934
:10058000013BDBB24FF08C4203F00703D9B2936C0E
:1005900061F30E3393644FF08C42936C43F4004349
:1005A000936400BF0C37BD465DF8047B704780B490
:1005B00089B000AFF860B9607A603B60FB685B08A7
:1005C000FB60BB6807EE903AF8EE676AFB6807EEDF
:1005D000903AB8EE677AC6EE877AC7ED057AD7ED1E
:1005E000057AB7EE007AF4EE477AF1EE10FA07D109
:1005F0007B6801221A703B6801221A70002334E0E4
:100600000223BB612CE00123FB611FE0FB6907EEC5
:10061000903AF8EE676ABB6907EE903AB8EE677AEF
:10062000C6EE877A97ED057AB4EE677AF1EE10FAA6
:1006300009D1FB69DAB27B681A70BB69DAB23B6830
:100640001A70002311E0FB690133FB61FB69012B88
:1006500003D8FA69BB699A42D8D3BB690133BB613D
:10066000BB69082BCFD94FF0FF3318462437BD465E
:100670005DF8047B704780B483B000AF0346FB7124
:100680004FF08C42936C6FF3C3039364FB79013B8F
:10069000DBB24FF08C4203F00703D9B2936C61F3E5
:1006A000020393644FF08C42936C43F0080393640D
:1006B00000BF0C37BD465DF8047B704780B489B03D
:1006C00000AFF860B9607A603B60FB685B08FB6074
:1006D000BB6807EE903AF8EE676AFB6807EE903A5F
:1006E000B8EE677AC6EE877AC7ED057AD7ED057A58
:1006F000B7EE007AF4EE477AF1EE10FA07D17B6894
:1007000001221A703B6801221A70002334E0022390
:10071000BB612CE00123FB611FE0FB6907EE903A0F
:10072000F8EE676ABB6907EE903AB8EE677AC6EEF4
:10073000877A97ED057AB4EE677AF1EE10FA09D16F
:10074000FB69DAB27B681A70BB69DAB23B681A706F
:10075000002311E0FB690133FB61FB69012B03D826
:10076000FA69BB699A42D8D3BB690133BB61BB69E3
:10077000082BCFD94FF0FF3318462437BD465DF81C
:10078000047B704780B483B000AF0346FB714FF029
:100790008C42936C6FF3C7139364FB79013BDBB21C
:1007A0004FF08C4203F00703D9B2936C61F3061348
:1007B00093644FF08C42936C43F08003936400BFCA
:1007C0000C37BD465DF8047B704780B489B000AF3C
:1007D000F860B9607A603B60FB685B08FB60BB68EF
:1007E00007EE903AF8EE676AFB6807EE903AB8EECB
:1007F000677AC6EE877AC7ED057AD7ED057AB7EE48
:10080000007AF4EE477AF1EE10FA07D17B68012204
:100810001A703B6801221A70002334E00223BB6186
:100820002CE00123FB611FE0FB6907EE903AF8EE34
:10083000676ABB6907EE903AB8EE677AC6EE877AC8
:1008400097ED057AB4EE677AF1EE10FA09D1FB69FB
:10085000DAB27B681A70BB69DAB23B681A7000239F
:1008600011E0FB690133FB61FB69012B03D8FA69D5
:10087000BB699A42D8D3BB690133BB61BB69082B02
:10088000CFD94FF0FF3318462437BD465DF8047BBF
:10089000704780B483B000AF03460A46FB7113462D
:1008A000BB714FF08C42536C6FF38A2353644FF04B
:1008B0008C42FB7903F00703D9B2536C61F3C9137F
:1008C0005364BB79013BDBB24FF08C4203F007036A
:1008D000D9B2536C61F3061353644FF08C42536CDE
:1008E00043F48063536400BF0C37BD465DF8047B5E
:1008F000704780B483B000AF0346FB80FB88B3F53C
:10090000807F05D14FF08C42536C6FF3000353642A
:10091000FB88012B05D14FF08C42536C43F001034F
:100920005364002318460C37BD465DF8047B7047BE
:1009300080B489B000AFF860B9607A603B60BB6892
:1009400007EE903AF8EE676AFB6807EE903AB8EE69
:10095000677AC6EE877AC7ED057AD7ED057AB7EEE6
:10096000007AF4EE477AF1EE10FA07D17B680122A3
:100970001A703B6801221A70002334E00223BB6125
:100980002CE00123FB611FE0FB6907EE903AF8EED3
:10099000676ABB6907EE903AB8EE677AC6EE877A67
:1009A00097ED057AB4EE677AF1EE10FA09D1FB699A
:1009B000DAB27B681A70BB69DAB23B681A7000233E
:1009C00011E0FB690133FB61FB69072B03D8FA696E
:1009D000BB699A42D8D3BB690133BB61BB69082BA1
:1009E000CFD94FF0FF3318462437BD465DF8047B5E
:1009F000704780B483B000AF03460A46FB711346CC
:100A0000BB714FF08C42536C6FF39A6353644FF099
:100A10008C42FB7903F00703D9B2536C61F3D953CD
:100A20005364BB79013BDBB24FF08C4203F0070308
:100A3000D9B2536C61F3165353644FF08C42536C2C
:100A400043F08063536400BF0C37BD465DF8047B00
:100A5000704780B483B000AF0346FB80FB88B3F5DA
:100A6000807F05D14FF08C42536C6FF31043536479
:100A7000FB88012B05D14FF08C42536C43F480333B
:100A80005364002318460C37BD465DF8047B70475D
:100A900080B489B000AFF860B9607A603B60BB6831
:100AA00007EE903AF8EE676AFB6807EE903AB8EE08
:100AB000677AC6EE877AC7ED057AD7ED057AB7EE85
:100AC000007AF4EE477AF1EE10FA07D17B68012242
:100AD0001A703B6801221A70002334E00223BB61C4
:100AE0002CE00123FB611FE0FB6907EE903AF8EE72
:100AF000676ABB6907EE903AB8EE677AC6EE877A06
:100B000097ED057AB4EE677AF1EE10FA09D1FB6938
:100B1000DAB27B681A70BB69DAB23B681A700023DC
:100B200011E0FB690133FB61FB69072B03D8FA690C
:100B3000BB699A42D8D3BB690133BB61BB69082B3F
:100B4000CFD94FF0FF3318462437BD465DF8047BFC
:100B5000704780B483B000AF0346FB80FB88B3F5D9
:100B6000806F05D14FF08C42D36C6FF38A23D3642E
:100B7000FB88B3F5007F05D14FF08C42D36C43F472
:100B80008063D364002318460C37BD465DF8047BB0
:100B9000704780B483B000AF0346FB714FF08C42C6
:100BA000936B6FF3C7139363FB79013BDBB24FF099
:100BB0008C4203F00303D9B2936B61F30513936383
:100BC0004FF08C42936B43F08003936300BF0C376C
:100BD000BD465DF8047B704780B483B000AF034628
:100BE000FB80FB88B3F5807F05D14FF08C42936B7F
:100BF0006FF301039363FB88042B06D14FF08C4203
:100C0000936B012161F301039363FB88202B06D1D1
:100C10004FF08C42936B022161F301039363002335
:100C200018460C37BD465DF8047B704780B489B028
:100C300000AFF860B9607A603B60BB6807EE903A3D
:100C4000F8EE676AFB6807EE903AB8EE677AC6EE90
:100C5000877AC7ED057AD7ED057AB7EE007AF4EE1C
:100C6000477AF1EE10FA07D17B6801221A703B68CF
:100C700001221A70002334E00223BB612CE001231F
:100C8000FB611FE0FB6907EE903AF8EE676ABB690B
:100C900007EE903AB8EE677AC6EE877A97ED057A56
:100CA000B4EE677AF1EE10FA09D1FB69DAB27B682B
:100CB0001A70BB69DAB23B681A70002311E0FB6955
:100CC0000133FB61FB69012B03D8FA69BB699A42C6
:100CD000D8D3BB690133BB61BB69042BCFD94FF0BB
:100CE000FF3318462437BD465DF8047B704780B457
:100CF00083B000AF0346FB714FF08C42936B6FF3F0
:100D0000D7539363FB79013BDBB24FF08C4203F086
:100D10000703D9B2936B61F3165393634FF08C4280
:100D2000936B43F40003936300BF0C37BD465DF83B
:100D3000047B704780B483B000AF0346FB80FB8820
:100D4000B3F5807F05D14FF08C42936B6FF3114365
:100D50009363FB88022B06D14FF08C42936B0121E9
:100D600061F311439363FB88102B06D14FF08C4243
:100D7000936B022161F311439363002318460C37F0
:100D8000BD465DF8047B704780B489B000AFF86061
:100D9000B9607A603B60BB6807EE903AF8EE676A2C
:100DA000FB6807EE903AB8EE677AC6EE877AC7ED31
:100DB000057AD7ED057AB7EE007AF4EE477AF1EED0
:100DC00010FA07D17B6801221A703B6801221A7061
:100DD000002334E00223BB612CE00123FB611FE010
:100DE000FB6907EE903AF8EE676ABB6907EE903A46
:100DF000B8EE677AC6EE877A97ED057AB4EE677A31
:100E0000F1EE10FA09D1FB69DAB27B681A70BB699E
:100E1000DAB23B681A70002311E0FB690133FB6111
:100E2000FB69012B03D8FA69BB699A42D8D3BB6925
:100E30000133BB61BB69082BCFD94FF0FF33184694
:100E40002437BD465DF8047B704780B582B000AFA3
:100E5000FEF73BFE0346002B01D100230DE07A1D77
:100E6000BB1D11461846FEF73DFEFB881846EBF702
:100E7000FBFC03467A79B3FBF2F318460837BD460C
:100E800080BD80B483B000AF03460A46FB711346B1
:100E9000BB714FF08C42136B6FF38E3313634FF0C3
:100EA0008C42FB7903F00703D9B2136B61F3CD23B6
:100EB0001363BB79013BDBB24FF08C4203F00703B5
:100EC000D9B2136B61F30A2313634FF08C42136B97
:100ED00043F48043136300BF0C37BD465DF8047BC9
:100EE000704780B483B000AF0346FB80FB88B3F546
:100EF000807F05D14FF08C42136B6FF301031363B6
:100F0000FB88082B06D14FF08C42136B012161F353
:100F100001031363FB88402B06D14FF08C42136B07
:100F2000022161F301031363002318460C37BD4609
:100F30005DF8047B704780B489B000AFF860B96099
:100F40007A603B60BB6807EE903AF8EE676AFB6830
:100F500007EE903AB8EE677AC6EE877AC7ED057A63
:100F6000D7ED057AB7EE007AF4EE477AF1EE10FA93
:100F700007D17B6801221A703B6801221A70002396
:100F800034E00223BB612CE00123FB611FE0FB691D
:100F900007EE903AF8EE676ABB6907EE903AB8EE52
:100FA000677AC6EE877A97ED057AB4EE677AF1EE46
:100FB00010FA09D1FB69DAB27B681A70BB69DAB240
:100FC0003B681A70002311E0FB690133FB61FB6988
:100FD000072B03D8FA69BB699A42D8D3BB6901339E
:100FE000BB61BB69082BCFD94FF0FF3318462437BC
:100FF000BD465DF8047B704780B582B000AF3A1DF6
:10100000791DBB1D1846FEF79CFDFB881846EBF7C3
:101010002BFC03467A7902FB03F33A79B3FBF2F334
:1010200018460837BD4680BD80B483B000AF034684
:101030000A46FB711346BB714FF08C42536B6FF342
:10104000861353634FF08C42FB7903F00703D9B248
:10105000536B61F3C5035363BB79013BDBB24FF0C4
:101060008C4203F00703D9B2536B61F3020353635D
:101070004FF08C42536B43F04003536300BF0C3777
:10108000BD465DF8047B704780B489B000AFF8605E
:10109000B9607A603B60BB6807EE903AF8EE676A29
:1010A000FB6807EE903AB8EE677AC6EE877AC7ED2E
:1010B000057AD7ED057AB7EE007AF4EE477AF1EECD
:1010C00010FA07D17B6801221A703B6801221A705E
:1010D000002334E00223BB612CE00123FB611FE00D
:1010E000FB6907EE903AF8EE676ABB6907EE903A43
:1010F000B8EE677AC6EE877A97ED057AB4EE677A2E
:10110000F1EE10FA09D1FB69DAB27B681A70BB699B
:10111000DAB23B681A70002311E0FB690133FB610E
:10112000FB69072B03D8FA69BB699A42D8D3BB691C
:101130000133BB61BB69082BCFD94FF0FF33184691
:101140002437BD465DF8047B704780B483B000AFA0
:1011500003460A46FB711346BB714FF08C42136B7A
:101160006FF39A6313634FF08C42FB7903F01F0314
:10117000D9B2136B61F359531363BB79013BDBB2F3
:101180004FF08C4203F01F03D9B2136B61F3144389
:1011900013634FF08C42136B43F08063136300BF03
:1011A0000C37BD465DF8047B704780B489B000AF52
:1011B000F860B9607A603B60BB6807EE903AF8EE81
:1011C000676AFB6807EE903AB8EE677AC6EE877AF0
:1011D000C7ED057AD7ED057AB7EE007AF4EE477AD7
:1011E000F1EE10FA07D17B6801221A703B680122E8
:1011F0001A70002334E00223BB612CE00123FB6161
:101200001FE0FB6907EE903AF8EE676ABB6907EEEC
:10121000903AB8EE677AC6EE877A97ED057AB4EE23
:10122000677AF1EE10FA09D1FB69DAB27B681A70BD
:10123000BB69DAB23B681A70002311E0FB69013325
:10124000FB61FB691F2B03D8FA69BB699A42D8D3AB
:10125000BB690133BB61BB69202BCFD94FF0FF3392
:1012600018462437BD465DF8047B704780B582B0D0
:1012700000AFBA1DFB1D11461846FEF79BFCFFF799
:10128000BBFE0346FA7902FB03F3BA79B3FBF2F330
:1012900018460837BD4680BD80B500AFFEF7A8FCF4
:1012A0000346002B01D1002302E0FFF7DFFF0346D6
:1012B000184680BD80B500AFFFF7D8FF034618463B
:1012C00080BD80B483B000AF03460A46FB7113466D
:1012D000BB714FF08C42536B6FF38E3353634FF0FF
:1012E0008C42FB7903F00703D9B2536B61F3CD2332
:1012F0005363BB79013BDBB24FF08C4203F0070331
:10130000D9B2536B61F30A2353634FF08C42536B92
:1013100043F48043536300BF0C37BD465DF8047B44
:10132000704780B489B000AFF860B9607A603B6004
:10133000BB6807EE903AF8EE676AFB6807EE903AF2
:10134000B8EE677AC6EE877AC7ED057AD7ED057AEB
:10135000B7EE007AF4EE477AF1EE10FA07D17B6827
:1013600001221A703B6801221A70002334E0022324
:10137000BB612CE00123FB611FE0FB6907EE903AA3
:10138000F8EE676ABB6907EE903AB8EE677AC6EE88
:10139000877A97ED057AB4EE677AF1EE10FA09D103
:1013A000FB69DAB27B681A70BB69DAB23B681A7003
:1013B000002311E0FB690133FB61FB69072B03D8B4
:1013C000FA69BB699A42D8D3BB690133BB61BB6977
:1013D000082BCFD94FF0FF3318462437BD465DF8B0
:1013E000047B704780B582B000AFBA1DFB1D11466B
:1013F0001846FEF70AFCFFF739FF0346FA7902FBAD
:1014000003F3BA79B3FBF2F318460837BD4680BD43
:1014100080B483B000AF0346FB714FF08C42536B36
:101420006FF314535363FB79013BDBB24FF08C42F3
:1014300003F00F03D9B2536B61F3134353634FF0BF
:101440008C42536B43F48013536300BF0C37BD468B
:101450005DF8047B704780B489B000AFF860B96074
:101460007A603B60BB6807EE903AF8EE676AFB680B
:1014700007EE903AB8EE677AC6EE877AC7ED057A3E
:10148000D7ED057AB7EE007AF4EE477AF1EE10FA6E
:1014900007D17B6801221A703B6801221A70002371
:1014A00034E00223BB612CE00123FB611FE0FB69F8
:1014B00007EE903AF8EE676ABB6907EE903AB8EE2D
:1014C000677AC6EE877A97ED057AB4EE677AF1EE21
:1014D00010FA09D1FB69DAB27B681A70BB69DAB21B
:1014E0003B681A70002311E0FB690133FB61FB6963
:1014F000012B03D8FA69BB699A42D8D3BB6901337F
:10150000BB61BB69082BCFD94FF0FF331846243796
:10151000BD465DF8047B704780B483B000AF012303
:101520007B607B6883F3108800BF00BF0C37BD462B
:101530005DF8047B704780B483B000AF00237B600C
:101540007B6883F3108800BF00BF0C37BD465DF891
:10155000047B704780B487B000AFF860B9607A60F0
:1015600000237B610AE07B69BA681A447B69F968E9
:101570000B4412781A707B6901337B617A697B684E
:101580009A42F0DB00BF00BF1C37BD465DF8047B0C
:10159000704780B582B000AF78607B685BB2184658
:1015A000EBF70EFA00BF0837BD4680BD80B582B0AC
:1015B00000AF78607B685BB21846EBF71FFA00BF9C
:1015C0000837BD4680BD90B587B000AF78607B68B6
:1015D0003B613B695B68D3F8CC30FB603B695B687F
:1015E000FA68C3F8D4203B695B68D3F8C830BB60A5
:1015F0003B695B68BA68C3F8D02000237B6105E1D2
:101600003B69DA697B6913441B78DBB2012B14D187
:101610004FF001327B6902FA03F31A46FB6813406C
:10162000002B0AD03B691A697B699B0013445B68F5
:101630003A69126A1146012098473B69DA697B6969
:1016400013441B78DBB2032B60D101227B6902FAC1
:1016500003F31A46BB681340002B57D04BE03B699D
:1016600059683B695B697A69083253F82220141D76
:101670007869083043F820407B693E339B000B4477
:101680005B6813603B695B697A69103253F822200A
:10169000511C7A69103243F822103B695B697A6900
:1016A000103253F822203B695B69796953F8213085
:1016B0009A4220D33B695B68D3F8C02001217B6943
:1016C00001FA03F319463B695B680A43C3F8C0207B
:1016D0003B695B697A691032002143F822103B694B
:1016E0001A697B699B0013445B683A69126A114668
:1016F000022098470AE03B695B68D3F8203101215A
:101700007A6901FA02F21340002BA8D03B69DA692A
:101710007B6913441B78DBB2042B74D14FF48072C5
:101720007B6902FA03F31A46BB681340002B6AD0A8
:101730003B699B697A69103253F822203B699B69A7
:10174000796953F821309A4244D13B695B68D3F8F8
:1017500024314FF480317A6901FA02F21340002BF0
:1017600038D03B695B68D3F8C0204FF480717B6947
:1017700001FA03F319463B695B680A43C3F8C020CA
:101780003B691A697B699B0013445B683A69126A7A
:101790001146042098471DE03B699A697B6908332C
:1017A00052F82330181D7969083142F821003A694E
:1017B00051681A687B6936339B000B445A603B6959
:1017C0009B697A69103253F82220511C7A691032D1
:1017D00043F822103B695B68D3F824314FF08071E5
:1017E0007A6901FA02F21340002B0CD13B699B6924
:1017F0007A69103253F822203B699B69796953F862
:1018000021309A42C8D17B6901337B617B69072B08
:101810007FF6F6AE00BF00BF1C37BD4690BD80B559
:1018200000AFEBF70FF903461846FFF7CCFE00BFF9
:1018300080BD80B485B000AF78607B68BB604FF03E
:101840008C42D36843F48063D3604FF08C42D368FA
:101850006FF38A23D360BB685B680022C3F8D8208B
:10186000BB685B680022C3F894200023FB6041E062
:10187000BB685A68FB689B0013444FF400125A601F
:10188000BB685A68FB6808339B0013444FF440421E
:101890005A60BB685A68FB6810339B0013440022EF
:1018A0005A604FF48072FB689A40BB685B68C3F86B
:1018B00030214FF48072FB689A40BB685B68C3F8C4
:1018C0002C21BB685A68FB6826339B001344002216
:1018D0005A600122FB689A40BB685B68C3F83021FC
:1018E0000122FB689A40BB685B68C3F82C21FB6847
:1018F0000133FB60FB68072BBAD9BB685B68002229
:101900005A66BB685B6800229A66BB685B68002207
:10191000DA66BB685B6800221A67BB685B684FF4D5
:101920007F02C3F8BC20BB685B684FF0FF32C3F88E
:10193000C020BB685B684FF0FF32C3F8C420BB68AF
:101940005B684FF0FF32C3F8D020BB685B684FF094
:10195000FF32C3F8D420BB685B680022C3F8D820EC
:10196000BB685B684FF0FF32C3F82821BB685B6837
:101970004FF0FF32C3F83C2100BF1437BD465DF87D
:10198000047B704780B485B000AF786039607B68B5
:10199000BB60BB681B691A68BB681B6942F0010227
:1019A0001A600023FB604CE0BB681B691B6803F0F6
:1019B0000103002B41D1BB681A69FB689B001344EB
:1019C00000225A60BB681A69FB6808339B00134405
:1019D00000225A60BB681B6900225A64BB685B69BD
:1019E000FA68002143F82210BB685B69FA68083284
:1019F000002143F82210BB685B69FA6810320021AD
:101A000043F82210BB689B69FA68002143F8221052
:101A1000BB689B69FA680832002143F82210BB6852
:101A20009B69FA681032002143F82210BB68DA691A
:101A3000FB68134400221A7000E000BFFB6801330A
:101A4000FB60FB68072BAFD9BB683A681A620023BA
:101A500018461437BD465DF8047B704780B584B0E6
:101A600000AF78600B46FB707B68FB60FB78022B55
:101A70000CD0022B36DC002B02D0012B35D031E00C
:101A8000FB689B681846FFF791FD2FE0FB681B6918
:101A90001B6803F00103002B02D14FF0FF3326E057
:101AA000FB681B691B6803F00203002B18D17868E0
:101AB000FFF7BFFEFB689868FB68DB6800221946E9
:101AC000E8F7CCFEFB689B681846FFF762FDFB68F1
:101AD0001B691A68FB681B6942F003021A6005E083
:101AE000002304E06FF0030301E000BF0023184669
:101AF0001037BD4680BD80B586B000AF78603960D4
:101B00007B683B613B691B6839681846FFF73AFF01
:101B10000346FB60FB68002B01D0FB6831E000232B
:101B20007B610FE03B695B687A690832002143F80A
:101B300022103B695B687A69002143F822107B69B7
:101B400001337B617B69072BECD93B699B680022E1
:101B50001A703B699B6800225A703B699B6800229F
:101B60005A6000237B6108E03A697B6913440C33B7
:101B700000221A707B6901337B617B69072BF3D9E3
:101B8000002318461837BD4680BD80B584B000AF2D
:101B900078600B46FB707B68FB60FB681B68FA781B
:101BA00011461846FFF75AFF034618461037BD4640
:101BB00080BD80B485B000AF78600B46FB707B6859
:101BC000FB60FB681B681B691B6803F00203002BAA
:101BD00002D14FF0FF333EE0FB681B68DA69FB7807
:101BE000D35CDBB2022B02D04FF0FF3333E0FB6853
:101BF0001B685B68D3F89420FB78012101FA03F39A
:101C00001946FB681B685B680A43C3F89420FB68AD
:101C10001B685B68D3F8D820FB784FF0807101FA1D
:101C200003F31946FB681B685B680A43C3F8D820B6
:101C3000FB681B685A68FB7808339B0013445A689A
:101C4000FB681B685968FB7842F4002208339B004C
:101C50000B445A60002318461437BD465DF8047BD8
:101C6000704780B485B000AF78600B46FB707B682E
:101C7000FB60FB681B681B691B6803F00203002BF9
:101C800002D14FF0FF3340E0FB681B68DA69FB7854
:101C9000D35CDBB2022B02D04FF0FF3335E0FB68A0
:101CA0001B685B68D3F89420FB784FF4807101FACD
:101CB00003F31946FB681B685B680A43C3F894206A
:101CC000FB681B685B68D3F8D820FB784FF0807105
:101CD00001FA03F3DB431946FB681B685B680A40A3
:101CE000C3F8D820FB681B685A68FB7808339B0050
:101CF00013445A68FB681B685968FB7842F48022D9
:101D000008339B000B445A60002318461437BD4625
:101D10005DF8047B704780B582B000AF78607B6867
:101D20005BB21846EBF744F800BF0837BD4680BDEC
:101D300080B582B000AF78607B685BB21846EBF785
:101D4000B1FC00BF0837BD4680BD80B582B000AF92
:101D500078607B685BB21846EBF7C2FC00BF0837BF
:101D6000BD4680BD80B485B000AF78607B681B68DD
:101D7000DB6F1B09DBB203F00303FB73FB7B022267
:101D800002FA03F39BB218461437BD465DF8047B94
:101D9000704780B485B000AF78607B681B68DB6FEC
:101DA000DBB203F00303FB73FB7B022202FA03F3B3
:101DB0009BB218461437BD465DF8047B704780B46B
:101DC00083B000AF786000BF7B681B685B6B03F07B
:101DD0000103002BF8D100BF00BF0C37BD465DF8F2
:101DE000047B704780B485B000AF78600B46FB7011
:101DF0007B681B681B6BFB60FB781B0203F4F853CA
:101E0000BB60FB6803F4F853BA689A420BD0FB68D6
:101E100023F4F853FB60FA68BB681343FB607B68EC
:101E20001B68FA681A6300BF1437BD465DF8047B6F
:101E3000704780B485B000AFF860B9607A60FB6825
:101E4000DB6ABA681A60FB68DB6A7A685A60FB680A
:101E5000DB6A00225A61FB68DB6A00229A61FB6838
:101E6000DB6A0022DA61FB68DB6A00221A62FB6827
:101E7000DB6A00225A62FB68DB6A012283F83020A9
:101E8000FB68DB6A012283F83120FB68DB6AFF22F2
:101E90009A73FB68DB6AFF22DA73FB68DB6A08224D
:101EA0001A74FB68DB6A00225A74FB68DB6AF02252
:101EB0005A73FB68DB6A80221A7300BF1437BD4671
:101EC0005DF8047B704780B586B000AFF860B960FC
:101ED0007A60F86802F04CFD78617B69002B02D1D2
:101EE0006FF004030DE07B69DB6A1B7B5BB2002BA8
:101EF00001DA002305E07A68B9687869FFF799FF8D
:101F0000002318461837BD4680BD80B588B000AFA5
:101F1000F860B9607A60F86802F02AFD78617B6940
:101F2000002B02D16FF00403F2E17B69DB6A1B7BBB
:101F300003F04003002B02D14FF0FF33E8E1BB6810
:101F400003F47003B3F5800F37D0B3F5800F59D881
:101F5000B3F5401F0ED0B3F5401F53D8B3F5001FA3
:101F600026D0B3F5001F4DD8002B4ED0B3F5801FFF
:101F70000CD047E07B68002B14BF01230023DBB2A9
:101F800019467869ECF7B4FA0023C1E17B68002BAD
:101F900002D14FF0FF33BBE179687869ECF76EFB53
:101FA0000346002B01D00023B2E14FF0FF33AFE135
:101FB0007869ECF7BDFB0346AAE17B691B681B6BE4
:101FC000BB617B68002B02D07B68032B02D96FF0CA
:101FD00004039DE17B6803F00103002B03D0BB6980
:101FE00043F00203BB617B6803F00203002B03D0C4
:101FF000BB6943F00403BB617B691B68BA691A6360
:10200000002385E16FF0030382E100BF7B69DB6A97
:102010005B69C3F30003DBB2002B02D06FF0010356
:1020200076E17B691B681B69FB61BB6803F00F03EA
:10203000022B34D0022B56D8002B57D0012B52D173
:10204000FB6923F08403FB617B69DB6A5A7B7B6954
:10205000DB6A22F00F02D2B25A737B69DB6A5A7BC9
:102060007B69DB6A42F00102D2B25A737B69DB6A98
:102070001A7B7B69DB6A42F02002D2B21A737B685A
:10208000002B35D079687869ECF7F8FA034683F0CD
:102090000103DBB2002B2BD06FF0040338E1FB69A6
:1020A00023F08003FB61FB6943F00403FB617B6960
:1020B000DB6A5A7B7B69DB6A22F00F02D2B25A7369
:1020C0007B69DB6A5A7B7B69DB6A42F00202D2B22F
:1020D0005A737B69DB6A1A7B7B69DB6A42F02002F8
:1020E000D2B21A7305E06FF0060311E100BF00E001
:1020F00000BFBB6803F030033B613B69302B0ED05F
:102100003B69302B1FD83B69202B08D03B69202B23
:1021100019D83B69002B19D03B69102B13D17B696F
:10212000DB6A5A7B7B69DB6A22F03002D2B25A73D7
:102130007B69DB6A597B3B69DAB27B69DB6A0A43FC
:10214000D2B25A7303E06FF00403E1E000BFBB6852
:1021500003F0C0033B613B69C02B0ED03B69C02B31
:102160001FD83B69802B08D03B69802B19D83B696D
:10217000002B19D03B69402B13D17B69DB6A5A7B5A
:102180007B69DB6A02F03F02D2B25A737B69DB6A79
:10219000597B3B69DAB27B69DB6A0A43D2B25A7374
:1021A00003E06FF00403B3E000BFBB6803F47063A7
:1021B000B3F5806F2AD0B3F5806F30D8B3F5407F88
:1021C0001BD0B3F5407F2AD8B3F5007F0CD0B3F510
:1021D000007F24D8002B25D0B3F5807F1FD1FB6969
:1021E00023F00303FB611EE0FB6923F00203FB61A4
:1021F000FB6943F00103FB6115E0FB6943F0020357
:10220000FB61FB6923F00103FB610CE0FB6943F018
:102210000203FB61FB6943F00103FB6103E06FF024
:10222000070375E000BFBB681B0B03F03F033B6176
:102230003B69002B25D03B69002B02D03B69202B4A
:1022400002D96FF0080363E07B69DB6A3A69D2B2B6
:102250001A747B69DB6A1A7B7B69DB6A22F00202F3
:10226000D2B21A73FB6923F08003FB61FB6923F48C
:10227000F853FB613B69013B1B02FA691343FB61A5
:1022800007E07B69DB6A1B7C002B02D16FF0040343
:102290003EE07B69DB6A1B7C082B04D87B69DB6A28
:1022A00000225A7412E07B69DB6A1B7C102B04D875
:1022B0007B69DB6A01225A7408E07B69DB6A1B7C5C
:1022C000202B03D87B69DB6A02225A74BB6803F4B3
:1022D0004023B3F5002F08D0B3F5002F0FD8002B03
:1022E00010D0B3F5802F05D009E0FB6943F0080357
:1022F000FB6108E0FB6923F00803FB6103E06FF07A
:10230000090305E000BF7B691B68FA691A610023B5
:1023100018462037BD4680BD90B589B000AFF86043
:10232000B9607A60FB68FB777B68BB61BB69DB6A7D
:102330005B7B03F00F03022B0CBF01230023FB7513
:10234000BB69DB6A1B7B03F00103002B14BF012375
:102350000023BB75FB7F012B02D0042B78D07AE0E1
:10236000BB69DB6A93F83030002B24D1BB691B6852
:102370001A6BBB691B6822F010021A63BB691B68E9
:102380009A6BBB691B6822F002029A63BB69DB6A25
:102390009A7BBB69DC6A104602F0FAFA0346636274
:1023A000BB69DB6A012283F83020BB69DA6A938A51
:1023B0006FF305139382BB69DB6A5B69C3F3400368
:1023C000DBB2002B46D0BB69DB6A93F83230012BBD
:1023D0000DD0BB69DB6A93F83230032B3AD1BB696D
:1023E000DB6A5B69C3F38113DBB2002B32D1BB69BB
:1023F0001B6800229A63BB69DA6A938A6FF3000351
:102400009382BB691B683F22DA63FB7D002B10D0EF
:10241000BB7D002B0DD0BB69DB6A9B68002B08D00D
:10242000BB69DB6A9B68BA69D289D2B201211046C6
:102430009847BB69DB6A1B68002B0BD0BB69DB6A62
:102440001B68BA69D26A526811460120984701E0B8
:1024500000BF00E000BF00BF2437BD4690BD90B56F
:1024600089B000AFF860B9607A607B68FB61FB6897
:10247000FB76FB69DB6A5B7B03F00F03022B0CBF6F
:1024800001230023BB76FB69DB6A1B7B03F001039E
:10249000002B14BF012300237B76FB7E012B03D08E
:1024A000042B00F0A880A9E0FB69DB6A93F83130C7
:1024B000002B4BD1FB691B681A6BFB691B6822F070
:1024C00008021A63FB69DB6ADA7BFB69DC6A104687
:1024D00002F05EFA03462362FB69DB6A9A6AFB69D3
:1024E000DB6A1B6AD31A7B61FB69DB6A012283F812
:1024F0003120FB695B895B089BB23B617B69002BE8
:1025000003DD7A693B699A4214DBFB69DA6A938AD4
:102510006FF387139382FB69DA6A938A6FF3082358
:102520009382FB691B689A6BFB691B6822F00102AE
:102530009A630BE00121F869FFF754FCFB691B6803
:102540009A6BFB691B6842F004029A63FB69DB6AC1
:102550005B69C3F34003DBB2002B4ED0FB69DB6A3F
:102560005B69C3F38113DBB2002B46D1FB69DB6AE5
:1025700093F83230022B0DD0FB69DB6A93F83230CE
:10258000032B3AD1FB69DB6A5B69C3F30113DBB24E
:10259000002B32D1FB691B6800229A63FB69DA6A5F
:1025A000938A6FF300039382FB691B683F22DA630F
:1025B000BB7E002B10D07B7E002B0DD0FB69DB6A2D
:1025C0009B68002B08D0FB69DB6A9B68FA69D2899B
:1025D000D2B2012110469847FB69DB6A1B68002BC9
:1025E0000BD0FB69DB6A1B68FA69D26A5268114634
:1025F0000120984701E000BF00E000BF00BF243782
:10260000BD4690BD80B582B000AF78607B685BB29C
:102610001846ECF7B9F800BF0837BD4680BD80B555
:1026200088B000AF78607B681B689B6ABB617B6881
:102630001B68DB6A7B610023FB615BE00122FB69B5
:1026400002FA03F31B041A46BB691340FB607B6864
:10265000FA681A61FB68002B0ED07B681B68FA6869
:102660009A617B68DA68FB699B0013445B687A684F
:1026700012691146002098470122FB6902FA03F310
:102680001A467B691340FB607B68FA681A61FB6835
:10269000002B0ED07B681B68FA68DA617B68DA6809
:1026A000FB699B0013445B687A681269114601203C
:1026B00098470122FB6902FA03F31B041A467B695F
:1026C0001340FB607B68FA681A61FB68002B0ED030
:1026D0007B681B68FA68DA617B68DA68FB699B00D3
:1026E00013445B687A681269114602209847FB69B7
:1026F0000133FB61FB69072BA0D9BB6903F0080319
:102700003B613B69002B44D07B681B683A699A6146
:1027100003E07B681B683A699A617B681B681B6AE7
:10272000C3F3C003DBB2012BF3D07B681B68DB680B
:102730009AB27B681A617B681B681B6AC3F38003CB
:10274000DBB2012B1DD17B681A68936943F0040347
:10275000936105E07B681A68936943F00403936111
:102760007B681B681B6AC3F38003DBB2012BF1D0CB
:102770007B68DB685B6A7A681269114605209847B6
:1027800007E07B68DB685B6A7A681269114604209F
:10279000984700BF2037BD4680BD80B500AFECF73D
:1027A00011F803461846FFF73AFF00BF80BD80B519
:1027B00084B000AF78607B681B689B68C3F300033C
:1027C000DBB2FB60FB68012B06D17B68DB685B68D2
:1027D0007A6812691046984700BF1037BD4680BD21
:1027E00080B500AFECF7EEFA03461846FFF7DFFFBF
:1027F00000BF80BD20B1011F50F8040CEFF754BC9E
:10280000704701462020F2F781BA01F033BB70B562
:10281000A0FB015424B92846FFF7F3FF064610B980
:102820000026304670BD2A462146F5F711FCF8E730
:10283000F8B5074608200E46FFF7E3FF0446F8B157
:102840002C20FFF7DEFF314620603846FFF7DFFF20
:1028500005466060206850B135B13B463246294696
:1028600001F035FA2046F8BDFFF7CFFF256060681C
:1028700018B1FFF7CAFF002363602046FFF7C5FFCA
:102880000024EFE738B504460025006801F02FFA70
:102890002068FFF7BAFF60682560FFF7B6FF656044
:1028A0002046BDE83840FFF7B0BF08B500680023F8
:1028B000EFF7CCFDB0FA80F0400908BD08B500681C
:1028C0000023EFF775FEB0FA80F0400908BD08B5A7
:1028D0000068EFF729FF012008BD036818695B6AEB
:1028E000C31A5842584170470368586A704770B518
:1028F000054604200E46FFF784FF044648B1102029
:10290000FFF77FFF206030B9206860B92046FFF7ED
:102910007CFF002405E03246294601F010FA002829
:10292000F2D1204670BDFFF770FF00232360EDE772
:1029300001210020FFF7DBBF0B4601461846FFF7D9
:10294000D6BF08B50A4600680023F0F7E1F8B0FAF0
:1029500080F0400908BD08B50068D0E902239A421A
:1029600003D0F0F77DF8012008BD0020FCE710B58A
:1029700001210020FFF7BBFF0446FFF7ECFF2046D4
:1029800010BD036898687047034608461847F1F77A
:1029900095BB0021F1F760BBC1F10E01F1F7E8B979
:1029A00030B56FF012054561002585B005600A9DC0
:1029B00004460295099D0195089D0095ECF746FC9B
:1029C000606105B030BD0068836818470068C3685F
:1029D000184738B54569044685B9FFF7F7FF6068C1
:1029E00020B1A36829461A6A00F0E9F9A06808B185
:1029F00000F06FF9206808B100F097F9002038BDA9
:102A0000013801288CBF00200120704700F05533A9
:102A1000400800F05530034403F033329B0803F0C4
:102A200033331A4402F00F33120902F00F32134409
:102A300003F0FF101B0A03F0FF130344180C10FAF5
:102A400083F0704700F07F43B3F1806F12D009D854
:102A5000B3F1007F0ED00DD9B3F1407F14BF002039
:102A600001207047B3F1C06F04D000F07D40B0F199
:102A7000A06FF3E70120704730F0FC030CBF01208A
:102A80000020704730F00C030CBF0120002070477D
:102A900070B50D460446EDF715FC7B210368984799
:102AA000EDF73AF92A462146BDE870408369184798
:102AB0002DE9F34105460E4617469846ECF7D4FC3F
:102AC00040B19DF820303246CDE9008329463B468F
:102AD0000468A04702B0BDE8F0814B1C57B54FF029
:102AE00000040646084608BF03200C232246214660
:102AF000009440B2FFF7DCFF28B14FF47A53204630
:102B0000336003B050BD4FF0FF30FAE72DE9F341D9
:102B100005460E4617469846ECF7A6FC38B1089BCA
:102B20003246CDE9008329463B460469A04702B0FE
:102B3000BDE8F0814B1C57B54FF00004064608462F
:102B400008BF03200C2322462146009440B2FFF721
:102B5000AFFF20B1A0232046336003B050BD4FF03B
:102B6000FF30FAE74B1C57B54FF000040646084605
:102B700008BF03200C2322462146009440B2FFF7F1
:102B800097FF20B114232046336003B050BD4FF0AF
:102B9000FF30FAE737B56FF0120585620025056052
:102BA000079D04460195069D0095ECF7F7FCA06291
:102BB00003B030BD10B5C16B044659B14068EDF7A4
:102BC0004BFF00B1FEE76068EDF784FF00B1FEE760
:102BD000C4E90F0004F13003D3E8EF2F22F0010124
:102BE000C3E8E01F0028F7D1012A09D12068C36893
:102BF0009847FFF7CCFEBDE810400A21FFF7CCBE96
:102C000010BD10B5836A044683B9FFF7D3FF60682F
:102C100020B1A36801211A6A00F0D1F8A06808B1B8
:102C200000F057F8206808B100F07FF8002010BDD0
:102C300010B50446C069FFF7E3FE40B1E36994F8BC
:102C40002000022B14BF02230123584310BD012092
:102C5000FCE770B50A46C16B044601B9FEE7036C98
:102C6000D26885689B1A036453B94068EDF7F4FE97
:102C700000B1FEE76068EDF72DFF00B1FEE7E0630D
:102C800095F84031CBB105F5C07405F5D0763146E5
:102C90002046E8F771F9BFF34F8F40F6B733B5F828
:102CA00080219A4209D14FF47A7331462046A5F823
:102CB000803101F071FEBFF34F8F002305F5A07145
:102CC00085F8203105F5907001F066FEBFF34F8F57
:102CD00070BD08B500F5E071E8F74EF9BFF34F8F0E
:102CE00008BD0020704770470020704700207047E3
:102CF000002070477047431C10B5044606D01820CA
:102D0000FFF77FFD2146EDF74BF910BD0020FCE7F2
:102D1000431C10B5044606D02420FFF772FD21465F
:102D2000EDF780FA10BD0020FCE738B50446021D1F
:102D3000D2E8AF3F012B0AD1134600221A60236864
:102D400098472046FFF761FD0123184638BD52E839
:102D5000003F591EC2E8E51F002DF8D1012BF4D128
:102D6000BFF35B8FEBE710B504461030F8F7C3FCF8
:102D700018B10123C0E8AF3F446010BDD0E8EF3F79
:102D80000133C0E8E23F002AF8D1704710B5D0E81F
:102D9000AF3F012B08D10023C0E8AF3FCB0701D4E0
:102DA000F8F7ABFC012308E0D0E8EF3F5A1EC0E87B
:102DB000E42F002CF8D1012BEDD0184610BD00F007
:102DC000BABA38B505460C4679B1481CFFF7CBFFB7
:102DD000034640B11033224618462946CDF7E8FE97
:102DE000002203460255184638BDBDE83840EDF7CD
:102DF000B3BA38B50D46044658B10846F5F7E2FCBB
:102E000001462846FFF7DDFF206010B9EDF7A4FA70
:102E10002060204638BD10B504460846114634B13E
:102E2000FFF7CFFF206010B9EDF796FA206020463B
:102E300010BD006800211038FFF7A8BF012A10B5A7
:102E40000446C0E9002381600AD10868096E18446D
:102E500000EB8101E8F790F8FFF789FD20B9FEE764
:102E60001AB9FFF784FD10B1E060204610BDFEE7FF
:102E70002DE9F84307460E46C0684FF0FF31FFF7D3
:102E800060FD012800D0FEE7BC681F3626F01F0653
:102E900004F1400104F12000E8F76EF806F11C0887
:102EA000BFF34F8F236C16F11D0348BF06F12003BB
:102EB000256C23F00306216A043605EB0609494513
:102EC0001ED8A94241D86368994519D3226801D117
:102ED000914215D13244914237D9A9465B1B9B10D0
:102EE0005B4249F8203B4946284601F055FDBFF3B7
:102EF0004F8F49462846E8F73FF8256805EB060955
:102F00002E4646F8208B3146284601F045FDBFF39A
:102F10004F8F31462846E8F72FF8BFF34F8F2046F2
:102F200063684B4508BFD4F8009040F8409FBFF35A
:102F30004F8F04F1600101F02FFDBFF34F8FF86850
:102F4000FFF709FD012802D0FEE70026F7E730462B
:102F5000BDE8F883CB062DE9F04106460C4600D0CB
:102F6000FEE74FF0FF31C068FFF7EBFC012800D00F
:102F7000FEE754F8202CA4F11C01531C48BF131D7C
:102F80006FEAA303B46841F8043C04F1400004F183
:102F90006001256AE7F7F0FFBFF34F8F6FF003087A
:102FA000236CAB420ED02F68002F0BDA284605F1B8
:102FB000200108FB0755E7F7DFFF63689D42EFD16B
:102FC0002568EDE7236AAB420AD0204640F8205F2F
:102FD000BFF34F8F00F1200101F0DEFCBFF34F8FF4
:102FE000F068FFF7B8FC012800D0FEE70020BDE83C
:102FF000F08170B510F01F06054600D0FEE7BFF364
:103000004F8F01F11F0424F01F040444214601F0F6
:10301000C3FCBFF34F8F21462846E7F7ADFFBFF350
:103020004F8F304670BD10B510F01F0400D0FEE782
:10303000BFF34F8F1F3121F01F010144E7F79CFFC1
:10304000BFF34F8F204610BD704700687047704730
:1030500013B54FF0FF320C46406801A9FFF72EFC74
:10306000012800D0FEE7019B2360BFF34F8F0020B3
:1030700002B010BD70470068704783071FBF0B0A7E
:10308000017043700B0C17BF090E01608370C17093
:103090007047704770472DE9F043064685B000B988
:1030A000FEE70630FFF7E7FF07461020F489F8F740
:1030B00022FB4FEA94280546C4F3051900B9FEE740
:1030C000002204F00F04052CC0E90122C260046054
:1030D0000DD1042202AB06F10A0100F0C0FA01AAE8
:1030E00049464046EDF720FA024658B1FEE7063C55
:1030F000012CF4D806F10A00FFF7BDFF02AB014630
:103100002846EAE7019B5B6903B9FEE740F2EA3330
:10311000384602A9CDE90235FFF7C7FB012800D0E8
:10312000FEE705B0BDE8F0832DE9F043054685B024
:1031300000B9FEE70630FFF79EFF07461020EE8934
:10314000F8F7D9FA4FEA96280446C6F3051900B9EC
:10315000FEE7002206F00F06052EC0E90122C2603C
:10316000066005D1042202AB05F10A0100F077FAEE
:103170004946404601AAEDF7D7F900B1FEE7019BA9
:103180005A6902B9FEE75A6812F001020AD140F208
:10319000EB33384602A9CDE90234FFF786FB01285C
:1031A00000D0FEE705B0BDE8F08307B5037A012B38
:1031B0000BD140F2E9330022CDE90031C068694605
:1031C000FFF773FB012800D0FEE7002003B05DF895
:1031D00004FBF7B5054600B9FEE70630FFF74BFFE5
:1031E000070C86B22820F8F786FA044600B9FEE7F5
:1031F00028220021F4F72CFFAB7B052BA36010D114
:10320000042201AB05F10A0104F1080000F027FADD
:10321000022331463846636001AAEDF785F958B1BB
:10322000FEE7063B012BF3D805F10A00FFF723FF69
:103230000022014601ABE7E7019B5B6903B9FEE7AA
:1032400021460198206003B0BDE8F040FFF7ADBF14
:1032500010B504460820F8F74EFA00B9FEE70460FE
:1032600010BD7047006870477047036E82B00193CD
:10327000019AD0F88030D0F8A4109342D0F8A00082
:10328000019A04DA9B1A1844081A02B070479A1A75
:103290008242AABF019A01989B1A181AF4E7036E9A
:1032A00082B00193D0F88020019BD0E92810D31A76
:1032B0000BD50B448242A0EB0303ACBF881A801AE3
:1032C0009842A8BF184602B070479942D8BF5B1A0F
:1032D000F0E7D0F8803082B00193019A036ED0F805
:1032E000A0009A42019A03DAD31A184402B0704738
:1032F000D21A8242A9BF019A0198D31A181AB8BFEC
:10330000C01AF3E7D0F8803082B00193026E019BBF
:10331000D0E928109B1A09D50B448242ACBF881A09
:10332000801A9842A8BF184602B070479942D8BF89
:103330005B1AF2E7704710B543680446012B0DD1C4
:10334000E068FFF708FB0128FAD0A06800F580715B
:10335000E7F712FEBFF34F8F002010BD002BF4D112
:103360000021E068FFF7EDFA0128F9D0EDE738B564
:1033700043680546012B09D1C068FFF702FBAB6823
:10338000D3F8C040241A002C02DC4CB9002038BD10
:10339000E868FFF7E0FA012800D0FEE7013CF2E719
:1033A0000021E868FFF7CDFA012800D0FEE70134DC
:1033B000EBE708B5806800F1A0018030E7F7DCFD9D
:1033C000BFF34F8F002008BD10B581680846FFF796
:1033D00080FFD1F8EC40844205DC0846FFF792FFFD
:1033E000844202DDFEE7012010BD0020FCE710B59D
:1033F0004FF0FF310446C068FFF7A3FA012800D060
:10340000FEE7E068FFF7A7FA012800D0FEE70020FA
:1034100010BD38B584680D462046FFF773FFD4F819
:10342000E430834209DC236AD4F8F02020461344B8
:103430002B60FFF74EFF002038BD4FF0FF30FBE759
:1034400008B5806800F180016030E7F795FDBFF3B3
:103450004F8F002008BD38B584682046FFF705FF70
:10346000D4F8E850854205DC2046FFF718FF854276
:1034700002DDFEE7012038BD0020FCE742F21073B8
:1034800059434FF47A7310B5B1FBF3F10446C068A9
:10349000FFF757FA012804D1E068FFF75CFA002033
:1034A00010BD4FF0FF30FBE738B584680D4620466D
:1034B000FFF7F5FED4F8E4308342DFBF236CD4F885
:1034C000F02000209B18D4BF2B604FF0FF3038BD98
:1034D000ECF7EEBFF0B504460D461646002785B062
:1034E000002329462046009703AAEDF733F820B1C0
:1034F00042F21070FFF74DFAF2E733462A462146B2
:103500000398EDF775F805B0F0BD704770471022CD
:103510000021F4F79DBD68B10368062B06D0072B88
:1035200007D05A1F534253419800704780680430B7
:1035300070470C2070472DE9F0470D46924698469B
:10354000002838D0002936D0002A34D0002B32D0C1
:103550000368062B17D0072B1FD0052B7BD1032A1E
:103560007BD9042482688B071FBF130A0A704B7033
:10357000130C17BF120E0A608B70CA700020C8F8B7
:103580000040BDE8F08784680C60C16819B18268AA
:10359000281DCDF70DFB0434F0E7D0E9027404F1E7
:1035A0004846B6F1006F08D23C44B4F1605F02D3E4
:1035B000B4F1804F4CD30120E3E704F16846B6F143
:1035C000006F05D207F168432344B3F1006FF1E7C0
:1035D00004F15046B6F5000F08D207F150432344DA
:1035E000B3F5000FE7D24FF001091EE004F15F468A
:1035F00006F57806B6F5A02F0AD207F15F4303F56A
:1036000078032344B3F5A02FD5D24FF002090CE084
:1036100004F15846B6F5402FCDD207F15843234464
:10362000B3F5402FC7D24FF0030907F11F01214422
:1036300024F01F0021F01F01091AFFF7DAFCBAF18C
:103640000B0F0AD90C24C5F800906F60AE6095E7A7
:103650004FF00009F3E7032093E7022091E738B524
:103660000546006806280BD0072811D0052856D13A
:10367000032A56D90A68AA6004221A60002038BDBD
:10368000084650F8042B6960AA60E8600432F4E749
:10369000696008684C688A6860B9B2F1006F42D20C
:1036A000A118B1F1006F3ED202F16052EA60AC6045
:1036B0000C22E2E7012818D1B2F5000FDFD2A118E1
:1036C000B1F5000FDBD202F14052C5E902420C22F3
:1036D0001A60EB6804F11F01194423F01F0021F068
:1036E0001F01091AFFF79FFCC8E702280BD1B2F5AA
:1036F000A02F18D2A118B1F5A02F14D202F10052B8
:1037000002F50022E1E703280DD1B2F5402F0AD2DD
:10371000A118B1F5402F06D202F12052D5E70320BF
:10372000ADE70220ABE70120A9E7B0B101794B1E5C
:103730000D2B12D800230268107908B1106830B13F
:103740000133994202F11002F6DC002070479942E1
:10375000CCBF6FF00A00002070476FF00A0070477E
:1037600010B5CB7802791C09B2EB131F11DD0A7971
:1037700092B14A7982B103F00603062B0FD0036899
:1037800003EB04131B7993428CBF00206FF01000F1
:1037900010BD6FF00F00FBE76FF01000F8E700209E
:1037A000F6E7034608469B681146002218470023A7
:1037B0000246184630B5551C15F8131012F8134080
:1037C00001336140072B80EA0100F5D130BD2DE9BE
:1037D000F843CE78074616F001040D4606F00F08B0
:1037E00023D191F90030102B22D1881C91F801903F
:1037F000FFF7DDFF81451ED12A79FAB16B79EBB174
:103800003B793109B3EB161F1BD908F00608B8F154
:10381000040F19D03B6803EB01131B7993428CBF53
:1038200000206FF01000BDE8F8836FF00A00FAE79F
:103830006FF00D00F7E76FF00B00F4E76FF010008A
:10384000F1E76FF00F00EEE72046ECE770B50E46AB
:10385000054601463046FFF7BAFF044688B940F2F4
:103860004552EB7803F00E01CA40D2070BD5316800
:103870002A7903F0F003CB5812019B581BB128465C
:103880009847204670BD6FF00A04FAE770B5102320
:1038900006461046144600F8023B0D46FFF787FF28
:1038A000E27860702146284633681209BDE870400E
:1038B000184708B5E9F7FCFB40B208BD08B5E9F7C1
:1038C0003DFC40B208BD2DE9F34104460D461646C5
:1038D0004FF00803EFF3118883F31288BFF36F8F63
:1038E000062101AAE9F73CFC019F4FB9324629465F
:1038F0002046E9F723FC3A4605212046E9F730FC4B
:1039000088F31188BFF36F8F002002B0BDE8F0810B
:1039100008B5002202211520E3F7C0FA1520E3F7CD
:10392000AFFA002008BDE6F7C7BF7FB50BAB059324
:1039300003930A9B0322029300231846CDE9003328
:10394000E2F70CFF07B05DF804FB08B541F60F7114
:103950003720EDF7EBFC0120F7F739FE4FF400714B
:103960003020EDF7E3FCBDE808404BF6F171302064
:10397000EDF7DCBC0A2310B5B0FBF3F43920210CC1
:10398000EDF7D4FCA1B23820EDF7D0FCBDE8104033
:10399000FFF7DBBF08B500213020EDF7C7FCBDE81D
:1039A00008404CF2FE113020EDF7C0BC0021302061
:1039B000EDF7BCBC10B504464320EDF74BFC20F0FE
:1039C00030010CB141F020014320BDE8104089B224
:1039D000EDF7ACBC38B5044633200D46EDF73AFCA4
:1039E00080220134E4B2C3B222413DB143EA020174
:1039F00089B23320BDE83840EDF798BC23EA0201D4
:103A0000F7E708B55120EDF725FCBDE80840C0F305
:103A10000E015120EDF78ABC08B50C20EDF71AFC19
:103A200000F4806008BDF8B514461D469DF81C7072
:103A300041EA002178209DF81860EDF777FC44EA10
:103A400005214F20EDF772FC39464D20EDF76EFC55
:103A50003146BDE8F8404E20EDF768BC08B5672058
:103A6000EDF7F8FBC0F34700A03808BD46F240016F
:103A700041EA00214720EDF759BC00280CBF072080
:103A80000120FFF7F3BF4BF620315020EDF74EBC7D
:103A900008B57D20EDF7DEFB20F01F0189B27D2007
:103AA000EDF744FC3120EDF7D5FB20F00E0189B293
:103AB0003120EDF73BFC00217320EDF737FC40F29D
:103AC00007712B20EDF732FC4B20EDF7C3FB40F0E4
:103AD000200189B24B20EDF729FC1920EDF7BAFB44
:103AE0006FEA40416FEA5141192089B2EDF71EFC9F
:103AF0004020EDF7AFFB00F4604141F4A0514020BD
:103B0000EDF714FC4BF270314820EDF70FFCBDE8E7
:103B1000084044F2A8714320EDF708BC08B54EF602
:103B200059117D20EDF702FC47F202114B20EDF711
:103B3000FDFB4020EDF78EFB00F4704141F49A61EB
:103B400041F002014020EDF7F1FB3120EDF782FB5F
:103B500020F0080189B23120EDF7E8FB4BF2C131CA
:103B60004820EDF7E3FB00217320EDF7DFFB43F284
:103B70002E017E20EDF7DAFB00212B20EDF7D6FB9E
:103B8000BDE808404FF400411920EDF7CFBB7FB5E9
:103B90000BAB059303930A9B032202930023184661
:103BA000CDE90033E2F7DAFD07B05DF804FB012050
:103BB00000F006B90A2180FB0101F0F74DBA38B5D3
:103BC0000446EDF7F5FD8020EDF7DCFE600040F0E7
:103BD0000100C0B2EDF7D6FEFFF7E9FF0020EDF7D8
:103BE00079FE0546FFF7E3FF0120EDF773FE04467B
:103BF000EDF7BCFD44EA052080B238BD38B5054676
:103C00000C46EDF7D5FD8020EDF7BCFE680000F016
:103C1000FE00EDF7B7FE60BA84B2C0B2EDF7B2FEB7
:103C2000002802DB200AEDF7ADFEBDE83840EDF7D5
:103C30009DBD40B1C368587810F001001EBF1878D0
:103C4000B0FA80F0400970477FB50BAB0593039342
:103C50000A9B0122029300231846CDE90033E2F7C4
:103C60007DFD07B05DF804FB4FF00802EFF3118310
:103C700082F31288BFF36F8FFEE7F4F7E9B9CCF750
:103C800097BF10B400F10C04C0E903445DF8044B85
:103C9000E1F76EBFD0E90432134313F003030CD1F4
:103CA0008361C168994201D800207047816901335E
:103CB0001160016982610A44F3E76FF015007047F3
:103CC0006FF05700704700207047EFF7E7BAC0E980
:103CD000032303FB02120023C0E90621C0E9000010
:103CE00041610162436280F828308360704710B5FB
:103CF00003680446984200D07BB994F82830DB076B
:103D000001D4002010BD606900F0B4F894F82830A8
:103D100023F0010384F82830F3E76FF00F00F1E798
:103D200090F90E308B4201D0EFF7A8BD002070470C
:103D300003460020C3E90033C3E9020070473AB1EB
:103D40008A4205D3C0E90212C0E900000020704792
:103D50006FF015007047012302688B4022EA0303CD
:103D6000036022FA01F000F001007047034620B919
:103D7000EFF305820AB9E3F7F5B883F31188BFF3CF
:103D80006F8F70474FF00803EFF3118083F31288B1
:103D9000BFF36F8FFFF7EABF01211838EFF7E4BEDA
:103DA00038B5054600202C68A54200D004B938BDBE
:103DB0002046EFF78DFE2046EFF7A0F90120F2E74D
:103DC000C117633008B54FF064024FF0000341F1B2
:103DD0000001CCF7D3FEC117F0F79CF864235843D9
:103DE00008BDC0E900000020704708B5F0F70EFEDE
:103DF00008BDF0F70BBEB1F1FF3F08BFB0F1FF3FC8
:103E000038B50C46054614D0084303D1BDE8384008
:103E1000F0F7FCBD6FF001004FF0FF33401B63EB88
:103E20000101002904DAF0F7F1FD401941EB04012A
:103E300038BD4FF0FF300146FAE710B50446F0F701
:103E4000EBFCB0B9636A0BB12046984704F1180047
:103E5000EFF7EAFE68B1EFF751F94FF00803EFF31F
:103E6000118083F31288BFF36F8FBDE81040FFF716
:103E70007DBF10BD20B1011F50F8040CEEF714B93E
:103E8000704700F0A9B900F0A7B9F0F79BBFC3686D
:103E90009A6810B5C26002B1506042685A600C68FE
:103EA000844203D10B609860436010BD91688142E9
:103EB0000CBF9360D360F6E78368DA6810B5826060
:103EC00002B1506042685A600C68844203D10B60B2
:103ED000D860436010BDD16881420CBFD36093604D
:103EE000F6E7C36823B118469B68002BFBD17047E7
:103EF0004368DA68824204D0C268934218BF184609
:103F0000704718465B68F4E7027803462AB94268AE
:103F10005268824201D1D06870479A6822B1104637
:103F2000D268002AFBD17047586882689A4200D054
:103F3000704703464068F8E7FFF7D3BFFFF7E4BFD9
:103F40002DE9F8431D461F1D00230C464A600B70E7
:103F5000C1E90233A0B19542916002D16960EC6081
:103F600003E0AB68934208BFA9604FF000094FF02F
:103F700001086B68A34232D101221A70BDE8F883B0
:103F8000D160EB689342F0D1E9E7C368A34203D163
:103F900004463946FFF77BFF63683946304683F8AD
:103FA000008086F80090FFF787FFE2E733B11A78C8
:103FB00022B980F8008083F8008021E08368A34262
:103FC00003D104463946FFF777FF63683946304628
:103FD00083F8008086F80090FFF759FFC9E7606812
:103FE0000278002AC8D14668B3688342DED1F268FD
:103FF000002ACAD011780029C7D101211970117087
:10400000344686F80090B4E72DE9F8430F4605469C
:10401000D0E90212002938D01AB944680E467460FB
:1040200037E01046034680680028FBD1AB42DE68CB
:104030002CD09A424B6099601ED05C6806B17460C7
:1040400059688E60DA60EA6853607A68AA4215D1CE
:104050007B606A6829785A601A7819702A702B7800
:104060003BB17B6807F10408B3427ED1002E40F0DB
:10407000A1802846BDE8F8831C46E6E76A68916897
:10408000A9420CBF9360D360E3E716466C68002E2C
:10409000C5D17B68AB420FD17E60BB68AB4203D118
:1040A000EB6883B96B68BB60FB68AB42D7D1AB6888
:1040B00083B96B68FB60D2E76B689A68AA420CBF51
:1040C0009E60DE60E9E733461A469B68002BFBD111
:1040D000BA60E9E733461A46DB68002BFBD1FA6089
:1040E000BDE713B11B78012B07D1012341461370A3
:1040F00000230370FFF7E0FEE068237801220370DD
:10410000C368227003B11A7041462046FFF7BFFE14
:10411000ACE703783BB90122414602702046237088
:10412000FFF7CAFEA068D0E9023212B11178012966
:1041300003D1A3B31978012931D013B11B78012B16
:1041400007D101234146137000230370FFF79FFE40
:10415000A0682378012203708368227003B11A706B
:1041600041462046FFF7A8FE80E706BBA068A146AF
:10417000B042CED1E06803783BB9012241460270DB
:1041800020462370FFF783FEE068D0E9022312B1D6
:1041900011780129A5D113B119780129A1D10023E2
:1041A00064684E4603707B6899453FF45FAF33788F
:1041B000012BDBD0012333705BE70FB408B5029805
:1041C000F0F74EFE10B50446F0F766FE04212046D7
:1041D000FFF757FE204610BDF7F78FBA10B500F174
:1041E00080042046F7F787FA034630B92046F0F7F7
:1041F00093FE034608B900F0B3F980220021184667
:10420000F3F726FF803010BD1EB400F03DF81EBC51
:10421000CDF746FB0378472B17D143784E2B14D1AB
:104220008378552B11D1C378432B0ED10379432BBF
:104230000BD143792B2B08D183792B2B05D1C07956
:1042400001288CBF0020012070470020704710B566
:104250000446F0F701FF02462046A4F12001FFF7D3
:10426000D9FF60B154F8043C0133012B44F8043CFD
:1042700003D1936844F8083C9160012010BD936815
:10428000002BF9D000F06CF910B5F0F7E5FE82686C
:1042900001460AB900F064F902F120042046FFF754
:1042A000B9FF40B1D369013BD36113B9906988600C
:1042B0009361204610BD8860FBE70378472B17D138
:1042C00043784E2B14D18378552B11D1C378432BCF
:1042D0000ED10379432B0BD143792B2B08D1837952
:1042E0002B2B05D1C07901288CBF002001207047FD
:1042F0000020704738B50446F0F7AEFE0246056868
:104300002046A4F12001FFF7D8FF28B90DB100F035
:1043100027F91160284638BD54F80C3C2046002B84
:10432000B4BFC3F1010301338D4244F80C3C536820
:1043300003F1FF3353601CBF44F8105C1160656AE1
:10434000CCF739FFE6E710B5F0F782FE02680146C8
:104350009AB102F120042046FFF7AFFF28B90860A8
:104360002046BDE81040CCF727BF5369002B05DA83
:10437000013301D110690860536110BD013B02D1C6
:1043800013690B60ECE7591CF6D100F0E9F87047AF
:10439000704710B504460421FFF773FD204610BD99
:1043A000704700231A4630B510F8015B05F07F0412
:1043B0009440073223432C06F6D40B6030BD002313
:1043C0001A4630B510F8014B04F07F0595400732CE
:1043D0002B432506F6D41F2A06D8640642BF4FF0A9
:1043E000FF3404FA02F213430B6030BD50282DE96C
:1043F000F3410646884615461F4608D1D01C20F0DA
:10440000030050F8044B3C6002B0BDE8F08100F0BE
:104410000F030C2B2ED8DFE803F025071D25292DCF
:104420002D2D2D182125290001A92846FFF7B9FFB8
:10443000019C002CE7D006F07003102B08BFA846A3
:104440003306444448BF2468DDE701A92846FFF746
:10445000B6FFEDE7284630F8024BEAE7284630F988
:10446000024BE6E7284650F8044BE2E7284650F8AE
:10447000084BDEE7E3F7E2FC08B503460846FF2BEE
:104480000DD003F07003302B0FD004D8202B08D0B0
:1044900005D9E3F7D3FC402B0BD0502BF9D10020EA
:1044A00008BDBDE8084000F042BABDE8084000F091
:1044B0003BBABDE80840CDF707BD70B50C461546C0
:1044C0001E4601462046FFF7D7FF334601462A46DF
:1044D0002046BDE87040FFF789BF73B50C4615460E
:1044E000064608B1CDF7F0FC2246286012F8011B01
:1044F000FF291CD02B1D3046FFF7DFFF0246104678
:1045000010F8013BFF2B14D0102301A92B75FFF7E6
:1045100048FF019B0344EB6001A910F8013B6B7558
:10452000FFF73FFF019B03442B6102B070BD686041
:10453000E5E72B750023EEE71FB503AB0A460093B2
:1045400000231946CCF73EFE039805B05DF804FB46
:1045500008B58047E3F772FCFFF7CCFEE3F76EFC8B
:1045600008B5F0F725FFFFF7F3FF08B58047FFF721
:10457000F7FF08B5F0F722FFFFF7F7FF012810B5A6
:1045800003D951F8140CFFF7E3FFA1F12803D3E896
:10459000EF2F013AC3E8E02F0028F8D15AB951F8BB
:1045A0001C3C01F158040BB1204698472046BDE859
:1045B0001040F0F7D5BC10BD70B504460D46164648
:1045C000F0F74AFD436829463246013343602046EE
:1045D000F0F7FAFE0123044644F8283B2046CDF7C5
:1045E0004DF92046FFF786FEFFF7BAFF10B5F0F74A
:1045F00033FDD0E90042013242604CB394F82020F0
:10460000472A27D194F821204E2A23D194F822203A
:10461000552A1FD194F82320432A1BD194F8242033
:10462000432A17D194F825202B2A13D194F8262059
:104630002B2A0FD194F82720012A0BD86269524205
:10464000626120342046CDF73DF92046FFF752FE47
:10465000FFF786FF00220260F3E710B50446F0F78B
:10466000E5FE0C212046FFF70CFC204610BD2DE98D
:10467000F041DDF8188006460F46154690451C4669
:104680000BD0B0682A4639460368CDF818801E6AF8
:104690002346B446BDE8F0416047194600F057F89C
:1046A0000028EED00620BDE8F0812DE9F14F0D463F
:1046B0001946814617469846DDE90A4BDDE90CA606
:1046C00000F045F890B1002D3460377109DB2C44BF
:1046D000A24514BF01240624B471002001B0BDE836
:1046E000F08F0235F9D10123B371F6E7544506D1B5
:1046F0005946484600F02BF808B17771EDE7D9F834
:1047000008003A4629460368CDE90CA6CDE90A4BD4
:10471000DC694346A44601B0BDE8F04F60472DE98F
:10472000F04107460C4615461E4600F0B0F848B961
:10473000B8682A46214603689F693346BC46BDE8EF
:10474000F0416047BDE8F08170470020704781422A
:1047500008B50ED0406803782A2B0CD049680B7836
:104760002A2B08BF0131CCF799FAB0FA80F0400942
:1047700008BD0120FCE70020FAE74068704710B54B
:104780000446F0F75DFE2046FFF726FD204610BDEB
:1047900010B50446F0F766FE2046FFF71DFD2046E3
:1047A00010BD10B50446F0F767FE2046FFF714FD74
:1047B000204610BD70B5054616460C4649B1084660
:1047C000F4F700F8211832462046F0F75FFE286023
:1047D00070BD4FF0FF31F6E7012A30B403D10B78FA
:1047E000037030BC7047002AFBD030BCCCF7E0B976
:1047F000521A08B5FFF7F0FF08BDFFF7EDBC7FB513
:104800000024102315461268CDE902340368CDE96F
:1048100000449E696B46B0479DF8043003F00603E0
:10482000062B05BF009B012020462B6004B070BD05
:10483000009890420CBF06200120704710B5044636
:10484000F0F7B8FE08212046FFF71BFB204610BDFD
:104850002DE9F041DDF818801F4606461546DDE9D2
:104860000834984507D10799FFF771FF18B16571B2
:104870000020BDE8F08139463046FFF768FF002888
:10488000F6D00123C4F800802571A371F0E738B594
:1048900015461C46FFF75BFF20B108232560E36047
:1048A0000623237138BD2DE9F04105460C46164616
:1048B0001F46FFF74CFF48B9032F07D8236832463D
:1048C000294620465B69BDE8F0411847BDE8F08104
:1048D0000378472B17D143784E2B14D18378552B6F
:1048E00011D1C378432B0ED10379432B0BD14379DC
:1048F0002B2B08D183792B2B05D1C07901288CBFB4
:104900000020012070470020704710B5044648B1D0
:10491000FFF7F0FC2046FFF7DBFF18B154F8140C4A
:10492000FFF716FEFFF71CFE08B5E3F787FA08B598
:10493000FFF7FAFF000000005FF800F02D0C080000
:104940005FF800F03B0B08005FF800F0350A01004B
:104950005FF800F0D91801005FF800F0E5080800E2
:104960005FF800F08D0B08005FF800F0B10A080056
:104970005FF800F0711801005FF800F07D010100A0
:104980005FF800F0C50001005FF800F0450E01007F
:104990005FF800F0E90D01005FF800F00D1501006F
:1049A000D906FF7FA908B100FFFF01080E041C0013
:1049B000180E0000C506FF7FA908B100FFFF01081F
:1049C0000E041C00180E0000B106FF7FA908B100FC
:1049D000FFFF01080E041C00180E000008B1018141
:1049E0000FB10084000000009106FF7FA908B1000C
:1049F000FFFF010008B10181B0B000840000000099
:104A00007906FF7FB0AF1200FF10190110289C0536
:104A10000000DA0504DE0501F6053400000100009F
:104A2000000000005506FF7F8408B101B0B0B0005F
:104A3000FF100D0104020608010100000000000043
:104A400008B10181B0B000840000000008B101810C
:104A5000B0B00084000000002106FF7FB0A8010074
:104A6000FFFF01080C041200180400000D06FF7F70
:104A7000B0AF0400FF1029011E2404280160049235
:104A800001006A046E0188010A9201009A01040083
:104A900000AE0102920100010000000000000000D1
:104AA00008B10181B0B000840000000008B10181AC
:104AB000B0B0008400000000CCC3FC7F0100000007
:104AC0005CC4FC7FB0A90280E0C4FC7FB0B0A880C9
:104AD00024C5FC7F010000002CC5FC7FB0B0AA807B
:104AE0005EC5FC7FAE71B28010C6FC7F0100000085
:104AF0000CC6FC7FAB3F38805EC6FC7F0100000027
:104B000068C6FC7FB0B0AA80A0C6FC7F0100000090
:104B100044C7FC7FAB0EB280A8C7FC7FB0AF068055
:104B2000F0C9FC7F01000000F4C9FC7FAC3F0180AC
:104B300054CCFC7F0100000008D1FC7F008404807D
:104B400018D1FC7F0100000012D1FC7FB0AD0480C1
:104B50004ED3FC7F0084048070D3FC7F44FFFF7F32
:104B600072D3FC7F48FFFF7F7CD3FC7F01000000F5
:104B70005402FF7FB0B0A8808802FF7F24FEFF7F31
:104B8000B002FF7F30FEFF7FD802FF7F3CFEFF7F39
:104B90000003FF7F010000001004FF7FB0AC018024
:104BA000A804FF7F01000000D004FF7F54FEFF7FB8
:104BB0000008FF7F01000000D408FF7FB0B0AC8088
:104BC0001809FF7F94FEFF7F3809FF7FB0B0A880EF
:104BD0005809FF7F010000006809FF7FB0B0A8807E
:104BE000B809FF7F01000000E009FF7F80FEFF7F22
:104BF000A80AFF7F01000000C2F5FF7FE0FDFF7FF4
:104C0000C4F5FF7F01000000ECF6FF7FDCFDFF7FB5
:104C100036F7FF7F01000000D4F7FF7FB0AC0180C2
:104C200058F8FF7FD0FDFF7F92F8FF7FB0B0AA80D9
:104C3000AAF8FF7FB0AA018000F9FF7F00840480FA
:104C400010F9FF7FE0FDFF7F18F9FF7F01000000F2
:104C50001AF9FF7FECFDFF7F1AF9FF7FF0FDFF7F60
:104C60001CF9FF7FB0B0A88050F9FF7FB0B0AA80D8
:104C70007CF9FF7FB0B0A880E2F9FF7F010000005F
:104C80009EFAFF7FB0B0AC80C0FAFF7F0100000049
:104C900024FBFF7FB0B0AA8040FBFF7F0100000033
:104CA0005EFBFF7FB0AA038088FBFF7F010000004E
:104CB0004961011800000000217F01180000000078
:104CC000E17F01180000000095820118000000003B
:104CD000ED82011800000000191F021800000000FA
:104CE0004D21021800000000D9ED0218C04D031834
:104CF000D9ED0218D84D03182DE50218F04D031810
:104D000035E70218084E031829EE0218204E031842
:104D1000199D0118384E0318F58A0118000000008B
:104D200085A4011800000000EBE10218000000005B
:104D30001139031800000000617C01180000000018
:104D40006DE60218504E0318914D02180000000045
:104D5000ADE80218684E0318CBEC0218804E031819
:104D6000A9EC0218984E0318319E0118B04E031892
:104D7000319E0118C84E031843EE0218E04E031886
:104D800043EE0218F84E031855AF0018000000005B
:104D9000B58E0118104F0318A1150218284F0318DB
:104DA000451B0218404F0318E1B80218584F03186A
:104DB000816C01180000000079F00118000000006B
:104DC000DEEE04186474041800000000462D08008C
:104DD0000000000000510318EEEE04186874041877
:104DE00000000000482D080000000000F4500318E7
:104DF000FEE60418047304182C730418382D0800F8
:104E0000401E0800EC500318BBED04180000000021
:104E1000F47304183E2D08005C520800E650031895
:104E20002BEF041800000000000000004E2D0800C9
:104E300000000000DC50031844EF0418B474041898
:104E4000E0740418502D080088520800D65003184A
:104E500044ED041814DA0900D07304183C2D08003E
:104E600018510800D050031808EE0418FC2608005A
:104E7000FC730418402D080000000000CA500318FD
:104E8000B6EE04182874041840740418422D080063
:104E900070520800C2500318C4EE04183474041889
:104EA00040740418442D08007C520800B6500318C2
:104EB0000AF10418FC74041854750418522D0800E3
:104EC0000C270800AC50031817F10418407504189B
:104ED00054750418542D080068270800A6500318BC
:104EE00013EF04186C740418AC7404184A2D0800ED
:104EF000000000009C5003181FEF04188C74041865
:104F0000AC7404184C2D08000000000092500318E7
:104F1000E1E9041838730418A87304183A2D08003E
:104F20007E310900885003181FF5041826F504186F
:104F300026F50418562D08002BDA090080500318B6
:104F400068F504186FF504186FF50418582D08005B
:104F50002DDA090076500318309E04180000000076
:104F600000000000362D08000000000070500318FB
:104F7000000000000DE30218000000000DE302181D
:104F8000000000000DE30218000000000DE302180D
:104F9000000000000DE30218000000000DE30218FD
:104FA000000000000DE30218000000000DE30218ED
:104FB000000000000DE30218000000000DE30218DD
:104FC000000000000DE30218000000000DE30218CD
:104FD000C84E031847EF0218B04E031847EF0218E7
:104FE000000000000DE30218000000000DE30218AD
:104FF000204E03183FEE0218984E0318719A0118BC
:10500000804E0318719A0118F04D0318E7E4021856
:10501000000000000DE3021800000000273903180B
:10502000000000000DE30218000000000DE302186C
:10503000000000000DE30218000000000DE302185C
:10504000000000000DE30218000000000DE302184C
:10505000000000000DE30218000000000DE302183C
:10506000000000000DE30218000000000DE302182C
:1050700000800080FF7F09000A0000800080FF7F21
:105080000A0000800080FF7F0A000B000080008083
:10509000FF7F0200050000800080FF7F0200050006
:1050A00000800080FF7F00800080FF7F0200008082
:1050B00000800F00FF7F008000800F0010001100B3
:1050C000FF7F008000801100FF7F00800080FF7F55
:1050D00000800080FF7F00800080FF7F00800080D4
:1050E0000D000E00FF7F00800080FF7F0100008028
:1050F0000080FF7F008000800B000D000E00FF7F0E
:10510000008000800300FF7F00000000000000001E
:105110000000000075CC00182DDD0018B5E0001867
:10512000814F02186150021868F50418040000004D
:105130001FF5041804000000A8D3041803000000A1
:105140000CE7041802000000C9ED04180300000079
:1051500003D804180300000024F104180300000021
:10516000B3E9041804000000EBE904180300000090
:105170005CED0418030000000A9D04180400000000
:1051800022EE041803000000D2EE04180300000011
:10519000D6EE0418030000008D99041804000000E6
:1051A000B5D804180300000050D90418030000000B
:1051B000A7DA041803000000349E0418040000005D
:1051C00039D8041804000000FEE1041803000000B0
:1051D000E0CF04180300000038EF041803000000BB
:1051E000AC720418984F080096DA04180100000009
:1051F000000000000000000000E1F50500000000D4
:10520000001BB7000000000000366E010000000027
:105210003062041828620418206204181862041806
:10522000106204180862041800620418F861041877
:10523000F0610418656E64203E3D206279746573E8
:1052400000000000574553545F544F504449522FBB
:105250006D6F64756C65732F68616C2F6C69737406
:10526000656E61692F63736B365F636D33332F73C4
:1052700072632F646D612E630000000063685F69D4
:105280006E666F20213D204E554C4C202626207303
:10529000697A6520213D2030000000006368203CD1
:1052A00020444D415F4E554D4245525F4F465F434E
:1052B00048414E4E454C530073697A65203C3D2071
:1052C0004D41585F424C4B5F5453000073697A65FF
:1052D000203E203000000000574553545F544F508B
:1052E0004449522F6D6F64756C65732F68616C2F24
:1052F0006C697374656E61692F63736B365F636D80
:1053000033332F7372632F63616368655F61702E3F
:10531000630000002873746172742026206C696E2B
:10532000655F6D61736B29203D3D203000000000FA
:1053300028656E642026206C696E655F6D61736BF5
:1053400029203D3D20300000000000004552524F12
:10535000523A205265616420666C6173682069640A
:10536000206661696C6564006D7869635F70726F57
:105370006772616D3A202870726F6772616D2920C3
:105380007061676520256420656E61626C652077B9
:1053900072697465206661696C0A00006D786963E2
:1053A0005F70726F6772616D3A2067657420287054
:1053B000726F6772616D29207061676520256420B6
:1053C000777269746520656E61626C6520737461C3
:1053D000747573206661696C0A0000006D786963FA
:1053E0005F70726F6772616D3A202870726F6772BA
:1053F000616D2920706167652025642C20777269B2
:10540000746520656E61626C65206973206E6F74CF
:10541000207365742028737461747573202578294E
:105420000A000000000102030405060700366E01B1
:10543000001BB70000E1F50573706920213D204E87
:10544000554C4C00574553545F544F504449522FCC
:105450006D6F64756C65732F68616C2F6C69737404
:10546000656E61692F63736B365F636D33332F73C2
:1054700072632F7370692E63000000004E20213D7F
:105480002030202626204D20213D20300000000025
:105490006469764E4D20213D2030000073706920F4
:1054A000213D204E554C4C2026262061726720213C
:1054B0003D203000E024370500AB870400AB8704B3
:1054C0000090D00300F36F0600F36F06804A5D057D
:1054D00000AB870401001000140014001400280021
:1054E0001400100017000400020004000100040072
:1054F0000D00040025000400390004004D000400E4
:105500005D00040061000400790002020202020250
:105510000202060202020502010001000400080066
:1055200010002000400080000001565000000010D4
:1055300000000000000017000000F6000000AD01B0
:1055400000004402000003030000EA030000E1043D
:105550000000B805000047060000F6060000CD0771
:1055600000006408000013090000E2090000810A3D
:105570000000280B0000E70B0000960C0000750DE2
:105580000000240E0000EB0E0000A20F00003910F6
:105590000000F8100000BF1100004E120000ED12D4
:1055A00000009C130000531400001A150000A11500
:1055B000000058160000F7160000D6170000CD189E
:1055C00000006C1900002B1A0000FA1A0000091CD8
:1055D0000000E81C00009F1D0000461E0000A51FE3
:1055E00000009C200000AB2100008A2200008123E3
:1055F00000006024000007250000CE250000B5262D
:1056000000005C27000023280000F2280000D129B8
:105610000000E82A0000E72B0000DE2C0000A52D8A
:1056200000006C2E00004B2F0000423000001131B2
:105630000000B831000087320000FE3300002D3535
:105640000000E435000023370000A2380000C13913
:105650000000B83A0000BF3B0000363D0000CD3DE1
:1056600000008C3E00009B3F0000AA40000051411A
:10567000000088420000374300001E4400009D45A2
:105680000000844700006B490000B24A0000F14B63
:105690000000484D00002F4E00003E4F0000F54F27
:1056A0000000EC500000C351000092520000A953CA
:1056B0000000E0540000EF550000FE5600004D5879
:1056C00000004C590000535A0000E25E0000D15F18
:1056D0000000D0600000B761000076620000156332
:1056E00000002464000003650000A2650000D1668C
:1056F00000007067000007680000F6680000FD69A0
:105700000000446B00008B6C00005A6D0000316E8D
:105710000000B06F00002F71000006720000BD7223
:105720000000D4730000737400008A750000817655
:10573000000000770000B7770000C6780000AD7960
:105740000000FC7A0000437C0000F27C0000117E27
:105750000000187F00008F800000EE8100001D8394
:10576000000004840000A3850000DA860000998709
:105770000000B0870000978800003E890000D589AE
:105780000000D48A0000E38B00002A8D0000518EB7
:105790000000608F000007910000E6910000B592C4
:1057A00000008C93000013950000FA950000799793
:1057B000000080980000379A0000569B0000759CFE
:1057C0000000549D00001B9F00001AA1000051A37F
:1057D000000018A40000BFA400004EA60000E5A62B
:1057E0000000B4A7000093A8000032AA0000C9ABD3
:1057F000000020AD0000DFAD0000E6AE00007DB08F
:105800000000CCB10000BBB30000C2B6000079BA02
:105810000000E8BD000057C00000AEC30000EDC4AA
:10582000000094C500002BC7000062C80000D1C969
:10583000000060CA0000BFCB00003ECE000015D0C3
:1058400000005CD20000E3D30000E2D50000D1D715
:105850000000E0D900000FDC000046DD000045DF5D
:1058600000005CE0000013E200006AE30000C1E514
:10587000000010E7000077E800008EE90000ADEAC4
:10588000000084EC00005BEE0000F2EF000089F104
:10589000000008F30000D7F500006EF8000085F95D
:1058A00000008CFA000063FB00002AFC000021FDD0
:1058B0000000F0FD00000FFF0000DE000100E50326
:1058C000010034050100FB0501000000000000009C
:1058D00000000000000000000000000000000000C8
:1058E00000000000000000000000000000000000B8
:1058F00000000000000000000000000000000000A8
:105900000000000000000000000000000000000097
:105910000000000000000000000000000000000087
:105920000000000000000000000000000000000077
:105930000000000000000000000000000000000067
:105940000000000000000000000000000000000057
:105950000000000000000000000000000000000047
:105960000000000000000000000000000000000037
:105970000000000000000000000000000000000027
:105980000000000000000000000000000000000017
:105990000000000000000000000000000000000007
:1059A00000000000000000000000000000000000F7
:1059B00000000000000000000000000000000000E7
:1059C00000000000000000000000000000000000D7
:1059D00000000000000000000000000000000000C7
:1059E00000000000000000000000000000000000B7
:1059F00000000000000000000000000000000000A7
:105A00000000000000000000000000000000000096
:105A10000000000000000000000000000000000086
:105A20000000000000000000000000000000000076
:105A30000000000000000000000000000000000066
:105A40000000000000000000000000000000000056
:105A50000000000000000000000000000000000046
:105A60000000000000000000000000000000000036
:105A70000000000000000000000000000000000026
:105A80000000000000000000000000000000000016
:105A90000000000000000000000000000000000006
:105AA00000000000000000000000C0DEC201020093
:105AB00000C0006A439CE42108810009439CE42162
:105AC00008C0DEC201020000C0006A439CE4210855
:105AD00081014A2E1CC633DAF688E262965A2BA957
:105AE000C420A33E88583264CCE8A227C7B4BAA722
:105AF0008CF8A25789E6F5C64568E2AA0BF3D8846C
:105B000044788377CD957B02CE55A267C87A879972
:105B1000CE59E62F584D8EEBCE5DE637DC448E4BEA
:105B2000CFD5E6379E4C0E28CDD5A76EC84D1BF9B4
:105B3000CC51A77E44C4A1BEC5E9864ACCD2D1AB24
:105B4000C524A76A4EC3C592C7E4AC6206F3F572DA
:105B5000C7F88D6206D5FDD8C6FC8A3A06B5934EC5
:105B6000C27D8E62C6AC1368C2788E6202CF175AAD
:105B7000C3E98D2A04CF9E59C3248C12044AB2185B
:105B8000C334A4124C48963FC314E5139ADB121B8E
:105B9000CD98C76358EEAEFBD68CC74B489F2E24DA
:105BA000C0DEC201020000C0006A439CE42108C0BC
:105BB00000A54298FE395BC938822990A91D48C9C1
:105BC000A58639D6D83F6CC921A239F0CA232ACB81
:105BD00025E311D0DB7B61CAA1C218D0A82501CE74
:105BE0006D46199E882543CDF9C511D4983543C417
:105BF000E9EC131988318EC779CC614A9828CCC654
:105C000069ED79CAA828E7C6E58C7B0CD878E4C290
:105C100038A73B9EC8688AC2ACA65288F815FBC359
:105C2000AC825288F8159FC3AC827288E81CBCC253
:105C3000A8827288F9349DC3A8A66AD8D895BAD329
:105C4000A0852A5ACEF1BACDB8C4428849A18FCADC
:105C500090EFF11A78248EC0DEC201020000C0006D
:105C60006A439CE421088101C82BB2E7294E0EB596
:105C70006B4B9A96AD6E1F516CE3DCB565C50DD5C7
:105C800008A30F9379660EF52BB90E85E1C618535C
:105C900005894F86FDC20D70EDA242ACBEE3C9DDA1
:105CA000A26FC696932EC955E32706E79A45C951B8
:105CB000A32746A79A2FCBF1822782B49A0DCBFD5A
:105CC000836E47978A0ECBED8162049F8E0ACAA429
:105CD0008232D8D8166CCE2C8223CE8EA31ECDB4A1
:105CE000C64B08AE677BC588E7D95EAE2D7FC0DEA8
:105CF000C201020000C0006A439CE4210883037EC5
:105D0000735EE529CB3E012ADBCEED2B0A432CF452
:105D10004318A43F7818716EE30C97A13BC3D519C3
:105D2000C09AB73B48165B0EF948976199005DBE73
:105D3000C99AB6BF78C8D1A6F118C42573C8F5E2D0
:105D40007A46F3F498C8D1E25204E59146C959C3A2
:105D50005E8CA6316DCADDE327D2C3334DCE5183AD
:105D60002FFC320BE9CFFC832E6E229B4ACFFC81A5
:105D7000266C22152ACA7881222452152DCA7883CE
:105D80003A66C31189CAE4A23AA89310FBCD60C752
:105D90002E3AA21518C420C6FB3CA63959C5A8CD79
:105DA000DB7CC6BD1A40918CC290F63B0AC0DEC2B5
:105DB00001020000C0006A439CE42108810305B988
:105DC0009CE2F9783C109541D896A76A1F2DD451D2
:105DD000DEA53F0814AD5FC19CF413CE1C21BC4965
:105DE0001AEDB1DB186158C91CF4BB6A0D25C4E378
:105DF00054F43D38466144A112D4350B19F96EF3C1
:105E000008AC3B69F27C866BD6FAB918D8F9E63152
:105E1000559889ECC8E9E631928830A7C969C6115E
:105E20009DE81CA7CAE9461095983486CAEDC610AD
:105E30009FE834A6CAE1C610DBB82086CA6D4210BE
:105E400095983C85CA654210D5882487CA6142105E
:105E5000D49864EDCA614210DC886CE5CAE1421056
:105E60009EB87586CAE146189E986986CAE54619A5
:105E7000DAB87DE2CA3CA4399EA87C8DC69CC55B7D
:105E80001EF829F8C600486354DEAB08C0004A7308
:105E900094FD376EC0DEC201020000C0006A439C60
:105EA000E4210881019B5912C4E7650E19F84B5A89
:105EB000E76E84092538511AE4630E476569431A71
:105EC000DF3BEF40E9F84354D6636F07ED2CE31A4C
:105ED000B53FA4436D2FDBC8FD2BCFC8F18C6B4EB3
:105EE000E837A9CA55AD7B44F82B8CCFDDAE418C89
:105EF000E83BEDCF5DAA49CCE82BE5CDD5AE41C45A
:105F0000D86F0DCC5D8AC144D827C4C4508B414C96
:105F1000C8630BC5548ED10A682E4CC5548A43CC35
:105F200068364AC6F0AE5ACACF1795C6FCAE261ED2
:105F30002C3175C268EF2A16459508C26CE4665686
:105F4000478B54C620E422143C9F9DDC20E6C60A01
:105F5000DDB37894E4EE9BCAA72929056579F10899
:105F6000A435D80B65BCD9D8B6B9DF0EA1FED918B7
:105F7000E537F81261DAC918E5326D42630DD118C0
:105F800097AF090B11CDF348EDB76BC0DEC201022C
:105F90000000C0006A439CE421082000BBCB92EDC6
:105FA0006C8718B8B9F31182E9660F6499DB96958E
:105FB00025C60BE92ACBD5A2A56230ED5BD91786A1
:105FC000BF6205E9DED11D96E9E304EDD45B5F878E
:105FD000E9C306ED7943D9B7AB25DA59E2568EF419
:105FE0001D1FD8C9C627D8E6314889D5E2779CD38A
:105FF0002DFC0DA9A52E92C62DBCC001A55ADCE62C
:10600000BB19038092611AD4A72A5425DC69582D44
:10601000F91F8DE5D8C344AF26AC0E699DE105A5F7
:10602000A1440CEF09E1DC8425C70B6769E892B550
:10603000B9640721D8A99793E9E20021F8D35585DF
:10604000B94542205CF91D9669C606A0BCF197B31C
:10605000E5C72161EDBB09B7C8A51FA0AEA34BAC36
:10606000788FC0DEC201020000C0006A439CE421B8
:106070000800810ACBBCC7A5A71D65B741F6C4615E
:10608000E72D69BCF31C9279840F690FFB8FB6AFC3
:10609000442968ACFA4CDAB625D8C9EC2E087899B0
:1060A000D3C949442646EF1D5ACE594C2E42FF1BF8
:1060B00034CE6CAD4ACCDDB7DDC464ADE348FE310F
:1060C0001AC47C85CA86491714C4F487D286DBBDFE
:1060D000D5C560A2720C59BAEDC528E37A5A2B2EA9
:1060E000ABC5B8E37E085BE17ED910C65E0ADD6908
:1060F0000FC0DEC201020000C0006A439CE4210818
:10610000000165FE08C70FAE075DC57A5CB2B5BC7D
:10611000CB4DCC3654F6B56BC9C5472E94D63DA8A9
:10612000C9CD4736F242357BC8C9E226B2D2917E4C
:10613000C9D5A33FBE729FD8CB78836E3EF11D1E9A
:10614000CBACA23A7EB39DD4C49CE3623CA3B9B964
:106150008218A6F61CA5AB44F200E56A1F8C392E06
:106160008035C7FBCAAE61240B6566DA988DBF44E3
:10617000006D2C4AD2E723671BFD69FB8986F9E293
:10618000157B0AE3C8976946057B6AFB4B8569471F
:1061900003E92EFBC89D6DA708A0699B83847946FF
:1061A000C0DEC201020000C0006A439CE42108C0B6
:1061B00000847EC8EC3D1FCFB0A33394DA38F0CA18
:1061C00028812A946A24B0CBEC836ADED90B98CB61
:1061D0005DA47A4CD81FCBCB49CD5B4EC8334ACA9D
:1061E000DDEE4104D83999CEDDEFC9C4F9AC9FCFBB
:1061F00055AEC104F92C9DC4F08A434C59A1A4C5E5
:10620000748DDB4A683947C5708CD28C7B914FC541
:10621000F4A47E14459508C478A77AB4C61D1AC4A0
:1062200064A27292F419D4CDA4A36BD2391E7ECF8E
:10623000AC8162DC2AB397CAA8812294283775CB37
:10624000E8A67608CBE779CA20E7725A2E79DDCC2A
:10625000A8E5BBCA4A2B8AC398CBD2C47FA5DFCDA1
:106260000064F294CDB938DD84EBEB46ECB6CB9FFD
:106270008CFECB4CDCAB59C0DEC201020000C0007A
:106280006A439CE4210800014E6BD65DE4850BCD8A
:10629000C55A1A4C992F8B45CC721AC5155CCBC9BF
:1062A000C462DED53DDACA4DCC2A1EDC1DF9CFC949
:1062B000CC321ED4B11DCCD9EC325444B134C551CA
:1062C0008D3A5CE59F69C6F48D1214B595FCC2F455
:1062D000843A76A331F5C2F885323AC135B4C3ECBD
:1062E000851E74F315F6C320A717B6F0B497C32420
:1062F000E53690B1BC9CD4B8E71A247315DD95B887
:10630000E442F2E3BC9C063CAAC1F29295DEC0DEF8
:10631000C201020000C0006A439CE4210881014AD6
:1063200043DEACB70ACE00C23214ACB6AECF00A189
:106330006A1CA46D498D60A4F20496B13EC9F18235
:10634000279A7A0B08C951A23F1A4D0D1AC951A2BA
:106350003FD4B39D9FCB71823EBC429C97CE75814A
:1063600067B2F314F3CF788167B4D130B6CCE4A12F
:106370002EF8F1909EC4E4A3262AD3358AC560A3E3
:106380002E6AD3109EC6A0E22E6AF0B4DAC628E2C6
:106390003A6CE1399BD8BCE23A28A135B9D338C66A
:1063A0003A2EF290BDC63CE23AA4E1309FC234E2FC
:1063B00032E6D0B895C614C7326AE1B99EC0DEC2D3
:1063C00001020000C0006A439CE4210880014ECB1A
:1063D00094FEA4AD33105CFB1D85E1C63FA59ADB9E
:1063E000DBA2F58603E1FE43D583F5A20DE5B74BAD
:1063F0001092BF4201E5BECB5B97650203ED5AD117
:106400005F96AF661A692FEBDA957DAD16ED4CBB42
:10641000CDA6236658D186778EDF166ACBDDE2677C
:1064200048CD991ECFDDE36F94F6953ACD51832781
:106430007266175BC5F5833F7653975FC778822FE7
:10644000F453135FC668832F7443371FC2E4A32538
:1064500032C1B592C224E63FFCC1B31DDDACC73EDC
:10646000F8D129BDC638C63E28F32578D5BCC6323A
:10647000A6F7B16BD694C232B881257BDA98C36A8D
:106480003293933FC000C7CB5193973AC0DEC2010D
:10649000020000C0006A439CE4210880016CFB7686
:1064A000D2294F06F5CCD332D736844AF0837F9079
:1064B000D69A02CE5D836756551E02CA5DE33D54EF
:1064C000671E02CEDDE16516779646CD55A16512B1
:1064D000761667CCD1832776361665C4FC833F34A5
:1064E000639E2CC564A21626139A4DC7A4E23226D9
:1064F0006297ABC7E0E23EBAC31BB8C238E216EC03
:10650000630B89C138E63E38F1157DC138E2366A41
:10651000C119F3C128E22EF8D1977ED2B0E67AAA4B
:10652000F1111A4015C741BCA7879AC0DEC201020B
:106530000000C0006A439CE421080E85464E1CA260
:106540008B2BCA51A226B6561D0FCAD5E36F90C237
:10655000949ECA51A327D0D29DCACED5A36FB0C2F4
:10656000956ECF51A16F70569DCBCCD1836FF652F3
:106570009D0BCC518367326211FBC5FC83277C6382
:10658000930AC5FC83677C229178C76CA23EBA53FC
:10659000B1DFC7A4A332E2533DBBC6A0A236EA7264
:1065A000B1F8C624A2162422B54EC624A2166E72D5
:1065B000116CC62CA216FAD1AD4EC238E512A44217
:1065C00091C9CE3CE23E78C2954ECDB4C66E70A263
:1065D000194FC0DEC201020000C0006A439CE421E2
:1065E000080001A4F39444B496CED1E522162F9569
:1065F00049CEC9C4265E2F172ECEC9C46E5A6D95DA
:106600002DCECD457E5A5C9B04CD49456E5E6C9B7C
:1066100004C449CC6E5A2D1F24C555ED7A1A2D9508
:106620000FCDE8A97ADA2F9DF7836F0A5BCA4D97E1
:10663000150663686B8CEC9DBC11A595538CB499C1
:106640005C8390F07B58E7111D8608D7431EB2A9E2
:106650009440059ECBC8A5B3D9870D9FDB18F412D3
:106660008B401995535AF737D81B95B47348A5B387
:10667000A91AB0965348B6BFE90831794318B7B3A1
:10668000EBC209CBC344AD96AAC101EBC308FE9B84
:1066900049C0DEC201020000C0006A439CE4210838
:1066A000810147DA9ADEB109C190C65E50D2AD8849
:1066B000C6ECE782F063B52B01FC9CB11252936EDD
:1066C00004F5B98114D31F8E1E5083CF5ED39FB9BA
:1066D000CE5183671CF61909CE55A32D16C217A4F7
:1066E000CED5E12714F21F0ACFDDE16F56D615286B
:1066F000CED1A32770C39108CFD1A1277673B33829
:10670000CFF58127FC7397C8CFFC832FBA5331197B
:10671000CEF8833E6E63B368CFEC812E2C73B17BD1
:10672000E9E0A2162EC231DBB8A4E736BAC6B59EA0
:106730004DA4A5BB7A56349D18348DC3FA72ADBBF7
:10674000C0DEC201020000C0006A439CE4210812BE
:106750000165FA5A42618A1849C43E54D629EB4B66
:10676000CD452E56D2312ECACDC52654F2B594CF82
:10677000D9A766D4E33CB7CDDDA26672C23555C455
:1067800075823636E292B8C6ECA326BA720AB8C24F
:106790002CA13EEA728E88C00CE22E70A78BFEC43C
:1067A0008024CA94ED334ACC804A4BD4E4290B8030
:1067B00080D443DAE5250E0100D67B5CF4BF2A07BE
:1067C00000D46ADAE6E96D040856B1566693691496
:1067D000E0FCD2962217080278F0DB9C671F850E3A
:1067E00075D1C91267950E0BF71EA31426910802E6
:1067F0007D5EB35C2693380171514B5623B13E0C3C
:1068000075FCA35C62BD7E07F92E811223B68D0B49
:106810006F2BA95652B53F00616F8B1EC32D19C057
:10682000DEC201020000C0006A439CE42108402D42
:10683000ED4B08AB916BCBC94CD18CF8318AC9D1E7
:10684000EFD984FB24D9C8F1AFC1464A54C9C8D195
:10685000AFD98C4964EEC8D5EFC98E4AFCEECB5156
:10686000CCC9CCC9A0A4CA55EFD98EC8ACABCFD97E
:10687000EED984F8B1AFC4558BE8CE4834EAC5559B
:1068800088D90ECB90AFC7D189CB086E31A9C6D1BC
:106890008EC39E3435BEC6748F6A1C55B1BCC268A7
:1068A0008C3E9ED51B2EC660A53696F61DDED724DF
:1068B000E537D6D295DFFEA8E66794E29596C32C1D
:1068C000C4E618B1151803B58E7A14E29579C0DEC6
:1068D000C201020000C0006A439CE421080B81EF62
:1068E000E3D44C916E0924E8A394F6310F14FDBE55
:1068F000BB5452ED8C0F50EC8648C179264DD0A385
:10690000C75EC2368FCFD5835F5E423EC6CF59E3A6
:10691000779CD2B223CD59E6679C46BE02CCD9A45F
:10692000269AD79204C45DAC3E14C48E0FC55DACEC
:1069300026DAC49AA8C75D8F3E5CD50B88C6D18C79
:106940002E54D78BB8C27C842A36578BB9C16C843D
:106950003E76669FE8C36C841790C39EEBC124EC1F
:106960001E3A639B3DC124E416B4739B590A6487A5
:106970003FB6610A2A04AC863E38610A490010E637
:10698000D672038FBA0394875E72230E2AC19D8745
:106990004ABC638E2AC0DEC201020000C0006A4306
:1069A0009CE421080503ECD31CDC3685047DE9DB7F
:1069B000D0C591BEC25F0AD354E631FF475706FBEC
:1069C000F2758BCB0BDD2A439056357D4048AC4A9F
:1069D0001EA638B3C8C88C5292E229FCCB4DCD62BA
:1069E00018E7B57BCBC16C6E08A6BC9ECEC5CC6E3D
:1069F0001CF635BDCD45CC265EE635FDC449AC66FA
:106A00001CE228BDC7708D32F0E715D7C670AC2ADE
:106A10003E46173FC27CA56E36D29175C378A52E2F
:106A2000F6D3B1B5C368A72FB6D39DF7C1E4A63797
:106A3000B4F113DBCA24E716E8531EEBCCA8C2520C
:106A40006852131F8E3CC5D32852955EC0DEC2012A
:106A5000020000C0006A439CE4210814898B6E1870
:106A6000C4252DCE59EC621EC4192FCA49EC6A5CAC
:106A70004D990DCA4DEC7618C49F0DCE45ED5218B8
:106A8000F715A9CEC5ED521AC49D6ECD59AD4ACEAB
:106A9000CF9148CDDD8F4B8ECB1D79C57C8F4B4E72
:106AA000D81498C6ECAF6BCAA89D58F520AE3348F1
:106AB000F8236EF52CAF3318D8770BD0A8AD331868
:106AC000F87578D3B8AC3358F85548D2B0CC7B8839
:106AD0008E6C55C238A95B18BD6DFFCA1305C14C39
:106AE000BA218BC0DEC201020000C0006A439CE4F0
:106AF000210804096E7396543B1A4FD18452543FB7
:106B00001EF9CE598D725C3E9BBDCFCD8FCAD86C1D
:106B1000B317CFCDAE72DA6DB7DDCF4DAE26184CC0
:106B2000BFDECC49AF5ADA2DB75CC5548E5ADA1F96
:106B30003788C7508E4A982FB3EFC56CEC4A9ACC71
:106B400063C4C224E642CEDA1E0CC224E6F3CACFE6
:106B5000B20AC3A4C5FB48CE160BC32CE5F9185BDB
:106B6000BE05D538E6CBCEC892D8C9A8E6DBCEF9AB
:106B70001AC9C92CE6DBCCEB966BD3A4A56B98EBBA
:106B8000333ED6A0E4C34ED8245FD520E4DB4AD8F8
:106B90002CB9C2A8C6B3CCC83C8FCC30F8434E68E1
:106BA00064EBC0DEC201020000C0006A439CE42125
:106BB0000814898B6E18C4252DCE59EC621EC41999
:106BC0002FCA49EC6A5C4D990DCA4DEC7618C49FEA
:106BD0000DCE45ED5A58F715C9CEC5ED5218D49DC6
:106BE0006ECDC5EF6A1ED71198CC598D625CF7A99E
:106BF00048C5508C7396CC2CD4C7F48C7A966CA074
:106C000091C664A24A962CEDF6C62CE2261E6D6C47
:106C100091C738E3261C2F78D4C6B8C226584D70C9
:106C2000DDC628E36E0AD924DDC628E35A44CEEB3C
:106C3000F8C228E25AC4CDD9FCC228E6528EFB2500
:106C40007BC620E573985875E9C6A4C4CB58287C48
:106C5000CAC3244FA10A4824F9C4A88B5B585929F8
:106C6000BEC014ADEB06E938BFC0DEC201020000B1
:106C7000C0006A439CE42108C009E4F90CAF17ACDA
:106C8000C449C44B47B79AEECFD94573C68C8B7DA8
:106C9000CD59C522C68C334BCCD1E562869D3F3A97
:106CA000C471E52AC6AF931CC5F9A432C2EB9EBEDF
:106CB000C760841284F9AECEF8A4AC138CB91A590B
:106CC000ED2485338D9F16F8D2B88513D88E3FD921
:106CD000C390A51B1CE83B6ACE9CC52B5CFE23D849
:106CE000CA9CC453CAAC7B3DC190A4D1C8FE3FF539
:106CF000C40C84F918DFA799C0DEC201020000C0ED
:106D0000006A439CE42108370D44EB48EFAC88C48B
:106D1000F166424CDFB5084078A8460CCD1B590EF1
:106D2000F1CF56C85D8EEA005087D25EA61C91D97D
:106D300059862E96D7199DD849E327D6F2154AC908
:106D4000DDE33770C60979CA5DE32D30529F09CD66
:106D500055A33D36629B49C5F5832F3C639719C601
:106D6000E98337B851153AC2E0833EA84115DEC326
:106D700020A616EC71B528C1ACA2362CD1B0BEC38A
:106D80003CE61AE2F138DAC33CE55AFEE128DD0DB3
:106D90009CA4C3245331CAC0DEC201020000C0005B
:106DA0006A439CE42108078DD8EB4E5F12C40ED1D4
:106DB000CBEB4AF73F3C407102A2985CB73F436976
:106DC000C9A31CF139760CF54F8112C2376A01F95B
:106DD00058EBDCE635B4037DCD935CE62CBD10F8B2
:106DE000A2E21C93B1BCCE51822F56C2170FCF51D5
:106DF000A32D1EF1332BCCF1A33F1EC6178EC475F5
:106E00008237DC47BF8AC5E9821794643789C76037
:106E10008216DC5F97BEC7B8E6161E4A1E09C6B4C6
:106E2000E23A0AEABFB7C510E63B56DAABD7C79CD1
:106E3000C73B5EAB939EC798C35BDEAD37BEC01841
:106E4000ADC1DCDA32BAC0DEC201020000C0006AA5
:106E5000439CE42108C9056B4188FABD2ACCD5EDD5
:106E6000C1CCF82904CCD5AFC1C6F82367CCD5AFC7
:106E7000C884F821AEC455AEC88EF8298FC455AE6B
:106E8000C08AF82DECC4DDAEC88AF82D8DC555AB8F
:106E9000408EE83D8EC7D1AEC08AD820AFC6D18A19
:106EA0004098C8608DC6758FC88CF861ECC2F5AE8D
:106EB000408EE82DAFC3FDAE408CF86CEAC3798BF1
:106EC00048CAE8298CC3798A408ED8218DC3698A43
:106ED000408AC821A4C3608FC984C865ACD824EC9B
:106EE000F1C8C82DC5C2ACC9F05AC83145C5A8DE25
:106EF000485ED81DE6CD98745098C835C6C0DEC22D
:106F000001020000C0006A439CE421088001C4EA39
:106F1000D8DC39AE8079AE6E4A5D9F4FC359CC7ACA
:106F20001A7C9FAFCCCDCC525A7C8BCBCC5DAF7A48
:106F30009C6C113FC4DDAE6ADC3529F4C75DAE66DA
:106F40004874155FC2D5EE2E586494998279EF7219
:106F5000DE74B1908FE5A96A185411331BA5A97688
:106F600004EC13F944ACCCABDAFA2F4E3264AFDA4E
:106F7000CF8F3BE518E5A5BBDF95E18F1DE5C4A3E9
:106F80001F956D4D066D6ADB19B567C502ED6DE1A4
:106F90001D97E1A801E5FEC916B4AF2F02610ED11D
:106FA00030A72D4901650FF1F4C7ED4A00E5A8FBB4
:106FB00016B679A905E56CEB5F97A70D1B3C59FB4D
:106FC0001FB4A08BC0DEC201020000C0006A439C57
:106FD000E42108009D49FB988225E8055124EA0434
:106FE000922F8381D12DD20AE50A2609F1875E5CB2
:106FF000F48954C149E63E96C59DCBD859C217D6EF
:10700000D7992ECB55C33FD0D29DC8CA55E33F3048
:107010007611CACCFD833F7463B1D8C4E88236BA16
:107020005291BEC6E0A2166EC1117FC260A32EEEC1
:1070300041BB09C924E63E2C411F1DCBB0E2126CB6
:10704000D2B97BCC94C22FF4F33896C0DEC20102D1
:107050000000C0006A439CE42108400DE14E16A7E1
:10706000254DCA74A32776553967C950A3253275B3
:107070003D27C855812FFC253D06D955A02FF2C3C9
:107080002BE6DAF1831F36260AC5DAD5A13D9472C4
:107090009A07DB51A12754D39207D9F1A06F58E783
:1070A0008A0CC9718157CCA71E05CA7D8367C6A407
:1070B0001E0CCF6D83368EEE9A0DCDA0833686D909
:1070C0008E0EC438A2160ED8120FF330E63A4ADA02
:1070D000660CF390A232DAD5D60DD194E63288BE92
:1070E0002ACFD014E612D8EBB60EC290C51298E89B
:1070F00012CAC210C7DB06E833FBC110EFF9CAF9A8
:10710000372AC0DEC201020000C0006A439CE421AD
:10711000080781A7AB888236A5C590E3564894B38B
:107120008EC528E1CE0B87BFD8C524C2A29885B3EF
:1071300049FCE4A2BACE97B71CC4788277CCFC9BFA
:1071400017CED5A737DA5F891ECED5E637DC5F0FBD
:1071500079CED5A63FD6F69C94CDD1A327B2C2193D
:10716000F4C471823FF4721594C5E8823EFA521558
:10717000BEC7E4A63E6A731DBDC664A736BA439C6B
:107180009DD528A61264431089D43CA6126CF31036
:10719000B80AACA76E76E3B0D812B0C556BE62B4DA
:1071A000BAC0DEC201020000C0006A439CE42108AC
:1071B000189564CA0AD56F0F4BD0A777982E0E0F7B
:1071C000CED9A56ECE5A1AEFCFCDEF6204DF8A0C6E
:1071D000CF4DCF7BCCBF8A27CCDDEF6B43F50AEEDA
:1071E000C4E98F23098E9AE4C490C643889F93AF65
:1071F000C5E8A45BC38A0D38C5F88753879D1BACCF
:10720000C7F4864A85D6974CC6ECA27A19B6338F56
:10721000C67CA64F84D53208C660E616F6428A0BB5
:10722000C260E616B2C3960FC26CA237F042960D4A
:10723000D868A637D0421AEBC2E8822FDCD216EE0D
:10724000C2E8863FD4421EC9C368A5375A461E18F5
:10725000C2E0A63F9A640E1BDFACA70F986D1A1808
:10726000DC3CE7161A4E1A19C694E47A84AD2E98BF
:10727000DB1CCC434EBDE2EFDA004EDB18EF612899
:10728000C0DEC201020000C0006A439CE421081F66
:10729000056F56485155EB0D594C2A1C4C1F29CFF0
:1072A000454D3E1CC79318CE45646E18F79D1BCF05
:1072B000C54C6E1AD795F4CDCDEC42DED61196C4EE
:1072C000D08F5A5AF79DF000218A564AF7177C87CB
:1072D00014D84A94C52519430CD85B14DDEDD800A9
:1072E00000BA5314F4270F4280D37B5CF6E16BA8FD
:1072F00080F56B9AA529290001D733D8F52548C414
:10730000E50841485D1609C4EDE9A1C4DEB6CA0D21
:10731000E9BFF95EE52FA41F6CBFB89C97F965071C
:1073200065B8A95D9761E206ECBCF9D3826DE30014
:107330006C92C9978768A60A65F251B2B7ED6103EE
:10734000A17F4310B269C30BE0F059B4D468E70BD6
:1073500060B7C9F4E6E88C05A19EF9F0A565470180
:10736000A198A99F926D0C0CB9CBF1D8EEEF0C56F9
:1073700014B8C918FA614EC0DEC201020000C00094
:107380006A439CE42108C0008C725EB63B7BCFB0A0
:1073900082331EF8179DCBAD82399F8BB7EBCB693B
:1073A000A4111AB8374FC9D1ED31188817C2CB5D77
:1073B0004D210B981DE4CBDD2D70CE8835A4CAD1AC
:1073C0004F79CD889187CE5D4F598CB8308DCED90D
:1073D000CE494CA814ACCD49EAC1CCA81D85C45DEA
:1073E000AB410CF814AAC4D08ACB58181D88C5D458
:1073F0008EDA8A7E1B69C5FCA47AD074938AC5A0F4
:10740000C672F6F20E28C5ACC64E32C38E3887BCA3
:10741000CA43B45392EBC0DEC201020000C0006A4E
:10742000439CE4210881010F4B1CB73D19EA08E396
:1074300062D4FB3F49DB2CA2278CD83E64C424A233
:10744000678CAB1A0CC420A25683BFB528CC6882C7
:10745000C619E6F166CC68827E859E2BC5CCF1A26A
:1074600026CA783517CDD9E76ECE591DB5CC59E46B
:107470006E482AB19DC55DAD725A2EBCBBC759EE90
:10748000621A6E99ABC65D8A661A6F15BBC251AFA0
:10749000621E6D34BBC375AF3EDA3C385BC3E98D09
:1074A000161C642DBFC234A726982CE5B5CA00C6A9
:1074B00012B6CDA30E8BA1C5D3DAAC935EC36566BD
:1074C000C60B83AF8EC6E103DE46EC120642A1AFC7
:1074D000C602B4060DC0DEC201020000C0006A434D
:1074E0009CE4210880014CA11CF72165C071A95BB7
:1074F0004E481958CAD9EAC10878157ECB59EB41D4
:107500000EC815DFC95DCF494EF8109CC975EC63F4
:1075100008A8309DCAED842B4C9839B4CE2186330F
:107520001EF877ACCF60A6539CDAAFCE8868A9A9C5
:1075300018A527CF8D6DFEC11AEC93AF9E6D7943D0
:1075400018A53FAF03E977698894B28542694AF18B
:10755000CC84B389C5758C6A86D8173AC6F58F2254
:10756000C69F9109C6718F7286FB1D19C67D8A322E
:1075700044DB157BC2798A32445ABCF4C7EC8A3AA0
:107580004479B5BFD960EF72884B1D59C760CCF301
:107590008A39B5FAC6A0EBC348293C9CC028B97209
:1075A00084CB8B5BC0DEC201020000C0006A439C3A
:1075B000E4210881018A431E86B7A84001C4DB1A72
:1075C000E4936BCA658643C8CC69B7CDEDA27B8EC8
:1075D000D34BE9CFEDE66284C3DF5BCA69C71244CF
:1075E000D1D94BCB7D673A86A37566C955077B0415
:1075F000BB9D26CB592459CC990F07CB554C418CB8
:10760000E8118FCB55CCC18EE811AECBD1CC49CC93
:10761000F83DAACAF1C57306B8090DCF6D855B08A0
:10762000BFA90ECFA4A6EB1EAC2B08C5E0ABF3D8C8
:10763000A4BDDECA68855B98AE911FCA79856B8C44
:10764000D81129CA71C76286F81B2ECED1C56B82AC
:10765000A807CFCF51E46282BB0F8CC4F1A473871B
:107660008D0FADEA698C3AC4F98B8EFAEC8C32003E
:10767000BA0E4EF7608C32CEEE1FDFF22884328EC7
:10768000FEAB12F13C84138AD91218D210A41B5AF3
:10769000FD225BD694871B5EFD66FBD794A41B5A24
:1076A000A4EA78D71CA41BC8FB2B5DF08CC57BD843
:1076B000FDEBA8C0DEC201020000C0006A439CE4EA
:1076C00021080001B8A31AE7ADC90E8D65E354F592
:1076D00011398C29DBD35242AB09167990F314533C
:1076E000A9DE05F354C11653134801D33CE9D47302
:1076F000B37901D1698114713BEE5E5D8566CA4C38
:1077000093F4D959EC6A4C4D275ED8D9ACF30CCA26
:107710003554D8D9ADF9CEDB11FCD859ADF98CC8A8
:107720003CF3C8D9ADD144F8359DCB5DCD4904F8C3
:1077300028BFCE51ACD944F828F6CDFD85430ED8EC
:1077400060D4C4E88773CEE86DDBC76C826A0F8EA5
:10775000117BE07D8C361E6B997828D1843FD86FE1
:10776000997968D18437DE6D9939FBF8AC1E3255B2
:107770009D5AE26CA41236C51DFFD0E4A41AA8C617
:10778000997FDBACC5669CF59BD8C1B8ADCB3655AF
:10779000151CC0DEC201020000C0006A439CE42147
:1077A0000809012D535A95124DDC80C66ADCEE168D
:1077B000EED3ACE7C65CA6B94B4A5D86CECCFD9352
:1077C0008CC8D9C22F9E7D1B6AC845453E987F1D37
:1077D0002BD9CD657A0ECDBF1CCBCD2562C4BD960D
:1077E000B8CA554763859E0AECCFF9872385DF1712
:1077F000A4CCACA64ADE79AB79C1214E43CCEFAB29
:107800008E8DF704F3CF942F2204F14FB11A96FB1B
:10781000224EDDAC620CCB96C9CC5DEC2204CB9938
:107820003DC4518F22044B1B3BC4FCAE22D8291D02
:107830005BC66CCEDB8A690B2BC638EE428E4AA93A
:107840006CDB984ED3D8CF37F9C0DEC201020000FE
:10785000C0006A439CE421080009C4EBDEC7212A6A
:107860004B49456E1EF69BEDC9C9E4661CC59B29B4
:10787000C9F084525CE21D70402DAF1216F791756D
:10788000F01CAF2B90A639F5C02DA6568AC413E97B
:10789000C5D1E62F886CB3E8C7D5C73E8A7DB2AFA5
:1078A000C6D145364ECCB225C675EC1E4ADC3EC567
:1078B000C271452A0CD5E3ACC27DC52A0EC42EE5A3
:1078C000C2E5A5320ADC63ADC2A1853248D4664D5B
:1078D000C2B8AC3A88FC6FA9D1B4A4328ACCD6CF56
:1078E000CB9CE76B9ECFE38BC0098C4B5A4D2EF897
:1078F000C0DEC201020000C0006A439CE42108818E
:1079000001C8F108C42F5D0000DBE108FA1B8B06FB
:1079100061C5DBDAB7375EC2788BEB1EFC3D3E46B5
:107920006596511AA73F6E0FF91A49DEE5BB0803A9
:107930007D5AC308E52BD8D5718D3B1A9A971FDB6A
:10794000DD0413098A8A8FD9F14D390E890AEFD8DF
:10795000AD8F709A8E1A6DC00D8A581C8D13EEC6AD
:10796000815A30D2B7A3CC8000F57BDAE5E14FC471
:107970002548C94E7E668BC3F9CECB46FEE7AE1BCB
:107980007CB2415AB5CD861768D05916976DC50798
:10799000E8D0C950A669A20B78905370E7A0820185
:1079A0007D1A4B5F872888347B0BCB54B721EF2E91
:1079B000A4B7D3598625CD9AE56BB118F41DCE1C1A
:1079C000FDA7D2DECC3DAACC69E26A4EC25B6FC491
:1079D000E5A73A4E43C093C5E1A72AC4C3C190C5E9
:1079E0006DA5238CA34C93C76D8C634C87AB08C6E5
:1079F000ED8F2148BD6927C6E48D6158F86584C3C1
:107A0000A1846908F874EFD3A0AD531EF8ACAC871D
:107A1000A9AF4288EF11EF00012C5A88B5B92500B3
:107A200000D2629AE7E5CB1F2104D3D8E4AC981DBD
:107A3000FB26BB1B95B54E09E925B30A9AB1C8418F
:107A4000796EFB0B936D790DEB24F91897ECBDC0A3
:107A5000DEC201020000C0006A439CE421088101EB
:107A6000EA7EDEC4B12C0001B75358E633DB0E7951
:107A7000458B5AC696C8C3D5E8D3183D3E08C9D52C
:107A80008766C4FC3AABCAD9476AC694166CCE590D
:107A9000646B47A49E4CCF55EF71C98A8B6FCC7134
:107AA000AD710E88192FC475A4710888198AC5FD97
:107AB000AC6B0E881545C56D8D210AB82C8EC6A1FC
:107AC0008C3308E86DA8C22D84331AB839EAC2A8ED
:107AD0008C131EE82DCAC2B0AC191E9821CBC2B4BB
:107AE000EC1BB0EFED9FBC28EFF39AEE93A98F61EA
:107AF0004BC91EE5B75B0EA70A411AED97883DA753
:107B00006FD118DE93190C615E530ADFBD74C6A3F2
:107B1000495118FE111840299C591EA41BEB9229AB
:107B2000FAC11AB5331B832D5B4158ED1A890B3905
:107B30009F411AAC191A59098ED11AFF3D5B800179
:107B40006AC35E4E3138C0DEC201020000C0006A66
:107B5000439CE4210880015A4B1EEC9B8A00631869
:107B60007308A51ABB37751A2BC8E40BDB0E796EA8
:107B70004108AE0BCDCE794F73CCEE1F48CBD1E58B
:107B8000224ECFE10BCB55032A06ADAF6DCAFD46A1
:107B90001204FAB6C4CAEDA2624EEDAF69CEA98254
:107BA000660EE5E129C03085E298DEB145B4348E39
:107BB000AB58DE1545362F64DBDAB5916482750E5D
:107BC00042CA952F24427D0DCA44866281097D0BED
:107BD00052CCE5B2045C5D844A48CF0A7EC84DE4CD
:107BE00042CA7E9F73C9CDCD428C4F1530CBD94D43
:107BF000528A7D31F0CFDDAFC3C86B91D0CD59AE85
:107C0000434EC98BD6C4F48E5BC4F80F33C260AE4A
:107C10005304E8B0D0C328AE3348C860B0C3B0AF97
:107C20001B08F860F0C3B4AD1118A82638C394AD92
:107C300019DAF87BFDC21CCD31DCA83FBBDC30CFAC
:107C4000DB5ADFE368C20869C3C848AF28C0802E8A
:107C50004A48EDA17BC0DEC201020000C0006A43B9
:107C60009CE421084D85E52E10D49DDDC9D1873EC9
:107C700070F2970BC8D5866696F29FE4C8DC866FD3
:107C80001A458B6DC97C826A145D1B7ACA60A37B1E
:107C9000DB8430F5CEA8A323DA956875CDB4E23342
:107CA000DC9F9779C5BCC662D2A56B6C937CE4CA95
:107CB00016C75145FE68E227B0740A8AC4F8A327A4
:107CC000F6668AEDC4F086251C571F79C571873D7D
:107CD0001E6C152FC5D1A537DC6C112AE8758C36C2
:107CE00054643F2AC7518C265C3F370FC7FCAF2234
:107CF000546FB16EC4F18D7E186FB54A68FC8F2247
:107D00001E3A312ADA7D8D6A183EA14FDBFC8E22A5
:107D1000182A392ED8788E62582AB12FD0688F6AE7
:107D2000486E61EDF2E4AC42CE489F04C92CC4AB6E
:107D3000CA3BECAAC0DEC201020000C0006A439C3C
:107D4000A5A3080D01C9A11644B9B91235ECE3D4B5
:107D5000E6B59D1CE9BB8916623D7D0D513DA954D8
:107D6000722D0A0154E882D8579FA54FD4A3F75A21
:107D700047BF6FCBD083771C72B2A4CB55837F5A99
:107D8000D2BE66CAD1837F8EB7B205CEF883664B6A
:107D90008CB28CCDFC83DA56D7E0E8CC78814210E7
:107DA000F2295ACDFC8367DAF5B224CC7C832EB459
:107DB000261205C4F58237F2623E65C4D1A22EB206
:107DC00067B2ECC555A52ED6D7168DC5508E3A167E
:107DD000C4B28DC7DD8A36DA4C1E8FC5708A3E1E4E
:107DE0007F9FD8CF6CAE7A5CB713AE02612DC11401
:107DF000ACABE60979E8CBD58625060AFD4CDAD48A
:107E000096E5421BE9EEF28797D9C30CED48CBC744
:107E1000A2FB030EEC9F72C3B23EC307A105C2C30F
:107E2000A2A7A3C730CAFB8CC93287C0DEC2010239
:107E30000000C0006A439CE421088001AEB196F6C0
:107E4000A4A806E167F24AA2BD5A82694CCA1893F7
:107E5000B89A43F94FF29AE2A1FE0BF969C2DEC764
:107E60001F3A0C7D0FBB56678B541BFD82D656D232
:107E700097195B5DA16710C11DCFD951A12D50533A
:107E80001DE9D951A1377C629B39D8D1A166B64290
:107E90000ACFC855A3679AE59EAECA55A66E4EBFD7
:107EA00096ECCF71866A4B9A9D2AC4F884238F88FA
:107EB000149EC6E88F63CCD825AEC6798F22885829
:107EC00031AFC27DAF62CE48890AC2698F3E045B82
:107ED0001D58C2E9AC3E464F3BA9C2E1A4120A4A72
:107EE00092A8C3A884124CDA3B9FC3BC851288FEBB
:107EF00027BDC3B0A413D8ED7F7DCA98E42BD8DA90
:107F0000E53CD880C5C3DAFD3BAEC0DEC20102004D
:107F100000C0006A439CE42108DF8187524AFA7C52
:107F2000D8CA69A23A0C484CE7CAF1A66244881143
:107F30000FC95DA77A04BA9708C9C9C4264C4B1D5E
:107F400096C8CDC47E085E1597C845C47608CD9FF7
:107F500018C8C9E55608CD9F58C971A2CB88DE3331
:107F6000EEC9F981D3C49CB204CB6981FB0EFB96A8
:107F70000DCAED83CB4EAF1607CE75A753CCC8B74D
:107F80000BCDD5AC7B86E9992ECCDDAC5BC69E09CA
:107F90002BC4D58C4B86BF9F0AC768EE72C87B1571
:107FA0000DC128CDA34E7B2DA9C9886ED398DF3F84
:107FB0003BC0DEC201020000C0006A439CE421080D
:107FC000CF00E35A1ED42B78CF2C8122184CAB174C
:107FD000CFE48352CA4BB115CEED81CB4EAB955752
:107FE000CFF5A6D904F82DEFCD71A4D98CC869A41A
:107FF000CCF58CF0845850A5C47D85F1CC4850A6B2
:10800000C47C85B884C868A4C6F08FD31A2A917836
:10801000C2748F625C4CB51DC2E0CD6A10D61F9A47
:108020008738C72530211E2A5C88E66E90D312C897
:10803000C00064FAD0F53718C0005F72DAEC2DE8A2
:108040000000D543DAF525F805A1AAA314DC1F8F9B
:108050001A7DC5DB90C537AB02796FCBD0463FD9CF
:10806000186D05C21EC3EDFD1B398ACADAF23B1D2D
:108070000B9C8AA28EF22368C0DEC201020000C0FF
:10808000006A439CE42108C581833614D9071ECABF
:10809000A481639CD909B0C9798372D8DB9B49CB91
:1080A0005D42268A6A1BA4CB5D6626482A8FACCB2C
:1080B00055222A04488AE4CE7DC662CEEE9684CF4D
:1080C00028A2529AFFBFF9CFA0A3FAD8853328C8B7
:1080D000DDA7760CEC1EAAC8C5652E4CE41AB9C9FA
:1080E00045657E0CDC9754CB4DED5A42EE0BAACA87
:1080F000FD877A0C489E4DCAE0817A0ADA9A2ECF23
:10810000A0816A0EC81A0CCC3CA06A4AC8160FC7D8
:1081100010E1639C48B2ABCC24AD32D8BB9A4CC6BC
:10812000F88E3A84A88E04C67C8B1AC4E80ECEC39F
:10813000FD8A3A84D81F7BC379AA12C4D81A89C190
:10814000E4AB32CE481FDAC038E9628CC8091CCDD6
:10815000B5884B04499057C21988530E59B5B8C019
:10816000DEC201020000C0006A439CE421084E0107
:10817000C46BD6EF9566CBD14C69889811C7CB51AB
:108180006469CA981DC6CBEDEC63088A136D8D69CE
:10819000CA53988C2DEA0179F8435282A0BB1BF98F
:1081A0009DC372A611A802ECD24B12AC2D4705F864
:1081B000B0791B9CE5A284A8D5489C9F7082C028FA
:1081C000F749044B2EAFCFF9485B48CDB7521B6936
:1081D000844E18D51E18CCD58C6E484D8A19C4D53E
:1081E000AD660ACC9E0BC7F18E2E06FD0A4BC7F476
:1081F000AA4B8A4B8A8AC76CC9CB4E491328FD60AB
:10820000F8F9CE58BF2BC0DEC201020000C0006AE0
:10821000439CE421080001F97A94C5918F0CE8EBA6
:10822000CA4AA7115BC0ECBBDB08FC2BEB7168A64C
:10823000CA06FE9E2DC855A76E04DA9F3BCAFDA64E
:108240004B48EB976ECF1CE65B5F84B74EC680EF62
:10825000239E85A70F84B489E31EE7AD0D43F1E4A7
:10826000FB58FC93B9CBE9C8634A480B69C8748DC5
:10827000C94A4835BBC8D1EC5304F811EBC971C4E5
:108280004944F8354ACBF5ECC88E482D6ECF7C8C2E
:10829000F8CE48608BC7788EC8CC4864AAC7FD8DDD
:1082A000C9CED8288DC6788E4104F8388CC2E98EA4
:1082B000C1CCD83D85C3ED8E41CA482CE4D42CAC4A
:1082C000CB0EC838E5C53CCCB8D858358CC0DEC21A
:1082D00001020000C0006A439CE421088101FB63A5
:1082E000DCD5216E4F81692B1ACF710EC3217B2003
:1082F000DA5AA7BBC161CF41984BE73BC5E578216E
:10830000DC7A295DC361A4D11AFD395FDEFDE36B20
:10831000869A8A08DE71E226085A973FDA49E37F97
:10832000CAD40A25D955A37F46E79606C9A0816617
:108330005EEFBF0FCE1CE22A14ECB28481B4ABCB4B
:1083400098EC970BDAD5855A04E417FBDB494C3AD5
:10835000084D1F08DBC9243E186C917DC9D5E47215
:108360001A45311FCE6D8D261ED5973400158B6AA8
:108370005EF6A1BF000088CB9ED4392804949DCB23
:108380005AA2B93F40AD04EBDCD629350E250CAB23
:108390005CE129F70BA925AB9AF3AB1FC0DEC20144
:1083A000020000C0006A439CE42108C00167239ECC
:1083B000C93D3ECDB4836BD844C0BBCAA1815B48E4
:1083C000C4C9FDC97DA243CCC47CA9C9D5476B846F
:1083D000A765A5C95D672AC7863B26CBDD476287AF
:1083E000872FE4CAF5A5638299972DCA6987234A26
:1083F000BBAFC4CA64834B4AAA119DCE6C83C348E9
:108400009F9DDFCE68825298AD164DCF5DE66784A2
:10841000E51604CD5DE267D8E23207CDF1A23ED089
:10842000C79A0DCC55A22F54D29F8ECC55E22F5A0D
:10843000D69FAEC4F1A536DC54BFACC671E4169825
:108440002DB2C4DE75A436C87D12ADDA6984160A71
:10845000FD1A6BDBE08432CED9162EC6A8A72B8876
:10846000AB1A3BD738E523CAA93218D7B4E76B4A11
:10847000F8AA28D788E7F148DE22A9C0DEC20102A7
:108480000000C0006A439CE421080081E5CA95B65B
:10849000F0A6332CFD4A8DB46D6633E4BCCB529606
:1084A000798705E978D3548674CC0CE5FDF150B793
:1084B000ECE51DE4F25B5697E1C607E5FACB5FB247
:1084C000798207E889FA9AA5F923D9F18167D6C29A
:1084D000B6EFC9F1A126B252960CC9DDE23FD052E7
:1084E00013C9CB59C6669EE29F58CACDC53F98F7BF
:1084F0001BCBCACDC42E984D9B2ACBCDEC2688CC65
:108500001F28CACDED66CACD9B69CACDED66484F1E
:108510009B38CEC9AD661A6E8BD9CE5DAC225E7F1C
:108520001B72CED5A46E182F15FACD718572182D39
:1085300035E6C479876E4A67E199C5E887721A34CF
:1085400015CFC7698C3A06A171CFC7F98E32C4FA2C
:10855000152FC7F98B1AC44831C8C7F88A6A86D85C
:108560009D6AF6ECAE62C4C81DDBF6E4CFDBCCD965
:10857000B108C724AED318581FCEC6BD6CDB0EC9D8
:10858000BB6DC295CDDB4CC8B988C68049FB4E7B1C
:1085900065C8C0DEC201020000C0006A439CE4213D
:1085A0000800111BE15A92134C1EC9D9DB14E5B324
:1085B0008205D104FB8EB4EF4202710CDA98A7AEAB
:1085C000C682756CF3D8E71A0A5ED88FC3DA4E916B
:1085D0003ED8CDAF4A8ECF9B0AD849EDDB8E4C9D5D
:1085E0005DC9C9EF5ACA5F990FCB59C452182F19E8
:1085F000FBCE55A56E5C440938CE79864B5CA73D11
:1086000039CE6483538ABF35FACFA48363888F1031
:10861000BECD28833B9B8D9ECDCC388322989DABCD
:108620004ACCF8ACBB04CE366ACCFCA73ED2D69E70
:108630000DC57CAD32145D060BC7F88F32DE2B0EF4
:1086400008C7FC8E32087B0E08C67C8A1606FE1E02
:108650002EF26CAD624CAF0E9BF364AD3A4EBD068C
:1086600008F1E0ED2ACC8D0A58DC28CC3ACEE90698
:1086700008D434E53288D81609D494C413D98A1E94
:10868000D9D794C6531EAFABDBC2304FF11AF5A653
:10869000AFC0DEC201020000C0006A439CE42108B2
:1086A000C680832230A5B96ACE6CA13E28453DE83C
:1086B000CB50A3655256BD24C85581255672332C24
:1086C000D851A07788A632E7D97DA16E0CFE16A9F5
:1086D000D97DA322C8E9330BD87D835BDE4B15D24D
:1086E000C9F5A37394DE0D56CADDE22FC8DC1BA8C2
:1086F000CEF1A716DC6F0AB9CD69873E986E328835
:10870000406D25EB48AC15520A6199F91AA593DD25
:108710001EED04EB1896AD9CC6692FCB48FE31B810
:10872000D7E98533D6FAB1D6C46185111E983D4F7D
:10873000C4A4853996D874ACC5A0852994C85CE5D5
:10874000C5A485299CC848C4C4A48729D4C848A204
:10875000C4A4862954D85CC5C528A15B58DA532423
:10876000C4ACA1CB18DF736DCCACA1DB1E483509BE
:10877000CCA8EC129AC83B0CC6A8C4DB1A5829CD69
:10878000CD9CEB4158D9A18AC0DEC201020000C0D5
:10879000006A439CE42108C001C3429AFD210BC436
:1087A00030E32ECEEF3BABCDE081520CEE33A8CCC4
:1087B000E0A34E0597AB79CCEC82EA4EAC17B9CE6C
:1087C00055A67686CD1FB8CAD9C627CE4D8A8ACE81
:1087D00055C6375A751799C02DA537DCC296E840A3
:1087E00009854618D6276B07A549CB58C4209D1D7F
:1087F00078FBC2CEF7219C003C584E4AA635391F63
:108800007964EB12DCAD6E4179CCB28783690C0CD4
:10881000FD87568DB13AA5C5F0847EC4FD0B8FC689
:10882000748D2ECEFF06ACC2748F4ACCCE1BD8C23C
:10883000E8AE7AC85A97AED664ED4A44C91D1BD635
:10884000E0CEA34E5B1538CE2CB9434E78B30AC0A8
:10885000DEC201020000C0006A439CE421088101DD
:10886000AF5B9CD425DAC40CA31193BD1F7ACA292F
:10887000833992BB8F8AC9EDA23398AB138CDB513D
:10888000C37ACACEAB4EDA5DE63F8E4EB15EE9707A
:10889000852F4AED3BEE04F5AE9B498C13E61EF5A1
:1088A0002891DCA5912F1AF719A8D6E529241FF5E0
:1088B000FAB09A9723471AECE8BB0A8C610585E960
:1088C00064A31A96A9E917797F4B7246319D19F96D
:1088D00042BAD2C239BB49F8E73E3842B55DC578E5
:1088E0008236FE4295D9C778A637BA6395DEC6644C
:1088F000A22E7AC195DFC624E62E3CE131FCC824C5
:10890000E6367CE3959FC2A8E6322EC1B09DCEA884
:10891000E62AE4C10935C0DEC201020000C0006AD7
:10892000439CE421080D9D0C2E4CA43D874ACDC4E8
:10893000668A5D9B0DCB4DAC6E88D715FAC9CDC547
:108940002E9AC51DC8CBDDA2569AE39158CA6882FB
:10895000779E46AD5ACF2C82CAC4B5E51486F5E998
:10896000D10ADB7B6DC0F0ED83DA95270C3570E71B
:1089700082CB86F5A4C4F8EC8330E62048BA78862A
:10898000E28997A0DFCD7883D2D8953714CFE581DF
:108990005B9ACEED95CE65827A84D341D3CFF5E64E
:1089A0006206D35993CF5DC77206DC249BCD49C4C0
:1089B000664CF5376BCC59AD2E8A5D97AEC4D9A401
:1089C0007E8AD7177BC5F0842E5047B77BC57C873E
:1089D0002E30F29E4FD0ECA536D0C70AAFB0A4E43B
:1089E0006A36D29FFEC5ACED5AB2F39FDB441184C8
:1089F00072565C0BBBC0DEC201020000C0006A43BD
:108A00009CE421088101ECCA96D5B54ED910E31338
:108A100060D291BACDE0A3326AC23DBACF78813E2E
:108A2000685531F8CEF4833FFC77B198CAD18327DB
:108A3000B677116EC9DDE23FD6D2370AC9C9C52F54
:108A40009AD7354CC8C5EDDAD84411DDC8D9AFDBAB
:108A50009874B5D0C871855A9445B190C86C825B42
:108A6000C89429D0C9A0826B8AAFE050CA28A663F7
:108A70005AEEF870CD34A22B5A9A6057816D8AD382
:108A8000DEB2AC554EE5AAFB30D7B1D442692CE139
:108A900054A529B81F797EC37046919E1CF8864F55
:108AA000D4D7B99FCC78823238C231B9C57C822EF6
:108AB000B4C111FBC668A63EBA6391DBC620E63E90
:108AC0007CF1B1F9C224A23E3EE091DEC62CE63232
:108AD00038F3B4F4C228E6322EC19DFDCD28E662FB
:108AE000EEC31D740B10E452F8C31DB4C0DEC20106
:108AF000020000C0006A439CE421080000ADA3CF3F
:108B0000FD996B24ACE69287D53FCD8A64A5564982
:108B1000A72AA50260C7E20BB6FF4685E0E2FE1970
:108B200095AFCDCD78A2CE4DE4A745CE758327C4B1
:108B30009D9E4ECB51E23744B49F8ECBFDE33E4C1D
:108B40009D1AEFCB69832206A89A07CAE983624F70
:108B50008F16A7CD6C835ACA95A168C4688342CC8E
:108B60008CA5CBC5F8A2DA9886A19AC5F4877207BE
:108B7000B41729C7F48462068DB38FC7F88426061C
:108B8000FAB225D8E8842202EA3E64C26C877AC42D
:108B90009CB20FD42CA72AC58D9609D63CE5128825
:108BA000AB1E0ACB34E723889F9649C330C5C31850
:108BB000FE32DBC00CAF4B08AF2B49C0DEC2010256
:108BC0000000C0006A439CE421080503ECD31CDCD0
:108BD0003685047DE9DBD0C495BEC25F2ED354E652
:108BE00031FF425706FBB0751FCA05F124EBDAF7D7
:108BF0001F3D09D94AF28ED7317758C8ADFB98CDC1
:108C00009D34D959A4F3586C2DDED9C9AFE30E6E4B
:108C1000152CC95DAEF9082F394BCAD5EFCB482FBB
:108C2000B9A8CED18AC9185F90BCD8EDC24A985E67
:108C3000BB1CC011E5629ECF1258C809A77BDEBCE1
:108C400013881865EAD118A4BFE8BD34BBF14CED18
:108C5000328AD911F8C1CEDFB75EC084CBF90CDE01
:108C6000A6AAC0DEC201020000C0006A439CE42143
:108C700008C003EE53486DB20D80290C4A8ADC0E01
:108C8000EA797B255A84CF9ECEC1708D6A484EB753
:108C9000ABCBC9CC6244FD150BCBCD642244B4935D
:108CA000CACAD9C42E02EA8E06CFDDC47AC69F0E88
:108CB00064C02D8FD9198493ACC000A943DA95B74D
:108CC0006F07818F5ADCCD29289B016B439AFDBB2E
:108CD0002D09A5EDF29AA76F24042455F95DA37917
:108CE000E70164F74B10927D850565BD411696F14D
:108CF000A50F64B75B149DE08401E4F4C31BA521B8
:108D00008C3DEDD9C9729665850AEC99EB70E7F058
:108D10006C23ECBEF936D465841FE0B843C9E25138
:108D2000A512A5887B8B8DAF04401CDE6A848DA7BD
:108D300044C0DEC201020000C0006A439CE4210876
:108D400080038E2310E6B98803F97B43D8F715F525
:108D500087752EDBD6E635949D550FC390D79D08B9
:108D60000B5D2FFBD2D68B1E41DD26D2D4F6933B72
:108D7000725C865212E79B5EDB49A62F9EA699582D
:108D8000DBDDC63F8A5F15DED9D1E35A468D61EE41
:108D9000D851A35A46ABEDECCB49467A028C172842
:108DA000CE49477A03961148CFD5A47A42EA915E1C
:108DB000CF6CED52CE4811DED4ECEFF38C58B1A855
:108DC000CDE4CC83042AB9DEC66CE5C2064809DFCF
:108DD000CC6CA56BD42939BFC4FD84224828309AB5
:108DE000C57184724C59149CC7748C7A4E78955B0B
:108DF000C6F58D6204499D59C67C8D6A04C91B2E37
:108E0000C3798D36C4CA97CEC3FD453EC6CE1FAECC
:108E1000C3F5C46E06CE976AC3E5A5368CFF1FEA7C
:108E2000C008846A18ACBB4E18F965EBD8BCAF24F7
:108E30000EA14CDAD4A355EA02BD9DCB1CA5276632
:108E400013A85FABF0D5E5A2032872F37C46A1C658
:108E50000B2452F110F75CE708A0925B1292758721
:108E600009A4F6431683D4A61A20D153569270A7AC
:108E70001CE4B4DB1D862547176DBFF11D86E1AFED
:108E80000DE0BCF9D0A525AA1EE19CD9D487E5EB5D
:108E900019A5B8E91F876CB803B88AF3C994F0EB39
:108EA000400C6ACAC8B4D1C9C0DEC201020000C009
:108EB000006A439CE42108C00142CB5CD436CEC991
:108EC0002C812E4CCB0A0DCBED805A4CEF0E08CBEB
:108ED0007981C28CAC96EAC9D1A6720C4B9E8AC924
:108EE000D9A46E485E0B78CBC9E2569ED29E0B4E3B
:108EF000F981CF9E4392CBCFBCA322BCF2333ACFB1
:108F0000F58666D4E297DACE49C72F88F51E2FCEB4
:108F1000D9E43ED84E0A6ECF508C62D61AB739CDFE
:108F2000D0EF4A5ECC9D52C4DCB852DAF59B1C13DC
:108F300070CEAB58E59E9B44F4EC42C84B86FBC513
:108F4000F4AD6A9E2B977CC5FCAD229E4AB7DBC46C
:108F5000F8AD3E08C92D4BC0104A7A58ADA1EB9F21
:108F6000AD68D90865E32FC000DC5B98D4EDCE185E
:108F70002D69438E866118072C9FF90BE261B8803A
:108F8000ACF753CBB529290C25B8F30BE73B2B09DC
:108F900021B9C3C9A6A3650DA09BF319E3FD4C0439
:108FA00021A8A91BB3708F1AE188A91486D46F0F6A
:108FB00061F9C93097F8EC05A4F9EB1C84FCA40C0A
:108FC00025EBD3198CE8AD0BBCDC410F9C25CBC045
:108FD000149B41C88F914EC0DEC201020000C00048
:108FE0006A439CE4210800016981D6D3130B19213F
:108FF000D6DBD622B52A07F93EE35CC1392E04F54B
:1090000039915CD1254C19D139BB1AF3324700D1C3
:109010001EFB5E43B6C50F5087C658A29A24D9CD11
:10902000CD3E4E4D91FAC84DCEC384CC314ACB557E
:10903000AD43C82F60A9CEF5854A8A4FE0C9CFE07D
:109040008352C84EE4FDCC64A272584AB9D0C5EC34
:10905000A5535BA6B172C760AC23CAA82895C3A864
:10906000A43BCAE8757FC6A8841B1F88619AC23CCE
:10907000AC1B1B886D48C2B0AC1298BAE579C634F7
:10908000EBD198B91DBAC414FBC18AD825E9C0DE5A
:10909000C201020000C0006A439CE42108C000A293
:1090A0001376DEAD97CA38A333F05A2338CA20A20C
:1090B00066CADB96EEC8F8864E04EDB3AED9DDA2E3
:1090C0007E8CF49A04DB49E35E8AA29605DB49E1D3
:1090D0004ED6C3B267DB59E16EB2721A8ADB59E62B
:1090E0003632F299FADB5DE71F9CF7194AD8C9E7D7
:1090F000279A4C897BD8CDE57ED8CC890BC85DAD4D
:109100002A1E741F18C8688E7A0AA7BB3C0265E83D
:10911000DBD8E7B789C03999FB18B5B7CC192DDF73
:10912000415EA5290E0679184308B72B294D7D8C81
:1091300073CE9C2F38CADDC423849A1EEFCA5DCC3F
:109140002B878F97EACFD5E422869B0A8FCDD1A4B7
:109150006B86E81FABCC71A47B82E81FE8C5EC846A
:109160002AC2D83B59C7A0A5228CD816FAC62CA56E
:109170003B8EE8320DC238E723CF9A962CC234E6F4
:109180006BC689964ADC14E513CCA82E4DDC14E797
:10919000334A98124ED618E73318B83FC8DC08E7B0
:1091A0001912AB32CED79CC53B599A3368C208C25C
:1091B0004B58BA17EFCF84CFC98F8DB7AECF808F02
:1091C000C91AAF2569C880AE739AFC36A4C0DEC246
:1091D00001020000C0006A439CE42108CD00E7665C
:1091E00058ECAF29CBB8813A58CB9389CB61812217
:1091F0000CEF9ECEC9E981728B871EC9D955E37EDB
:1092000044DF1AAEDB49C62F8ACC9BCEDBD9C266BF
:109210008786B96FDADDE1C603E225E5DFC9C51748
:10922000CECF8F28DF59E73EDE4F9B7ADE71866610
:109230005A6E3DD0DEE8A77FCCFBB78404EDEEABE1
:1092400049B7E7261769DCC91F86252D206959E132
:1092500019966306176519E992B521A70B691AC318
:1092600010E43D8F03698D8B5E926745CBDDE43E54
:10927000CCFF8955CAC9656E44DD197BCEDDE46E2D
:1092800048CC9DDACD6984265AE7373CCF94AE3678
:109290009EF7BB7C803DAEDA84A5A9FEDAF9224AAE
:1092A00058E4B9FD72E98437DE743D09EDECA4267B
:1092B0001C3EA994C7ACA23E1C680E0EC7ACA222ED
:1092C0001A68320DDB24A6660878160FF1B8E73B62
:1092D00092680A19D534E733F0298BD1D830A633F8
:1092E000F0688970D930A63370791353CB90A633C8
:1092F00070FE16FFC70CC75614E4BD0D1CA16DFB14
:1093000098B5BDEB1861E8D3C984399B0AEDD8F94B
:109310001FB2ADC919EDC8E150A7A90E00670DA98C
:1093200094852D6E046D9FF15C872DCB04E54EA9CD
:10933000DD85AB4C1F6107A35B87A32A092125FBB1
:109340008DB27969CDA88FC2C5B7B13FC0DEC20169
:10935000020000C0006A439CE421080081C9EB1AA6
:109360008C370C1FE16BF35E862F861AEDFFDB1F37
:1093700082F925396968FB1F82694502F949CB5D8D
:1093800087E5620BF92FDB5695212707E5A94ACF20
:10939000942144CFDDA426084B9D3BC9496426088F
:1093A0007E1DA9CB71AE361E5C9B38C028A95258D1
:1093B000F7373AC484CB225644391A8BB13843C8A4
:1093C000E639D41E6106C29ED5391ECDF8843E56BC
:1093D0002C9DD5C6F884265A6DA9FDC224A66648E0
:1093E0005BB2A8C2A4A7225858166AC3A486220852
:1093F0004812CBC3B8A532184ABA0FC3BCE53A58D5
:10940000782A4AC2BCE53A9E7826AADD10E53332B6
:1094100078373DDC9CE71330DBBBD9DB10A666DA7E
:109420009CBF1B0334D8F3989C37180B2DAE999D25
:10943000932F4A0C25FED9DF86320519E169F91907
:109440008536C41A61F9D31F92EF0C08E12BE9D0DD
:10945000B7292A06656BDBDE87A1CA9461ABE349B5
:10946000B2E9041E2104F34DE2B687C0DEC2010258
:109470000000C0006A439CE42108C000ED43D4B65C
:10948000E70CC9BCA32218FCB3ABCA60816A48DAF6
:109490001F88CAA0A3260C481F8ECB7187261829C7
:1094A0009F38CADDA52E1C2B9B79CE5DA72EDE5AD8
:1094B000155CCDFC8252546A977DCC24A17BB05EB2
:1094C0001D50C4E8A272166B0F7CC770A5679C7E06
:1094D0008517C2748C36947F0B35C3798C3ED44487
:1094E00095F2C060AC279A4F8D52C03C8D27DA2C84
:1094F000357CCF80AD2F98C421D80000DDCB5CD562
:10950000210F4B9122439AA41375D93546CB9AACBF
:10951000BFE90A285CFB1C87E5641C2098E354869D
:1095200050E41F6318C312B3548D18E95BF9D69247
:1095300071E614672BC15487F5A411ED18C9F0A387
:1095400048AF02E57F49B0A7F8EA01615FC8BCC235
:10955000F92405A19AE876E3F164C239CEF119A2A3
:109560002088C0DEC201020000C0006A439CE421E2
:10957000080781A7AB888236A5C590E35648BC335F
:109580008EC528E1CE0B87BFD8C524E3E2D8B43F0F
:1095900069F5E0CCFB58BCB3B8CAF484638CBBB1AA
:1095A000D5C9D1AC33859A15D5C9D1C413CFEE9D99
:1095B000B2CBF5C5134BEB0DD4CFFDA43309DB19AA
:1095C000FCCC69A73319D9093CC52187315FD9186B
:1095D00088C634A739DDDB984FC634A62315EC3C8A
:1095E000E8C59CCD5B9EFF3D0B006125A31E9D1B26
:1095F000CC07E92EE91C86D1C6036525B119B36BEA
:1096000064001569F914B2A3271F919EF1168569AC
:109610008206A472F370F739070AA470DB52F55082
:10962000C5182456E950F554E70A20935130966C3A
:109630008508A5B5415D96F4EC0EE0D07B5D93FD09
:10964000A50AE0B25B5D82A1050AEF29CB30E6E511
:10965000C700E57F49F2B53DEF1BE169F910B6A1FE
:10966000CC04A09FF91496AD6AC0DEC201020000CE
:10967000C0006A439CE42108C000E4EB52D5BB491A
:10968000CA90E23A1AE4138BCA6C8372C8FE9EAB8E
:10969000C969817A58CBB38ED849A67EC8DF9BAE04
:1096A000D9DD8627D86A0979D8D582278ED91D4871
:1096B000D8518367849F9D58D855837F987F99544C
:1096C000D855A32FDEE7899BC9D58327D0C39DF446
:1096D000CB51822790461914CBFD826688CD1A990A
:1096E000CFA4832A9EDA32C9CD34812316FEA7EA9D
:1096F000CDBC8331F4CCF16ECCBD821094BB7CA97F
:10970000CCA5A63099E835CECC658C1199F8194CCA
:10971000C4EDAD11D9B831ABC5E58E1148B869AD0E
:10972000C6A08A3105B83498C424AA715FBE1D8EC4
:109730004621D9691DA7BC5D062D9F6B5FB2959A26
:109740000E909B4358A4359DC004ABFB84F579D89B
:109750000000D75B5AF4E98F8300D2731AE4E9ABB7
:109760004600DC4BDCC5A12ACC04A27ADB842BEEBC
:10977000CF8086CB9CA5A56A16E16DE31AE67EE74D
:1097800002E14DFB5AE4D70514E09BF95D856D2598
:109790003EE5BD5B1F9561440C6558CB1F9761CAC0
:1097A0000A619FD9D785AF05096D0DE31297612234
:1097B00000E90EA172D5A50501652EE132F4A9CD0F
:1097C00014EDBBEB36CC218D076198B8B0EC64ED9D
:1097D00019ED8EBB0994698E40358EC38EBE698AA1
:1097E000C0DEC201020000C0006A439CE42108817F
:1097F000016CF990C6F9DACB9CA33BD48D171BCB37
:10980000AD8339D0E99FABC9EDA61152B815CDC8CB
:10981000F1C51155EC9F02C8D1453B0BEF87C5C977
:10982000D1C4234F9F8F4CC8694C6BDCEC126EC5C2
:10983000ADAE7A18FCBB180619AE729EEF334E8D92
:1098400080884B56D433CEC380BF729AF4A54B08A0
:10985000056AC3DEE53B2D467D4AC35EEC3B4B0DFE
:10986000A0B8E3C3837307C2B4EFF2C686BAC7DDFC
:109870008C4ED116E4ABE4C0DEC201020000C00091
:109880006A439CE4210881016CF990C6F9DACB9C0B
:10989000A33BD48D171BCBAD8339D0E99FABC9ED6A
:1098A000A61152B815CDC8F1C51155EC9F02C8D10B
:1098B000453B0BEF87C5C9D1C4234F9F8F4CC86967
:1098C0004C6BDCEC126EC5ADAE7A18FCBB180719F8
:1098D000AE729EED374EC580A66A9E8EABA488A957
:1098E000AAFB58ACB3CB8661CDF38BA6E10606206C
:1098F000B8E3D9E3EDCC06E179C95FB6F0AD0BED85
:1099000058D15DB6F88C056594499182EDED1C61E6
:1099100009C93082E1260E64D24136E27CA711A447
:109920009AF91092748C18A4BFD917827967001025
:10993000A8738DBCE364C0DEC201020000C0006AEF
:10994000439CE42108DB81A4C39A5EA97ECE3CA39C
:109950006398DD709ECF24832288E2C15DCE6D8244
:109960006A0CC255B6CE7DA63EC87CB9E4CE7485DD
:109970003F884F973F8FF8A777CDA1F362016D8D98
:10998000BAC99675E2057DDD53948278870E7F799A
:109990007BD996FD8705696DFBD987558359DD8293
:1099A0004E8EDF1E2CC859E36F98DD0FEACADDE347
:1099B0006756470BC9CF55836530369BAAC4FCA2B6
:1099C0002F3C361B68C560E23E6E261AAAC7E4E249
:1099D0002EB872153AC7E0E226BA7333ABD324C669
:1099E0002E6871335BD0ACC62E3843A7ADD82CE2BD
:1099F0003EF0A79265C62CA23796E21E0DCEE4E596
:109A0000938A9497AD06ECF8909CB63B87406D2FF7
:109A1000E1949232870169DAF308B717EE0F6D6EA1
:109A2000E31AF7338E012329C9D8E5AFEA0CA094D5
:109A3000C148ECB2C7293D4ED34AFF3685409D8DC3
:109A4000524ECB13E8C0DEC201020000C0006A43E0
:109A50009CE421088101694BDEE5AD2B0400D7535E
:109A60005A962D0E4DE307D3486EBF3B01D51EC954
:109A700056C260990E5FDB41DCF2A59F87D5EEE30D
:109A80000E9729FEC8C9E5C3D8C7699ACA490543D4
:109A900004E4A5A6CA4D2F4104EE1902CE4D6F4134
:109AA0000CAE1DE5CE55AD7384EEB8DBCA79A2626B
:109AB0004AD915B2CA69822A5ED91D09CD7D825E56
:109AC0001B84B958846886D61296A9EE066CE78383
:109AD000F4F12C99CDA0C7A39596B188CD2CA23ACC
:109AE0005EC9331BCD2081225A4AB174CD608322D6
:109AF000DE4B97A8CF51A73EDA3A330ECCDDA62F26
:109B0000587D1169C455872FDE6D9569CF64A56EA8
:109B1000DC4529DD401C844A1CC5B97AC36D6DC380
:109B200098FE3558C0F925EAC48529FE8269058B5F
:109B300047863B69436F059B0B90F50E86E12CEB46
:109B400087E0A685C039AF4207878A0EC01C8E7297
:109B500048499B88C0DEC201020000C0006A439CE5
:109B6000E42108B881CA435CE7292EC2B8A36B8EF2
:109B70009DBB88CBEC8143CE8E0E0CCB6C814358C1
:109B8000BB8B78CAE983C348BFBB6ECF51E74B4C50
:109B9000AB1FA6CCD5A443C4BE17C2C4D58DD30475
:109BA000AE1F86C7688C3A4ADAB7EAC720A72AC828
:109BB000C82B88D2A8A71298D832FED2B8E512983E
:109BC000D8339ED238E73248483E08C728E7325A91
:109BD000D81F3BC728E52E58CCA76C817D8BD39A24
:109BE000863D8902750481079520D8C169068B429C
:109BF000B72BCF3529ED7E86DCA34FC0DEC2010234
:109C00000000C0006A439CE421088101ABD3544E9C
:109C1000B9AFF200C36390BCBA85CA00C12294AA4E
:109C2000B91AC408C35A5AED2F0ACEF484BB18AC33
:109C3000371BD8D9CC224EDC9759D8C9CF53D87FFF
:109C40001116D8DDED53887A9193D8DDAC7288690E
:109C500031B0D868827AD85BB9D6C8E48262DA6A51
:109C600020BACBE083229CDE2854CE24A23B96D897
:109C7000949CCFA083639458BF68CDACA32ADEBD6B
:109C8000375BCC38E22B96FEB33FCDBCA32B52C939
:109C90002509CF2C832B104A638DCF6D863B8ABB61
:109CA000BE05CCF1A672CCAF1E0DC4518776CED4C2
:109CB000962AC4D0856798F21E0AC7F0856E9AC5A9
:109CC0008A09C7E0A77698CC0BF4C6806D521CD4E5
:109CD000B7F980005943D4CD3F2D0000D66A9ED5F8
:109CE000214B80015E6B5CC5E30E466765D318CFE0
:109CF00035D905BDAB42C8FDBDA88695CACA88A79F
:109D00002D953C148ACACEB72CB40419994B98E40B
:109D100039FB44156BD31EF43D5B051C9F435AF47D
:109D2000B7794394F4C918ACBB4F99AB07CB5ACF62
:109D30003D3BC0DEC201020000C0006A439CE4213A
:109D400008830309435AAC2D6A0B099FD9DAE4B39F
:109D5000ADC37D4F4B8EDEBDBDC36C995358DDA5A1
:109D60004B8DFDDF6B8C863F070451DC23CCDA334F
:109D700026F5F33A3B4ECA1AA5DA49CEC14EDFBBEF
:109D8000C4D8CD6A414CCB12A6C8CD6FC9C4DB1371
:109D900085CB5D6CC18AC81E84CAD165514CBEA9F1
:109DA000F8CFD144630CB9310ACCD1C4234E8AB95F
:109DB0006EC451C463C68A0A82C451C46386A89F14
:109DC00007C471AD6B869F9744CFE8EF52CCDA9B06
:109DD000AFDE60EFFBCCDB910EC93CB94B4C783960
:109DE000FBC0DEC201020000C0006A439CE42108FF
:109DF0003B01F9FB14BA10AD056DFED912B774869C
:109E000004F93A4936C7654512776DF1B2E73D0A64
:109E10000B7DB67948BFA104043876411EBD2C8A5B
:109E2000C01878F91985FDC4CCE1CB58CAE8628422
:109E3000C7F904599CFDBB48DBFD85630A9ABFCE78
:109E4000D8DD44234F84338DC84D4472868716ACC9
:109E5000C9CD4C52868793EFC94D4C7A84ED173D9E
:109E6000CBD9243A86BA9554CE7DE53B4A88109DDD
:109E7000CFEDA77B09BF9359C025ED7BDEFEA3493B
:109E8000C9888C7ADEEE390B17394EF31EE6913A0B
:109E90009CEDB5F31ED7332E0375324BDE73B244FF
:109EA00000F15143DA62920501711DF11C67928D38
:109EB0000A714E831622B28A19F96DEB9272BFCAEB
:109EC0004265E952DAE232EDC0DEC201020000C0B2
:109ED000006A439CE4210836830FA15084ACC50D71
:109EE000EDDAF352B3E5E400FB3B5BD4B76CA605B7
:109EF0007DDFD15C8721A700F90DF1148468A342AE
:109F00007186D34BE5AFC2D9D5C663C5DD956CD993
:109F1000FDC7315A8835A4FA79C7319A882D42FE97
:109F2000E9C7319AA87DE3FD79E411DA982562C882
:109F3000E9E531088861E7CB6C8F33C8B82FC714C7
:109F4000F8ABCBDFA7E5C204ED88CB9DB6ECE60706
:109F50006F0CE31DB26487017B0EB912A6EDE20A15
:109F6000F90FE11BA1794259D5A462CCD81EE8C8EB
:109F7000596463868E8D0BC9D9CE49468B99EDC93C
:109F80005DCF4944E830CBC95DEDC94CC8B89ACB28
:109F9000D5AF7B983EE158CF558C7A185D1F34CCF5
:109FA00070856AD2C40638C7E0A62A32D78A59D14A
:109FB00010C63A324D171A4675ADF316FC93484455
:109FC00074832FB22F8FEBCDD58127302C0EACCDE3
:109FD000D5816530341B6ACCD5816736259B2BCC67
:109FE00070832D34269D19C5FC812FBAC2976AC58E
:109FF0006CA32E6E561129C6E0E2366AF39109D998
:10A0000064E22EBEE33148C824E23A2AF2BD2AD8DF
:10A010002CE23A3E863346ED28E23AEEA61BEED419
:10A0200038E232A6F61B4ED7B4C23228B2B5BBD442
:10A03000B0C216BAF293CFD914C2D353B61D1AC602
:10A040008046D2948731B9C0DEC201020000C00050
:10A050006A439CE4210809012D535A95124DDC8076
:10A06000C66ADCEE16EED2ACE74E5CA7A96E40598C
:10A07000A6578CA493ECDE49E5169E5D9D1FDFC9B3
:10A0800047369AC4191EDA5584221C6E9930A1787D
:10A090008CC60B863ACF47ED99DB52B2652C1B6D0F
:10A0A00009FB16EC39270DEB2AF914B42D2602A171
:10A0B0004AA35984EC8C0069BBDB5CF42707046D70
:10A0C00085AADAE7E281DC49E3578AF51B69DF59A3
:10A0D000A2670CF59BAFDE7583265EFC1AAEDBF93A
:10A0E000A162DCDF99D0DB55A6725A7B9F7BD9D960
:10A0F000A466187B8B7AD8C9E566887F1FD8C849C3
:10A10000A56E98C59E8BC85DA66E9CC61A2BC9F11C
:10A11000822796C39649CAF8873F54473AE586F4A2
:10A12000A4821AC3BEE50F75D4A9D4763FED0B7196
:10A130005AA914C16D4F03716993DE43AF2B04F12B
:10A1400057E91C716F445850877F8892BAE6C9510D
:10A15000867ECAEC16A4CB78825248DB8E6FCB7118
:10A16000824A449F1338CAD5A45284C82969CE5D57
:10A17000ADCB06D83DF8CEDDAFC306C82498CE5D82
:10A18000AFC30C4839AACE59ADCBC4C815E8CE49E7
:10A19000AD42CECF1308CED58776DAC5973ECEF442
:10A1A000862ED6E39D16CDE0832E70C60950CA6177
:10A1B00084439CB5BB490179EFD39AECBB87006916
:10A1C000EFDE03863E4365F1865E5ECE968FCE550A
:10A1D00086669CDD8F7BCE55A22F96D5195DCEF578
:10A1E0008236F4469195CF7D8336FA421D5CC46475
:10A1F000833266539F19C4E0A23AE4C3B19DC4A45C
:10A20000E62AA4F11494C7A4E63A2AF13CFDC7ACAF
:10A21000E7322AE0A05CD034C513E6E395BCD090C9
:10A22000C51ABAB69D3FCC90E6CA94ED955EC0DEE5
:10A23000C201020000C0006A439CE4210805816459
:10A2400093D8F4AD6A197D66BAD892B74A4851835B
:10A250007FDAD513DDDBD9E1775A440F0ADBDDE184
:10A260006F5CC59D6EDBD1A13F3056B188DB75A117
:10A2700017B861113BDB55E13FBC5391BADB5DE29E
:10A280003634F2918AD9D1A51E30C419A9D8D5A5E2
:10A2900022167D19DBD855A77E5A5E196BD85587D3
:10A2A000561A7E949EC871865A587A1169D86D8163
:10A2B0007A0CEF1EA9D86581620CFB8ED9D8ED818E
:10A2C0007A46EA1389C9E981CB449F9202CBFD8388
:10A2D000F1D89E9E63CADD47510E988B6FCBD94F44
:10A2E00071449815CCCB5D4F7144B835E5CBDD6D2D
:10A2F0007904B835C7CBDDEE514EF83DEFCBDDEA42
:10A30000790EA9998ACBD5CE7104AA9DCDCAD1CF99
:10A310007B44F75C9ECAF5CC2286F1C1B6CE51656E
:10A320006BC4A348F2CEDD4D5108AC24B8CFD5EEB6
:10A3300049CEA90905CFD5ADC94CD83D47CFD1AC41
:10A34000D906D83D25CFD5ACCB02F83198CF55AD45
:10A350004344C8318ACFD9ADD3C2FA996CCFD9ACB6
:10A36000DAC6CF1D38CFDDA74E48C41B1BCED5A6FD
:10A37000679CF31B36CED18627DEF29B56CDE4A335
:10A38000774AE61F1C8DE4A47ED2E5132D03F1C4A9
:10A39000FA4AB4B7A58CE962AA44B68E0F07F198C1
:10A3A000EB4EB52D094EF0827F48A79E6DCEF1820F
:10A3B0003F90C78A0DCD71822EB2460AC9CC7182F8
:10A3C0003FBC620AE9C4FC823FBA239BFAC4F8A2EC
:10A3D0003EB8731BDEC724E232E243153FC7A0E25A
:10A3E0002A6652957AC6A0C62E64323D0BC6ACE2F0
:10A3F0002E2E42AF6CC6ACC2222C43BFCEC638C292
:10A400002A2CC1355FC7B8C63FB8C21FACC63CC610
:10A41000E67267B128C0DEC201020000C0006A43D4
:10A420009CE42108360F685B5AB7372D0C5149C39D
:10A4300094F6652D04D16F8BCE9374EB02F30CBBB5
:10A440000583F94BB3776CD10AB5B6AAC06984C34A
:10A450001EED37D8DE75C73B4C8EB7CDDAF96213E7
:10A460000BD4BF27DBED621B09BE13C7D8E1C611B1
:10A47000099B1E86C9A5A5399A8B33EDC009A43165
:10A48000DF8A3F7BC001EC6356EC6D18C00B2D7862
:10A49000884876CC87231829B2F23FFFC7B88EFAD6
:10A4A0001EC2A33B400829A2DED66F4AC000CE439D
:10A4B000D4E4AB680083485BDE45111E1B69C9D933
:10A4C000D2F2B31D466525F0C8FB3FEEDFFC86FBEC
:10A4D000CEAF291ACA79A3528CA6E590CA65A222EA
:10A4E000CCA171B7CEE1863A04E2E944CF69863E59
:10A4F00044CFA529CC69823E4CBC3A0FC4A0832E20
:10A500000EBDB208C514E2329EAAB60EC300C23A0E
:10A510009D952E8DC000CD4B96F42D7BC00074C34D
:10A520001CD5E16F0D3CB7C14EAF1138496DCCD38E
:10A5300048EF351BC060D4C8C8DEBF1FC1A1CDE144
:10A5400084CB3F59C2AC8AE146CBBB78C0105BD903
:10A5500006FFA91FD880AA4B84EDB6B8C0DEC201A1
:10A56000020000C0006A439CE4210800111BE15A6C
:10A5700092134C1549D9DB14E5B38201D10CD28C6E
:10A58000B577220171D87ACAE4B2EDDE5D8543D891
:10A590004B9174D95DA4D90EC9B5CBD9D9ECF88C3F
:10A5A000D811E5D8D9C4D1CCD83DCCC84945C3C60B
:10A5B000C81D6DC8DD67624C4B912AC9FDA65B8E34
:10A5C000FD338BD87983C3CEEF9F99C96983528CB1
:10A5D000BF1F7ACE64836AC995A9BCCFECE7525BF2
:10A5E0009D3CFB0BF084CA508261AF04F1C4DAD207
:10A5F00096EC8D0779DADB1695A1A703FB0D919CEC
:10A6000094AD8B026587FA589F24A8CCF5876A8D94
:10A61000459D38C5F9A663C9FA94EDC6F5ED3B4DE5
:10A62000A90702C2716C3B0E981706C2EDEF390AFA
:10A630009835E7C66C8F7B0A8911AC8DE9885BC9B8
:10A64000B41CBA41EDABCA84DEB999099DEBC3D8FD
:10A65000DCE56A87016FC3DCE4BF2B416D02D248A1
:10A66000BD31180D64BEE15297396C1D6D68F9500B
:10A67000949D05077D6BD309A2F143077549E1CF8E
:10A68000A26F6208FF0DF90B8C21661DA5AEC28F6B
:10A69000A2ABE3DD34CB4B888DAF2FC0DEC201020D
:10A6A0000000C0006A439CE4210880070BD9187A97
:10A6B0003D7DC4F14FEB42CFBFFF885124E34CDD19
:10A6C0003FA88D770BFB0A6F9AD9C3F724D318CF15
:10A6D0001E98E5D484D3C85E122ADEC9EF534CDB42
:10A6E0008928DEC94F730CE90D25DA594D7B06A880
:10A6F00019E4DA71C72BCEB839ECDBD14663C6B8A2
:10A70000258ED959657304A83DCCD949675BC4F837
:10A71000154AD851E25208CA1F59C039856A18EC47
:10A72000AF08C981875218A7E38F002504F91EC519
:10A73000A4F0C2FD27A358CC93DD8C7D2CCAC4CCD9
:10A740002B1D0A708E424AF7B35ACDF48D2A587EDB
:10A7500032AAC5F08E3E04A49372FA718E3A06A412
:10A76000AF3DFD7C8F3A06952F3CD0E8AF3204EF29
:10A770002779C664AD324CBDBAAAC2608432449D0A
:10A7800012E9C224A43244AE9A1DD4A8A73A8C9AE6
:10A790001E58D43CA713889A3E48CAB0E713DAE99A
:10A7A000AFBBD810E71B9ED83269C63CE7360EEE29
:10A7B0003F8BC2B4E63E8ECE1B1FC21046DE58B49D
:10A7C000BCA8095164BB5E97B9CE0DFDEEAB898084
:10A7D000F1EE4269C7FA0591FDE4C32145F24193C8
:10A7E00096EA8629EFCA40ED0EEBC004AE76464BE2
:10A7F0009B8DC0DEC201020000C0006A439CE421C0
:10A8000008800125E394F127A6242188F3DCDCBD30
:10A810000F00794D8B4F92F1C10375048309837D3D
:10A82000651B516DFBC7852BA306F189CB87850A74
:10A8300003D9D88D2204EA9B84C8C9C42A06BE8ADB
:10A84000C6C849C43A069E8AC2C9D9C522CD8D0E52
:10A8500027CB51A76A858E9A26CE71852A8DAF1691
:10A8600042CFF9872B8DAE9E07CD208263CCE86264
:10A8700025CDACA22384F863ABC428E37AC38FB19F
:10A8800090CC38E32A4EB9B37FC438E16A4AAEA50A
:10A8900035C5B8C3724EAF2288C538C3524EFEE3E9
:10A8A000FBC52CC25A489F376EC5ECC7EB889D1379
:10A8B0006FC2B46AE95858270FC00848591EFEA352
:10A8C0002FC38025EB9EEC2718C00005BBD4D4E530
:10A8D0002CC00005A3D4FDAB45C0DEC201020000C0
:10A8E000C0006A439CE4210880012BC31CC7670594
:10A8F0000E61BF59DADF3B8841712D4B98CDA7D847
:10A90000CED16FE10EDFB3F9C1756EF1064B237B3B
:10A91000C2508AC30ACE3638D9D18CC1CEF811754F
:10A92000D9DDACC88AA83999D87D87D9C8E9A59F4F
:10A93000CB6486628AFB2DF2CEB8E73248C83B7CF6
:10A94000C738A57BDCDE327AC72DA67A9EB4BFA8B5
:10A95000C7F5E9C28E87AAA407716E42C5A3BA8261
:10A960004E5DAF22D8490A88C449EE624CDA1BE931
:10A97000C759CA2244CE1309C270895A8E6F393919
:10A98000C67C8E42C84D9FD4DDBCA5D3DCCA3F69CE
:10A99000C318ACCB5AAC2D5AFA34A52BD24B17287E
:10A9A000FA688DC358BF3EEFB978C99304FF3FEBF7
:10A9B000C0302F8348B4AB6C1F756FDB54E4BF46C7
:10A9C0000B7D49D3DAB4FD860D770FB90A9571C3B3
:10A9D0000BFD2DFB8D81550301694BD3879166815A
:10A9E0000C61E85242979607C0DEC201020000C027
:10A9F000006A439CE42108C900EC764ADF374ACF5D
:10AA0000A4817A9C591DB4CE64815B9EC80D5CCA3A
:10AA10002083229EFB159DCAE88222DC9C9D39CEB4
:10AA20006C866288F82367CFE486510AB83FC9CFA5
:10AA3000E0866B049866A6CEA1822108A857A6CE10
:10AA4000A1863908A84FA3CE6187390A887BA2CF97
:10AA5000E487611B88178CCDE8A55B9EAA16CC8184
:10AA6000E48BF358B4B6444061DBD90895AF858ACE
:10AA700064BED15AAC92AEC0A14FCB98E5360C0C57
:10AA800025CBD11AA4922C0425C9CBCAECB28D8651
:10AA90002CB9DB8CECB26CC310DBDB18B53E8EC07E
:10AAA000DEC201020000C0006A439CE421081800D5
:10AAB000AB5A1E9751E203BCEAB35D96BF2402A1D4
:10AAC0009BE91DB227630664BDDB5D9531041D6DF6
:10AAD00096D9D6B7374C1B6C9DF11786916A17E84B
:10AAE00094FB12E7B1691A6894F15697B5F9296990
:10AAF000FAF11B85BDF9D9D1E45B8CD81999C8D579
:10AB0000455B84483C8ECB5565CB087AACAFCA71A7
:10AB1000C5DB4E6FA16DCDF1A5F3CE5DAB0AC76D60
:10AB20008C728C5D632AC6AC842A8EFC63CBC2B067
:10AB3000A4335AEFBACBF194A43BDCDEE17DC1B97A
:10AB4000AFDB58FCE1E8C619E66218AC2D1EC00068
:10AB5000CB725C86295B011D9BC39ACDADCA026195
:10AB60000ECBD8DC25E91525F9E9DADD91DB8C2D52
:10AB7000A8B998E4315E0239BDD958A5B15B8DB54D
:10AB80009CC118FF31BB30B09AE9D8DDB9E88E110D
:10AB9000EFE10EAF309CC0DEC201020000C0006ACF
:10ABA000439CE421080581C67A10E691C88D718620
:10ABB0006634F3953ACED5A32FF472913BCED5A34C
:10ABC0003D326213CBCED1A33D362297C8CEF1835E
:10ABD0003F3C229F8BCDF8812FF862999BC4A0A3A4
:10ABE0003E26739B2AD938A32F7A663D5B4CB4E688
:10ABF0008A16F3915F0A30E88358E713DB3025C9E2
:10AC0000B347853F6A08A14AAB45973B7804E10BFF
:10AC1000B9C58C2F640CE12DEBC38436262FE59E3D
:10AC2000B89B9655E60665D9FB16B675C21B215A28
:10AC3000E0549754E60E20DF909B924CE540946BD5
:10AC4000938DE6FD840694C8DA9EB6B9681BE96662
:10AC5000C607B5652541A1EEFB8386BE46C3B9276D
:10AC6000BB46AC9A06C690BBF3C2DE1A65C0DEC214
:10AC700001020000C0006A439CE42108C4818733BC
:10AC80001E9EA95EDBE1A229D4FB3DBFDA79E73B3A
:10AC900008E835B5DAD5477B46F9374ED9596422ED
:10ACA00084DE1708C8C9CD728E4A1959CBDD4D6AAA
:10ACB000887D3DB4CEF1CD7A9A7CB5F0C568B852A6
:10ACC000985DB0B09265986A48DC095045A4FFC30E
:10ACD000CF93E3084C20BCDBCF86790406A49BD33A
:10ACE0009986F5CF05A09BFB5C82F1AF0F24BDD107
:10ACF0001D96A12D0361BEC11297F9EE03E494C91C
:10AD00005D87F946066D58F90DD375C504E8F5431E
:10AD10004FE6F5C306E0D17349B6F56300082FB3DB
:10AD2000D4B4BBA746F565E11C84BF26587D04E377
:10AD300045B7D1C38020B85A46951204C0DEC2017F
:10AD4000020000C0006A439CE42108E701A6325AD1
:10AD5000A8A48DCEA182124848408FCBED82360444
:10AD6000C84CE7CBE9823E42F854A7CB79A3260230
:10AD7000D8548DC8C9446A86F83194C9C54B734C00
:10AD8000EB14A8CB45686BCCD91CE9CBD5886ACC31
:10AD9000EE9CB23C74A8D358FC0BDC4264A4CA9469
:10ADA000E6B7BAC765AC5296BCFDA70C7D865F8A34
:10ADB000B63E20CAD5E367D8F516AFCE55A667CA0A
:10ADC000DD8ACFCCA0A75FC4AC16A7D994A55688BE
:10ADD000ED212F0FF52BFB5EF5BB4F0B7DEAB25833
:10ADE000D612EC017D678394570BA84778E2FE9852
:10ADF000A3371AC7F88327D2420B5AC7E8832F1C00
:10AE0000D38AE8C578A22D5AC21EE8C56CA3275A7A
:10AE1000C51EF8C724E23E984E061EC724E23EDE59
:10AE20005F9219C720E26744A521BE817DAFF298E9
:10AE3000A7BDEC857DEE9B44B725FAC5E925E280E8
:10AE4000A5139AC1A16C5A06E5973FC535AE6604B5
:10AE5000CF3F7BC0DEC201020000C0006A439CE419
:10AE60002108EE01EC539AB4E76ACD38A33258D8E2
:10AE70007F6ACAE98362C48820EAC979836A8588BF
:10AE80002587C8DDA65B19ED1165C859642B4FAE47
:10AE9000092ED85D4C79CFEE994AC851E451CAE8E1
:10AEA00064A9C87D85494EE8784BD861825948A984
:10AEB000A99BD82082730EBB2C9AD8A0826B0F8AD4
:10AEC000A894D9ED8373598D2CDDC86D81535994A5
:10AED00024DACA248363DEB89DBECDA88123D0BE08
:10AEE000995DCC6482FA0A5F35F0CCFC872F9EF224
:10AEF0000BB7C468A726D4D79B55CDA8E667DAD48C
:10AF0000B13C832525E914B7A96B0E7945B3D6E684
:10AF1000610F09FD24839EC61ECE117964835455AA
:10AF20001FA94068A35FDCD61F1DC768A23EFC5264
:10AF30008F88C768832F1C468ECBC568A22D58C644
:10AF40009AD8C56CA3271A748A38C720A33F984F94
:10AF5000861EC724E236DC2A1608C760E22F0CF4EE
:10AF600025DAC664E7AADAE531448771CDBB84B53A
:10AF700024BF42696593C0E4B3B98A616CC242FCE4
:10AF80001E98C0318E6A0ECD25FFC0DEC2010200C0
:10AF900000C0006A439CE421082000BBCB92ED6C0A
:10AFA0008718B8B9F31182E9660F6499DB96952585
:10AFB000C618E92BC3D386256202ED59F110B7A953
:10AFC000060DF98D8172E6AD670F29A28BD2E535AA
:10AFD0002DC6186F9B56B5294FC9004ECA5AEDB9F8
:10AFE0002BDFF1A34E4CEC3529DC55C1279AF589AE
:10AFF0003DD4D54136B6521590D3D5A22E7CC1B8DA
:10B0000092D1D1837E72E028F0D1F1815E3CC1B84B
:10B0100096D374817674F31CB1D6F4832228D29926
:10B02000F7DD78821228E29C96D8E8831EEED19054
:10B0300099CEE081322AA31D0ACCE0A31262420B12
:10B0400049C560E236EEC30BD8C7A0E23A244317E5
:10B05000EAC720E22A26739FAAC6ACC63E28C2953C
:10B060003AC628C226FA521FC9C49CC37ED2E796AC
:10B07000CCCC8442CE1EEC2B6B0CFD4FD3DA867BFE
:10B080000500FD64F20983672608F5CF93899116C0
:10B09000831879EAC643928A23C0DEC20102000007
:10B0A000C0006A439CE4210880014CA11CF7216583
:10B0B000C071A95B4E481958CAD9EAC10878157EF3
:10B0C000CB59EB410EC815DFC95DCF494EF8109C36
:10B0D000C975EC6308A8309DCA6D842344983DFD72
:10B0E000CE20862BDCF9617BCF94E62AD64BBAF8CA
:10B0F0000CE1E8D39886AF6500F92CD3D99723C328
:10B100001CFD2DFACEB626C346F947DECCB6BA43AF
:10B11000C9F1832696CC0AA8CE7981675AD40A98B9
:10B12000C594E332364D96EA86E5B9D314E7B94AB9
:10B130004CFDCC8B5CB2A72F09F92C9B9EC69EAA16
:10B140000168E7AE5ED39534C5F8832FD2C29B7EEB
:10B15000C77883275CC60AA9C778A2251A469AFB36
:10B16000C56CA3271A558AD8C720A32F88CF061FDE
:10B17000C724E23E9A5E96D9C720E22F4EDCA57A1C
:10B18000C6B8C26FC8A43149C15144A28EA52CBB18
:10B190004679678B46A5BBCECE616CDAC2DD9EB820
:10B1A000CCBD4D6642E43F39C0DEC201020000C0A2
:10B1B000006A439CE421088101E8E15CCF396E0913
:10B1C000019AFB18953A87073D49F115967D630D65
:10B1D000A198CB89E77D8603E19EF35B96E50205A6
:10B1E000E5FBF1F0A5ED861A6DAEFBF0FCAD8D0B25
:10B1F000F9A7931087AF620AE967C2DB92FF275075
:10B200005184524EFE960ED8D9CC528E5FBCFCC8EB
:10B21000DDABCB0A5D31C9C1F4ABFB183E1D3088F4
:10B22000EC9B5298A7A7CA82788FF3949765621215
:10B23000F9EFDA4F856D2385ED6F43C9961205CC82
:10B24000D18C5A84F91BFEC4F1855AC29E977EC4E4
:10B25000F1877283AFBF8AC5DDAE63458809F5C546
:10B2600059EA7B4199899DC549E973439E19BFC538
:10B27000C9A95B86AA19DCC4D9AE524EDD153EC4FD
:10B280005184661CC49FBAC4688267DAC79BB7C47E
:10B290003CA276DEF711D5C000E55E14F62B38002F
:10B2A0007B2FD31AA527CC85ED6FEB52A4F8A4060B
:10B2B0006D3BD9F0A578C41AE74EF090B7F88D0130
:10B2C000E5FBDB36D6FDA5017F054376B6748D2000
:10B2D0006559DB34D764840DE1FC4B344F20CD0934
:10B2E000ED95D930E4A0CD0961B8D3DC9C60EC1DAC
:10B2F000B8A9FBDF876D4CC0DEC201020000C000B0
:10B300006A439CE4210880016EEB5AD4AB251E6988
:10B31000935988B5A49A0449DACB1AB2311D2DC9C4
:10B32000CDE394F2BD1801F58FFB88CC9EFAC85985
:10B330008C438ECD2BD8C8C944C304EE8BCAC951E7
:10B34000657B0CAA9EA6CBF986D1DAFA0FC9CFE0AD
:10B35000834348BF8D17CD30A22A94EE9F57C0007B
:10B36000C7525EE4617983198EC3DAB4A909C5FDB9
:10B37000A55ADAA5B224DB64EC7B8848320FC67884
:10B38000AF6A88481E2DC7E0CF6AC8783FA8C56459
:10B39000C4DA4EE90E060069EBCB8ABF2B8285ED3D
:10B3A000ABC2CDD37962066CD25370B760A50F687B
:10B3B0009FF330A7A0850064B54BF2F7E9AC01E537
:10B3C000DE491387216719649FD950956CEC20647E
:10B3D000D4D912867CEF03E188B0F2ECE08404E17A
:10B3E000E9D31592F0A503608E42CBE6EC8BBCB995
:10B3F0008E724D9C256FC0DEC201020000C0006A43
:10B40000439CE421080D04ADDB9587AD6CE37082AD
:10B4100027D4D7368DCB5DA36FDEE39309CBD583DD
:10B420006FD242B768CE68836FB2413779CD38802A
:10B4300046C8FD1689DEFD84B94A5AE17BC8D1822F
:10B44000C28C9539D6D875A27288F66D92D871C320
:10B450005ACEC27D65C855C36E84F7B706C955E399
:10B460002F0AA2BD24CAD5E337F0C33B4DCA71836E
:10B4700037BA36138DCA75812EB836972BCA7581A7
:10B480002EA822112ACA7980262C6295C9CE6883FB
:10B490003A262293CBCDEC813624529A65CC60A318
:10B4A0001664631E2DC4A4A13E2E439AA9C72CA3E3
:10B4B000323CD50A29C620A23D4ACE9605C3E0A259
:10B4C0007703B2FF2542ECCC8A8FB65DA709E9C9A4
:10B4D000AB1B93D88209ED95D19586E5C606612F01
:10B4E000DAD4A651A60EE1FB72D0F5F8A60024FD31
:10B4F0005B99B65CA7059C795E03A6E745C0DEC2F2
:10B5000001020000C0006A439CE42108C000D87218
:10B51000DED5AFF8C294A16ADADDA7F8CDAC817BA5
:10B520009CFDA137CC60A34ADEBC2538CC78A5BBF6
:10B53000D8DA976BCE7087CADEA5BD18C9F1E72BA4
:10B540001BEC172DD9D5473B099B1BC1DB55662347
:10B55000188A1FA1DADD027B0CE99EC3DAD5234BE2
:10B56000C4CCE3DFDAF1E63E8E74AA97D9ECA73EAD
:10B5700012D73648986CAC82C4EC230B0A6DEA8370
:10B580000A9C3B0C02E974F14F972B6601FF3AF1DC
:10B59000D49279E106693CC332C7BB022E688B891D
:10B5A00050F6B10D0C107BB312E7ACEB0081BB631E
:10B5B000D4DDB96943F9AEDB08C9B709C178B52351
:10B5C000CEE4A5B7C56989C9584A339DD4D1C57B96
:10B5D0004ED25D76DFDD44594EFCF4AADBD94C71C6
:10B5E0000D8F15C5D9D1C4714CA83147D8F5A3D159
:10B5F00058849E42C8EC836B999496ECC838A76334
:10B600009CED324DC695842A9EA4E684C1EC8ED36F
:10B6100084EF2B38C0304AFBD8EC3D188000D9DBD2
:10B62000DCCC33ED42254FF3DAB52E8C29E1CD99F0
:10B6300010F5AF462064F3C970E7AD6C0468B053F1
:10B64000F2F2A1C70AE939D9169529E40D7F18C885
:10B650009A84BDB84668AF909AFD2909CAFD826BED
:10B66000C9D6AFCFCAD1E2628D43AD0CCA75E63AF6
:10B6700085EF1BE4CE79A63BD9FF0FE7CF2CA35B68
:10B6800015C2B56FC59CE32B918CB367CAE486766F
:10B69000CECF13B8C951A36FC8F71EA8C951A23F96
:10B6A00054C21A6ACAE9E21FB0421AD9C061C50A77
:10B6B000F42C0F9EC5FB0762584F93D8C45125CB7D
:10B6C000CC4A1FEDC2D9ECC3C4D88FC7DBD9EC5329
:10B6D00084D9994BDB7D827AC8FB0D7DD979A16E27
:10B6E0000CBE94BAD9F1A652CE58359EC8F9826ED6
:10B6F00006AE1F38CAE0865AC88F15B6C871877E55
:10B7000004FE971FD849E65E46FD1F38D84DC77620
:10B710004ACD1B1ED845C65EC84C9778D8C9E67678
:10B72000DA74333AD8CDE776CACD1FD9D859E24A70
:10B730000CAF9FCFD8D1A26A03BA288FD8DDE272AE
:10B74000478E8B2FD875A27AC79A0924CA3C836A80
:10B75000D88F3504C9E987DB8AACBBADC879E22B49
:10B760004BA98B07C87DE22B49DA89EFC879E3231F
:10B77000197C9D2DC87DA3635B6411E5C9FDA153B0
:10B780005F661D2ECE6083729BA4BB4CCE30A32A75
:10B79000DAF923EDCF98A13296C82BAECFB4A12F02
:10B7A000DE973568CE00E32654FDA70D80057E594F
:10B7B0001EE7A5494451EEF39CE73F0A09F4A3FFB5
:10B7C000DEF1E509CA748165303633EDCAF580666D
:10B7D000BC7217CFC9558366F6C3930BC9D9E3274B
:10B7E00058E616ACC9D5C33FC4829ECDC9D1432EFD
:10B7F000C7921E45CB71C63E00841A4CCB714712CE
:10B8000006ED1FCCCAFDC62A06C6FDC9CAE9E62A4E
:10B810000C434CB5CAFDE73E44466D2DCAF1A73F27
:10B820008E7F392DCAF5862E52549ABBCA64836224
:10B83000D6E6BB75CAA482228AE914B0CE60832200
:10B84000988F1C92CEA4833ADAAA99F6CD6083220F
:10B850001CDA9D1FCFF882665E39191DCAD5A22752
:10B86000044A0FF8CA55A6274A6A0B7ECF78865F2E
:10B870008ECEE36A09798EDA0B8227ED01E96EAB91
:10B880005C85334206693B4B1596A56302797C6360
:10B890005DB6A5AD01748AEB1593DDA3D9D9EC2370
:10B8A0004FBE9F69CB514C690EBA9A8CCA208E2329
:10B8B000088E1F44CC9D85435EACBF59D924BC7112
:10B8C00008EC3F5DCAE9847BCC843F1DCA71E52A40
:10B8D000C6A7E54BCFE9E62A02C35D6DCD69876255
:10B8E00002D1C9D5CFF5A76A02D3D99BCFD5A5522E
:10B8F0000E5D1FC5CFCDE77ED8F71E8ACF49E26F18
:10B90000DAF292E9CDD1822F5243B7B9CE6CE66D0F
:10B910001CF1BF4903FCA8835C551E8C06515343A0
:10B920005E46934A0D71F3F31E77B72B09712F838F
:10B930001C42B77B1D712E8156513F8D1CF56F81C6
:10B94000D6C32B2904FD85AA58A12B29C2E8A56ED0
:10B9500008CA1A9BC764ED5206FA1FF8C92CE57293
:10B9600044CBADD5CAB4E62A0AC9BF7ECAB4E62A1A
:10B970001858AB5ACAB0E62E0E48273BCD14C26603
:10B980000AD8B289D534CE428DB629E9C0DEC201CB
:10B99000020000C0006A439CE421088001AEB19619
:10B9A000F6A4A806E167F24AA2BD5A82694CC21AFF
:10B9B00093389A43F94ED29AE2A5FD18754DDADA1A
:10B9C000E7B1DF87F1F85B9CE332CADBD88CDBDEC2
:10B9D0003CB755D9D9EE4B8A6F1D2FC85DEEC34ACF
:10B9E0007E1926CB51CCC34EC625CDCA75C46AC4B8
:10B9F00041F1D3CED5EC428444BF30CCDDEC760CA3
:10BA0000C49F73CF618C7E584433898261FE53D8C2
:10BA1000473FF81964CBB34EE4A7AF181078CA5A61
:10BA2000E759C607E92CAB14E5B3E30AF705EB9831
:10BA300083CD870E7DA546C7B1AE66C475843A181E
:10BA4000581B3AC6F5AC3258699579C6F18F224E2B
:10BA5000689F0FC7F8AE629838392AC76CED52C894
:10BA600068BD49C6E0C4F2C449172FC5204ECA4478
:10BA7000DF910FC01CDB7B8C481704C0DEC20102C3
:10BA80000000C0006A439CE421081C01C9A116BF44
:10BA9000B08D0DEDFEDB10A56C87076548F136A76C
:10BAA000E5A608EDBEF9B2ED29841B694BB91587EF
:10BAB00031AD1D208B99D49624C84C946F8350E7E8
:10BAC000A8FB0081645258E4372FCF75845258493F
:10BAD00013C8CB49C56606ED1AEFCFC945264E4EB1
:10BAE0000B8BCDC5643E8E4F0B88CC49C43F88C4B8
:10BAF000175BC7D1852E96D21ABBC668A727D0433D
:10BB00001F12C92CE717D2F33151DC38C62514D2E5
:10BB1000BB8AB2A8CC8A0EE22E8E00A08EDE18E47C
:10BB2000B7EA8CE58C4E1EEC51CC03E488B3CA878F
:10BB3000C5A62C645F81DA8471A2052488915FB266
:10BB400051A716E189915C86D5E20DA0FB91DF93A8
:10BB5000C9E60321CF931F9778861BA0B980558C27
:10BB600020EF0524DBA919B7DD8440B48852C3B5A2
:10BB70003AACC598C84B8A58968BC0DEC201020009
:10BB800000C0006A439CE421080001F97A94C59141
:10BB90008F0CE8EBCA4AA7115BC0ECBBDB08FC2B9F
:10BBA000EB6F68A6DA46FE166FC855A76E04DA9BDF
:10BBB0003ACBD5E67206EA0BFBCEFD8642028EBA80
:10BBC000A40979AFA35F9CB9C505EDFAF91FB67C4E
:10BBD000A6196DDADB19B2EF2372F0845E0CAD3278
:10BBE0004ACE49672EC4DE193CCDCDCC7E44DD9FC4
:10BBF0001BC4C9ED7EC4CC9F78C56CE5CADACD1FE5
:10BC0000B8C2BCE62AD23993EBC61CC623906AB3ED
:10BC1000D5CD98E62B924B9FD5D918A2529CCFB286
:10BC2000BBC608FA635AFCB62A8B21ABF348AD3485
:10BC30009F04E8DEA914B770A50664F7D1598CE11A
:10BC4000E705ED4AAB05E1D9E51AE90AFB45A37F13
:10BC500003186558E105B13647C329ADABC285323B
:10BC6000EDC0DEC201020000C0006A439CE421086E
:10BC70008101245E18C469624CB8AEC39EFDB5183C
:10BC8000C3ACA97B58EF2B39C5FDECE10EDFAF4902
:10BC9000CEE4987B58AE1FEFC7648D53588B9FE25C
:10BCA000D8F98461D8E87898C975AC619A982598D4
:10BCB000CAD1ED690A98316ACD5DAF41049B9F49B5
:10BCC000C47185DB8ECC2F59C568A65A5655BB3931
:10BCD000C73CE22296C423E9D794E26B9EEFADD233
:10BCE000CE30ECCB14EF936A0EF96ED28F93F5E45D
:10BCF00004790C815CB1714D1D7B0581099158E976
:10BD000009E5A8CA8BB367A541E149CB85A2B684F2
:10BD1000C3A5CC4206940EC54015444246FA1EC245
:10BD2000C0DEC201020000C0006A439CE421088119
:10BD3000010542DECDA5F90A99AACB1AE4E10B85EB
:10BD4000E8E8D31EA2AB3B5278854396A22D79D862
:10BD5000DDE773CD9D1B6EC8494C53048E8F0EC911
:10BD6000D96D6B429B8D49C9FCAA5B4EEB9E4BC0C3
:10BD700068BE53498C1241336989CB19B5E5271840
:10BD8000E967E35C84FD861E6908CB14977D871202
:10BD9000653AD9D685296719E17EC11696ED470423
:10BDA000A179F116B66D4C0F219AE91C87E16D1D42
:10BDB000A09B4B89A7ED050B30FEC3499F688AC045
:10BDC000DEC201020000C0006A439CE42108800139
:10BDD0009F691CFDBFCEC615E61294CEBBDAFE34B9
:10BDE000A17AC8AF268ECFA0814B86E93EC6CEFD94
:10BDF00086734AA8356ACE55AC4104D861EDCA5D58
:10BE0000EF490EC860CECADDCD410E486CECCADDEC
:10BE1000ED4BC64820A4CA59ECDBCC4830EFCE49E4
:10BE2000A4420C4A1548CEDD847E58CD1D7BCFF44C
:10BE30008673B0F71D36CF20814B5AAD3190CCF8C8
:10BE4000836E5E4A36A9C4FCA77E5A281B59C6F4E5
:10BE5000847E0A781F1BC67C84524E6835DFC66C10
:10BE6000A44A4478399D8AE4EA990E9D1AEC8CE044
:10BE700085AA8F84B247C3E5EDCA99B4E54D12E1B6
:10BE8000E8F3159761070CE19DCB1592A1050AE136
:10BE9000B5491292636603A19DC132E5E9E70FE05F
:10BEA000FDF330A6EDE70020F5D172A6A56504A04C
:10BEB0008BEB5687A56F40E086F25FA2696540B5BF
:10BEC00085FB49D7210FC408CA5BC8D8371BC0DE21
:10BED000C201020000C0006A439CE421080081699D
:10BEE000C310A7A7C7436978DB18872F8400692D83
:10BEF00081C885B38D04690BA91B863B2D0C6B2D66
:10BF0000809997BDB91DE10E99C9B6BD2B05AD98B5
:10BF1000931993A54A86B9ECFB88BF930F0175A4CA
:10BF2000A2CEB5B958D859422686CA136FC85967E8
:10BF30007ACECB9FA5C9DD4C638CF90BE6CBD145FE
:10BF4000C9CCF81702CE51C4490EC82D84CFF5ECE8
:10BF50007B0CD82185CC758CD1C4D82C85C5F98DA6
:10BF60005B04D82DA7C7698D590ED825C6C7688E22
:10BF70007B0CD82146C2F98E730CF82885C2698ED5
:10BF80005944E82DA2C2E98E594CE838E4C36DAE9D
:10BF900059CCF828A4C1ACADC14AD820EDCDB0EA47
:10BFA000CB08E81C87CD0DE6DBD8BCB99EC0DEC24D
:10BFB00001020000C0006A439CE4210883033F6142
:10BFC00018FE6DCC0791743B4CBF9F2443FD1A6B48
:10BFD0004D85A965C0D5F53B1AAD91C854D4B8CBF1
:10BFE0001A6A171FCB548E435A7A9DD0C9CDEB5B8A
:10BFF0008A5A1DBDC9C9EB43487AB09BC959AECB1B
:10C000001A6E34F6C9F0AECBD8DD93DE19F19BC3BE
:10C01000D8B2E3CD0DF1BDFB5ED4296D0C716E81FC
:10C020001647A12406F176CB5E25930E1C717DE99F
:10C03000542737CA0179FCE11C35B3E885ED8881C6
:10C040001EC6391A0F2889931ED3ABC8C0DEC201A1
:10C05000020000C0006A439CE421081B0DAE52940C
:10C06000D433074B49253EDAD71906C9CD45278871
:10C07000E3916C8BD5C726D4C391EB02A4846ED612
:10C08000571C9A401DE77E14C7B3DFD9F95A59CA25
:10C090004FE24F80F1D9B1C8B57D27037DF4E0DED2
:10C0A000A771461D7B38F1D6972D0301771E49D223
:10C0B00097A0E40A7CD5C348BEADE60FA856515EF2
:10C0C0008C6C84C1D56FD8DEBCB38D09F5394914A9
:10C0D000A79FEAC079DA6B1E85376E5878876A8E1B
:10C0E000B82D0FD851A562C4F837EEC9D5E42204A3
:10C0F0004831DCCB55AD2208681759CBD9AC6E1846
:10C100007B9D1DCA5DA5665ECC9B14CD50856E16C9
:10C11000D71BDFC47CA76234421F9DC578A7623C51
:10C12000569BFCC7E8A73E7C521D32C7ECE52AA807
:10C13000468AD8C6E0E522D6CE1A9AC6B8E2620E82
:10C14000F91A2BC6B8E26A0EC80AC9C63CE37A0CD3
:10C15000DA920AC63CE37AD8DA3AABC630A17B88D9
:10C16000DAA3D8DBACE67A88BFAF1BC438C6E11AC5
:10C17000782529CC10ABD98A4861C9C0DEC201023A
:10C180000000C0006A439CE42108810009439CE44C
:10C19000210800014BF1DA95392F186DCAD348FCFC
:10C1A00033DF3C5324F31ACC9A7809D57BC14ECAAD
:10C1B000324FC8D1DF2B4EFF63E4D9558D5104B8FF
:10C1C000336AD9D5CC488C981D47D851C559D898D1
:10C1D0009966C96D82C108BB97C6CBED83C348AED3
:10C1E0008A8ACE7DA7534AC8113ACF51A453C4D8E6
:10C1F000150DCCDDAC53C4AA9D68C4D58C4B82AA66
:10C200001B6FC5F8AF7298690B09C3ECCFEBCC7B01
:10C21000B56FC63CCEFBC45AE4F9C0DEC2010200D1
:10C2200000C0006A439CE4210800156B4BC8B4B9F8
:10C23000294D45CB43C4EF9DFBCCC5FB53C6AD9503
:10C24000CBCC45FE73C6AD95ABC44DFA73C4FF9518
:10C25000B8C4C9BE73C4DE15BBC5D9BE7BCCDE1560
:10C26000ABC5F499CB4E6E3DF5C178947BC4CE95A9
:10C27000B64028DD7B88EC357CC83D844B9AFE3285
:10C280008E39696FF31496FD25006B2DE116A6D546
:10C29000A1056B6E738982E6A10C650A5287927BB9
:10C2A00062403C8ACAC392BA4258006B5E04FF9255
:10C2B00022C0DEC201020000C0006A439CE42108E3
:10C2C00081014A73DEF43B2DC301E42972DC650869
:10C2D000ADA998F11A4DE36A09512DF91EC4BEA902
:10C2E00081F304AB4C4C120EC5FD05B3467E0A48E3
:10C2F00042FC8ED3CC5B8EBFD85D8552CCDF1E4B0B
:10C30000C8D9C5738685964EC955662A868F1A6C1C
:10C31000CBF5C73B8F8E970ECAFDE6234FAE1D4D62
:10C32000CE6DA63BC9561D8ACEED82628E8F5F0709
:10C33000CFE5836BC9887DE5CD7DA5230E9867C4C5
:10C34000CCF5ED310AB8630AC4F9AF294C98210E37
:10C35000C56D8A314CE87D6EC7E98F618AA86D682A
:10C36000C6EC8D2308B831A5C724A77B5ED8288CDE
:10C37000D328E25B9ACEE8BCF138E67288D7409BBE
:10C38000D338A37ADADC54BDDE38E77218FA3C8B76
:10C39000C0118F5B5A5B6C98C7898F5BDA6AED5866
:10C3A000C0DEC201020000C0006A439CE421088193
:10C3B0000009439CE421080100F42648D5E14ACA5B
:10C3C000AD2F488ADD27DBC325E95888DE26AAC6BB
:10C3D00025077118CA6E8AC6ED4F215EC82F19CD88
:10C3E0006B24695ADABBE8FE7D857B0CFEA374D80A
:10C3F000D5443A84CDE73DC8D5452A0A75A777CB01
:10C40000D08D7A187C3A39BA7CBB7B9C2EB7DA8AFD
:10C41000E8D45B94E623CD076DBBDB5E9567020C29
:10C42000EDD9C3D69721C706A0B3C354A431260BB8
:10C430003C5D8B1EB5B9E72960F2FBD265B9661C7D
:10C440007DB9831237A96F006887E61EF1AF8AC6EF
:10C450007D852788448A0AC2718C6EC4DC1A8BC21F
:10C46000E884724AEF9528C2A4A652CED913C8C256
:10C47000A4A6438CDABBF8C22CE743CCEEAFC9C20A
:10C480003CE6528CDA6F4BD2B0C76288D82B18CEFC
:10C4900090C66208DE2575CE1CC2DB88DE3A8DC6EA
:10C4A00000A5438EED27AEC0DEC201020000C00031
:10C4B0006A439CE42108C60182625CDDE349CFA0A7
:10C4C000863A58284984CBF9822E0C487187C97165
:10C4D000A36E42A829A7D84D466E44CB8B0CDBC572
:10C4E000276E0CCE09CCDA4D656A486A157FDFD518
:10C4F000A57ADE7D9530DE7CA6D2C84D3A2AA3EC23
:10C50000AD938ED4137DC0ED3AC308E413AE8F7C97
:10C51000BBA34CAC2B0D8060EFEAC8EC61EA0A7C4F
:10C520009F4316F2256B002CDBA918B5214FC004E0
:10C530002BDB96A2E489832545EB58F4618A55E10B
:10C54000EDDB58DD3975C665EF5B4ABC3157CAF87B
:10C55000A5C3CCEA37CEC9D1C53244EC676DC969F1
:10C56000E622CCC3D7EAC961A22A4C53439DC97DB8
:10C57000C72204D179CCCB55026A0C45A1EDCAD9AA
:10C58000445ACA6F932FCEC94C72D86F1BEACCDDC8
:10C59000EC52DA2F11DAC5D4A4EA58C59559C6F47D
:10C5A000AC7E1C2D3DBBC264E47A5C7B1B1FC6388D
:10C5B000E673526BB91CC834E66B945D61F1D6BC6E
:10C5C000E662DE7B3975D4B4E7121E6BA15CCC90B9
:10C5D000C626C8683F49CBA4CECA8E5AE096C92861
:10C5E000EBC34E4D48FED9118A5BC84E78B8C0DE09
:10C5F000C201020000C0006A439CE42108C0018619
:10C60000278AFA3368CA3883639A7440DACB79A2EE
:10C610005B8A4241ABC8DDC64BC4A5EDE7D9C54C2A
:10C62000590F941722DB49CE7104990D6DDACDEBC9
:10C63000510CB909CEDA41C9494EEA9D69DFC16C96
:10C64000DB8A5F9A0ADFD9C656C8D79A1EDBED830C
:10C65000661054129F81654C4A90D6E5CB82FDABA3
:10C66000A3CCB4614F8025AEFB9AF5AB2E8218B8EF
:10C67000429AE43B2E0001B943DAA7A54B16654563
:10C68000FBD8DC618A55A188C308FF371CDDE98C23
:10C69000628AFEB71EC9D5E52ACCEEAB6FC97DC64E
:10C6A0002ACCE27FAAC965E36AC442C35DC979E2C4
:10C6B0007ACCD3F1FDC951262E06D171A5CBDD264A
:10C6C000524C4C3D25CA59444A8A6E936FCF59CC7F
:10C6D000529A6F1F38C455AC6E187F893BC750A45F
:10C6E000C21ACC993AC6F4AC721C2D299AC224E71E
:10C6F0007AD47B9175C638E653523BBF74D634E684
:10C7000063947E21D2D6B4E62AD43E61F2CAB0E761
:10C71000121C3AE13FCC34C67ECE593B3BC928CBF4
:10C72000CB4A4FD0BED93D8E73885964ABF09CB8CC
:10C730005348CBAF6DC0DEC201020000C0006A43A7
:10C740009CE42108810158CB9C7DECCE0F1B29EB8A
:10C7500058D52D6D33DD795B12DDA16602D50F4A08
:10C760004AB77B0104532DAB04FF36C74655824EB2
:10C770004CDE126ED8D5E626C6FB938DC8D5E65B97
:10C7800085BC1FA4CB75A76BCBC4958ACAFDA66BCD
:10C79000CBAE8D48CEF9867BCBBF8F18C460866B3D
:10C7A000889FB328C464A7BB0A4AE318C6FCA55AED
:10C7B00004A98E8EC5F08472CAC8178FC7708F22E5
:10C7C0004CD99709C6F48A2ACE481708C568E92AC1
:10C7D0009868953AD3E8CB4284CABD0CC120CFE318
:10C7E000CE6BB319CA14A9C3581817CBC700C7EA30
:10C7F0004CDA3179C0002CA39AEF9148C0004A4A24
:10C8000058CCE92FC0DEC201020000C0006A439C80
:10C81000E421080081ABD3D2A53BE7376979C3197E
:10C82000B5EC8D0C79C9D352B7E8850BF9C9E91E6F
:10C830009451A300658EBB1CADE56540F9EFCB5E5E
:10C8400095B7ECC9758252C6883362C871E262C47A
:10C85000B82526D8D9C47384C835E8D845CF4BCE7F
:10C860004815AAC8454A5B8CCA95ADC9C549434E0F
:10C870004B118DCBC96EC34A6A3D8DCBD5CFC3CA90
:10C880007F950ACBF0B8EB4ACC9D740F75E8FBC4DA
:10C89000E4B72932F1D9A308B221B909516D835AFD
:10C8A000E36CD930776BB11CC220F80D7114D154F0
:10C8B00067B9CB02711DF31C34936E17F1DFA154DD
:10C8C00027ABEA017994E31E7713F8006DA8991E4F
:10C8D000C62DFD0DBCA99318E36718C0DEC2010286
:10C8E0000000C0006A439CE42108C60182625CDD4E
:10C8F000E349CFA0863A58284984CBF9822E0C48C8
:10C900007187C971A36E42A829A7D84D466E44CB42
:10C910008B0CDBC5276E0CCE09CCDA4D656A486AF4
:10C92000157FDFD5A57ADE7D9530DE7CA6D2C84D99
:10C930003A2AA3ECAD938EF593FA8D619FF918DC3A
:10C9400033F90BE17AD91AF4BD190EE9A9B91AA580
:10C95000353987ACB8AB0EAC3DDB43F9FAE188B4AE
:10C960006D47CD69E9A9098D9DA845E189A154A527
:10C970003CDE4001BBD912E2E1C90000D752CCE451
:10C98000A90E4AB1C5EB48B5257BC4F887C28EBC59
:10C990002D3BCF6D867384F1CFA8CFF9E66AC2D361
:10C9A0005732CFD1455B86D15D8ACF494F5BC4FCFE
:10C9B00039A5CC5D485B46FD952584F5584B4AD496
:10C9C00091F00EF9DF43CC448FB5C030FED358E26E
:10C9D000A74BCA044EFA9EE6A2EA0265EAEB98A1CA
:10C9E000292A4D61822692E13535C6F5862FD2C3BC
:10C9F000B177C2F1827F54439755C379872ED6D73A
:10CA00009553D720A72E9CE50EF98D24A7C69AA290
:10CA1000630B4004ACE2D895A96A048CCBB3D2FC7A
:10CA2000392C19214CFB58DD271A0BA1CB995A87B9
:10CA3000AD2E17E9BCDB09B1F50542690DEB47A244
:10CA4000FF23046D24D2C3923E62C361EDC20792FC
:10CA500016254014DB7242AE0604C0DEC20102009D
:10CA600000C0006A439CE42108CC18AFD308C4F18D
:10CA7000B7C8D5475308E3DCBCD849056B0E85938E
:10CA800062D9CD6E50888E8926DB4D48798CA809F5
:10CA900047DAC56A410CC809ECDA45CFDB4ACE89D2
:10CAA0000EDFD9E57E58553317DF71853E52C29FA0
:10CAB000D6DDE4A663BAD31512F430E24656C23F7F
:10CAC0009B8000AA4B92C4BB081D1709D15CA43FF0
:10CAD0004515F90CF15C9DB3A401EB2CEB5EB7633B
:10CAE0004206E9CABB58853F650C69B8A9DA9F19A7
:10CAF000CE042889E114B414A84001AB529CCFBDE8
:10CB0000CE0580D26298A5BB0D0001ECF31CB5A543
:10CB10004F47E9A5FBCA97AD3BCF69865BC8C241C9
:10CB20005FCFF9A77A84D1493DCFD5445386D358F6
:10CB30008ACF492D5BC6FCB9A7CC59685B42FCB1D2
:10CB40002F8375FB434AD591D00769FF4A86458BF1
:10CB5000B58690598148E3A7398A00CEF29EE5A3B5
:10CB6000CA00E14DFBD4E1B5084CE0866692F3398A
:10CB700057C6FD8635125395F3C3F1A66F96C39B36
:10CB8000D7C2F9873F9CF69D71D720A72F9CF70A43
:10CB90006A9CBC86C6DA92A74CC680CB4ADAB565D9
:10CBA000C90488D8EB90DC3D0C1AE14CEB1ADF236A
:10CBB000291EE1F9B95C97B94B0EF9DC431B836F71
:10CBC000240CE9CBAB05A163A504696DCA41B3AAE6
:10CBD000C340298EC245B2378CC0DEC201020000BC
:10CBE000C0006A439CE42108C00186DB5E85A50C79
:10CBF000CA2482125E687F0ECEED82325828472703
:10CC0000CFE9832A0A48552ECF69832E0E68452D19
:10CC1000CF79832E4EC86B6DCF59C6264A78317AAC
:10CC2000CD45CC6E4C58999ECCC1CC6E8C5A1D6BA8
:10CC3000C44D4426985F992EC7708D4A085F33080B
:10CC4000DFF88F72DE5F9D1FC3A0CA424CCB9DBF31
:10CC5000C6A088D3CEBF1EAE09618BC2CDB732E469
:10CC6000086098E319E2F9CF0DE19BA1D282EDAD06
:10CC700032E09CC130A76DEC01609AD130B3F18CE9
:10CC8000206CD4D176E67D461A6DEFDAB2A375A595
:10CC900005ECE9E312B771A407E0D9F3128259E277
:10CCA00040398AF319A5AD2ECD94AFFB48AEBD191E
:10CCB000C0DEC201020000C0006A439CE42108817A
:10CCC00001BD7112F669044001BB499ED779D8CBEA
:10CCD000614DE08AFC9D54C551CAB0CC96253AD826
:10CCE000D182DAC6EF1553C875E27A46F564BCC83E
:10CCF000514272CE4C6185C8D9672E4ECD0B4DC8BE
:10CD0000D9C537C844095EC8D1E23F5E450D1BC98D
:10CD1000698617D4C70931C065ACDAD8E5B3F8879E
:10CD20007D25D24EA4A7AC0BF54EEB5C952F0648A3
:10CD3000D58C6A0CDA9E0ECCDDEC224E4B115FC412
:10CD400055AD220CCA1B58C4F48F62986999F5C579
:10CD5000F8EA528869193AC3E4CDE3CE691704C0F2
:10CD600014CBC38EFC271BC0DEC201020000C00032
:10CD70006A439CE42108CF8DC22616A4916ADBD1B8
:10CD8000A1267CF29D99DBF1A11774D31DCDD97139
:10CD9000831FFED319CFDBF4821FFED319CDDBFC3A
:10CDA000831FB8C29DFBCB20A336BAE39D68C008A1
:10CDB000E266B0B3B118CC00C77F9CE6A939C9239D
:10CDC0002951084D7AACC26D6CC9C4F93AAAD9E5AB
:10CDD0000579DAF9B7C8C5E7255318FF29FCC763F9
:10CDE0000D51D8EDBB7BE7A48533149D2BF8C5A46A
:10CDF00085330B883F4FC560AC3B09A81969C52432
:10CE0000E57BC5EA99DED2A4A52B8DB930F3D2B863
:10CE1000EC33CC8820DED2BCE52B4A882139C538DA
:10CE2000E7635A983B4BC5B8E25BDCAF2BF8C59083
:10CE3000E3735BBABF4FCCBCC2721DA4F92F03A031
:10CE4000D9A91292F3060CA0564B36E6794705A0F5
:10CE5000F37330B6EDC408213943D2B3E3660665F7
:10CE60008EEB5586FD2643A48EE91597D5E40DB9C2
:10CE7000D940DBA5E3640E998E43CEBEAE8CC0DEF6
:10CE8000C201020000C0006A439CE421083E95589C
:10CE90004A9A9225C40559A5E24C942F27CA55E712
:10CEA0003E4ECE311BCFD147228CFA3D39CF71C4D3
:10CEB0006B44AB9D4BCDF1EC59CABA9D69CDF5AC35
:10CEC0007148BE38F7CCFDA56B099E9CF5C5E08581
:10CED00033DAA82D0EC5EC87624A48758BDE68846C
:10CEE0006244A93D39DAE8AA3B987824BDDEE8AB74
:10CEF000228CC8309DC26CAE7AC4D8192DD6E4AF4E
:10CF00006AC84815EBD6E0ACC38E683705D320C499
:10CF1000AB4C58314CC3B4C7814A5835E9C0DEC266
:10CF200001020000C0006A439CE421088001ADE3D7
:10CF300008B7273ADEBCA6560A7A32EFCB71AC327C
:10CF4000DE1AA529D855EC3606CA1F64C975AC6A25
:10CF50004285970CC0908E3A4897210EC5808A73FF
:10CF60009EA5A7093679AFF35ABC134AC064DC2BDF
:10CF7000D8AD3B4DDCF5AC7958A9170DDA514C69A9
:10CF8000CCA83505E875ED69CCA839BADB68AC5397
:10CF90001E8BB34C19EDBB6B5AABF5C20CEDDB4BE2
:10CFA0001FA765C20CED385B76F4A1E300E568438A
:10CFB00090B27C860F6D19431386ADA205A4D3C32E
:10CFC00012A7A9411338BDE3547CB12A4C796DE313
:10CFD00018FD313A00718BA952D23D3ECE75A77231
:10CFE00046F6E4B0CD68856A4CF5A1B0CEE8EC9B7E
:10CFF00018E537880BEDB65918A62A8D0F69C9EBCD
:10D000004EA5B78E30EDC5D24CA512CDCCF5853EE0
:10D01000985F0BE8C6F5873FDED70EB8C778A53E08
:10D02000D0450AE8D6E4A51A3CF61F38F5E0A5126B
:10D030007EF39915C0DEC201020000C0006A439C65
:10D04000E421088101BB2618F72B29558E847958D5
:10D05000E7A3CFCF7DD853082E2E98C7FCA4FBC4DE
:10D06000DFE319C3F8E42A0ED913DACFEC8622C421
:10D07000DD773ECF69876A84F1C948CE618262CC90
:10D08000D3D570CBFDA72202F15955CB5DC4360E26
:10D09000CC6DB8A049CC3E4A4D117C4BCDC43E88E6
:10D0A000CCB14ACACDC76798C495F3CF49A52F5ACA
:10D0B000D695DDC4D1872E96F219F6C5518627D6AE
:10D0C000D29534C6F8823F92E299F2C764A63E7CBC
:10D0D000C2957DC6ECA62E7C4291DCD5ECE736BE2F
:10D0E00026175925ECA63EBC63931FDCA4A63792F5
:10D0F000E31B34CAACA63758CC9FFBCE34E667CCD2
:10D10000B7B37FCEB0C7FA9EA4B7D8C039E9CB84F5
:10D11000ADB7EB8F299FC308B497590D39F8CB0EE3
:10D12000AF930940B199CBC494BD2BC0DEC20102BC
:10D130000000C0006A439CE421080C95EA43D8DC57
:10D14000BF254ACD4D5A44DD910ACACD4D5ACCDD9A
:10D150001168CACD4D52C4ED9D19CAD9C47A02BD19
:10D16000950BCBF9835A44EA351FCB6482660CDDFC
:10D1700060D0CAE0836A48DAACBCCA208322DAC92C
:10D18000A8F7CE28833B94C9B1B3CFE4835A1CAF30
:10D1900035A90BF5CFF288BC3F0A1BED89FBC78789
:10D1A0002FCF8D6198FB0596B2ACC0DEC2010200A4
:10D1B00000C0006AC39EEC211803018DDB5CA5E171
:10D1C000CFFA14A16ADAEEABC9CF88E1225EFE2B5A
:10D1D000E9CE00C33A90EF3F8FC3ACA5724EBF17A4
:10D1E0003FCB51C53BCA9906CDCAD54C33C58B0F31
:10D1F00068CED5646304880F2BCFD5EF6B06981FDC
:10D200006FCD55CF630498156ECCF58D4146A82996
:10D21000CEC4FC8FC18CA829CFC7688CC944E82133
:10D220008AC668AE41CED86DADC268AB49CCF82491
:10D230008EC2E88AC08EC86CF8C2EC8A408CC87472
:10D24000EEC36C8A4184C87CADC260EAC9C6F821CD
:10D250004CCBACECDB06F8258ECE28CDF988C86126
:10D26000EDC0DEC201020000C0006A439CE4210858
:10D27000C41D447112FDB7E5C949CF5B0CE88D0CA4
:10D28000C849CCC306E81925D849ACF944F81D278C
:10D29000DB59A5C344BB0B65D971837245B415D95D
:10D2A000D97D83220AAB8DF1C86D812A1AC8077611
:10D2B000CB7C87668CDA322CC955A76E44DB9EACDA
:10D2C000CBD9E56A449A1D78CA7D8662CE891B6EE9
:10D2D000CA6982628EB86765CE6DA263CAB87CAB3C
:10D2E000CE71EC6B0EF8699ECF718E514EF86D9E2B
:10D2F000CD51AE7306F869A8CDF18FC302D861D8BD
:10D30000CC748FD14CC86168C47CAFF10C687DBF10
:10D31000C5FCAFF34E68399FC778ACD2885D357ACB
:10D32000C768AD52963C95FEC760E452D2740B7A42
:10D33000C7ACE573F2459977C7B0C673D45DA91140
:10D34000C790C763D66C6DF0F310E63A966FE5159B
:10D35000D010C7325C683B89C5B8C6C25839A574BD
:10D36000C2B4CDDBCA79A369C00CF87B484AA34B91
:10D37000C0DEC201020000C0006A439CE4210880B4
:10D3800001AEB196F6A4A806E167F24AA2BD5A81A1
:10D39000694CC21EA2B59E18F96CFA9AE2A5DA840D
:10D3A00071EBD3DEE6973D08530CD396D695180C57
:10D3B0005D8ED292C21EEAD8C8ACCAD8CC973DD8EE
:10D3C00045EE42CC4D9569C845CB4B8A4D19DBC91A
:10D3D000DDEA43485E9D48C9FDAD738A7FBDD8CB69
:10D3E000E08462CC52D891CF61872E0642E12CCCEA
:10D3F00069877A0866E122C775856EC87D954EC734
:10D40000F587274AD79F7BC6F1A667D8CC1139C2CA
:10D41000E0826F58D40D1881296CA356E6B53830D8
:10D420006DAA8BDCE2FF22116C98BB5E8151C6169F
:10D43000ED6D9309B1D8AD0069EAEB85A1D9870DEF
:10D44000ED6EFB81E17902C061B8DB81A23F85CB43
:10D45000308B5AC6C80B8EC0DEC201020000C0006D
:10D460006A439CE42108C60182625CDDE349CFA0E7
:10D47000863A58284984CBF9822E0C487187C971A5
:10D48000A36E42A829A7D84D466E44CB8B0CDBC5B2
:10D49000276E0CCE09CCDA4D656A486A157FDFD558
:10D4A000A57ADE7D9530DE7CA6D2C84D3A6BA3EC22
:10D4B000AD9BCAF5935EA8E5DFDB08F4373B036854
:10D4C000F4F11AF533A98620FBFB54E5316E0668AA
:10D4D000AAB35AAF3CAE83B0CFEA9ADAB58800015E
:10D4E000EFF3D4E4154D0000D55BDEF6F96A973909
:10D4F000CFD918FE317BCFECA7F358A42D5BCF6DAD
:10D50000866A84E35F08CFEDA62A06D37324CF751D
:10D51000E752CCC6F9EACDD9C46E44CD0B84CC5DBC
:10D52000E776C84C8BCAC4D1A536D6C50B7BC7E8F5
:10D53000872E70F116A842A8E227F4231E6BC43C84
:10D54000E27754C32E891224EB830AA73EAD0AE189
:10D550009FA94595ABC70465BBA307D7A54607613F
:10D5600028A999A761C70665FFF89D95648C00649A
:10D57000F3C9DBBDE4E21FEDDED14BA5D0A2006D07
:10D5800094D9D486F1E30561DA5BD586FCA70CA1BA
:10D59000E9EB1F965C4500A8B8F31BE669ED03387C
:10D5A000F9438C9CD5C4C0DEC201020000C0006AF1
:10D5B000439CE42108C001864254CCA50BCDB8831E
:10D5C000228AD44993CF6D815BD8DCD4B5CEE18378
:10D5D0005BCAD641F4CB7DE75B0AD64990C8DD250E
:10D5E000714F97B91DD8C94B70CAA89D4EDB4D6AC3
:10D5F000510AC99FCFDA4D4C5ACA4C9A28DED5A79A
:10D600006E5C478A1EDBE4A62ED6C79BF49BAD85D5
:10D61000A2D8A3A5EB4278FFA1D8B6230E403CA820
:10D62000A3C487917D0000FBD3C897A1890000F4B3
:10D630007B9EF7FD984A69AFD09CAF1BD8CD78820E
:10D640005298BDB97BCEE582628CF1C39ACFF9E6E0
:10D650006286F04E1ECF71C2CBC4C2C917CD59C469
:10D660006644CD1F44CC55E76E986D8B39C4D1A567
:10D670003694D70B58C7ECA72674411A09C32CE679
:10D680003FBE2313FBC73CE266FA60B7FEDC2CE624
:10D69000AE0AE72FAC0AE19FA94DB6670606E5483A
:10D6A000918DACA9470665DFE989F665C604E5BD3D
:10D6B000F19FB765C21BED94D09FB569A21DE59D92
:10D6C000DB05E7DC820CED7AD19596EDC20CE1B872
:10D6D000E11DB3F5A60125B8439B9750E41C24BB7C
:10D6E000E959E765260CB4DBD30FACE9AFC0DEC265
:10D6F00001020000C0006A439CE42108000107CE3B
:10D700001E772BEA1EDDE426DAC49F32CACD4C1602
:10D710009A4C1914CBC54D1698D59B14CBC9C52668
:10D72000884D0BDFCF6C83CE58F4915AC464A25A53
:10D730001EFEB7ACCC5DA67F8ECF9A05C4DDA537A3
:10D740005AC59A07C5F08527943F8F7BC5FCA5670E
:10D750009E4D9DDE97AD86670844160AC03458ABCF
:10D760001AE42F08436945B288ACA90B1D69CAA306
:10D7700089916F250D690DD28DB1634642EF67EB3C
:10D7800087B13E411A69BBC385A16F021C6D06A318
:10D7900085A1A3230A214D4A06852B27C0DEC2019D
:10D7A000020000C0006A439CE42108C000D8D9945C
:10D7B000AC974BD52968611AFB11D8D8ED0D710BC8
:10D7C0009D97CAC6FDFE3B089FB384C075DF19183C
:10D7D0008A1B4DC0748CC95AA99BEFDFDDAF694E1F
:10D7E000A82B28DAD96C29099B3F6CDBD1CD330BF0
:10D7F0009E93D8DBF98F7B18EDA91FC0294E5318D3
:10D80000FF3749C088E97B5CB5B908203725A912E4
:10D81000B265EC06A1E8A930A4116409E54BB1F2A8
:10D82000DC3307096B2DB0B2A639251B61CC9112F0
:10D8300096ACF9C030F9C31695B12FC028B8D108FD
:10D84000AFB9CBCBE4E97B8AFAA958D764EB63087C
:10D85000F88ACFC37DAA61CEE89F0AC061CF130EBC
:10D86000BAB1EBD6AC8C59CED829D8DB24AA59C88A
:10D870009B91188765B851D684909DC0E8DED31877
:10D88000FDB3E9C128DDDB1EE4376E0EFDC9F91FCB
:10D8900085A5C504E9BDC90FB4E98682E92BE14D30
:10D8A0008523E311E5D8CB4784E726072564EB44BD
:10D8B0009C8A0244948B6E02AD3246C0DEC20102E5
:10D8C0000000C0006A439CE4210880032D491ED952
:10D8D0001D7BCBF19AC94EC9B3F981DDCAF35AF465
:10D8E00032AB8D51977B5AA732ED16D1C4FB10A2F3
:10D8F00092EDD9F0A67A59A5166DD85D86678ACFC4
:10D900001BB8D9D9A2679EC58EAAD8D9E22694D6CB
:10D910008BAFD849A2774CE61D24D9F581669ED4F9
:10D92000B1C5D979833A1CCE95D3DAFD833EC8853B
:10D93000957DDAD9E66E0CDB312AD945C57244EA09
:10D94000190ED8C5C572CCBE8F4CC8CDC54A82ABA6
:10D950008F2ACEDDE47AC6AA9B2FCD71AC6AC4D9DA
:10D960000B4AC4F9847ACC5B1349C5698C3A0EDF43
:10D9700097A9C564AC324CC813DFC524A73A4EF949
:10D98000AF79D2B8E51298D8129FD2A8E512C8D8BC
:10D9900036E8D2B8E732D8483A9EC72CE73618AFF7
:10D9A0009D1BC734E6265AD5EF2CCCBCC6E259875E
:10D9B000B14B03D12FA34B962CE9CB6D45B382B568
:10D9C000610DC0DEC201020000C0006A439CE42178
:10D9D000088101ECE3D2472DCA0E185893D4522384
:10D9E0004D09E8F0D31C46968484D13FA91C5237D8
:10D9F000A506DD72DBD8422F45435D36D91E57920E
:10DA0000850151ED83DCF1AF08DADDE726484D3FB3
:10DA100028D949C47A8CDB310BD9D9C4D9CCE90BCC
:10DA200025D9D9EDC9CCA9096CD9D9CF4944E81D6C
:10DA3000CAD9D9EFC984A815CCD9D9EFC1C4E81186
:10DA4000B9D9D9CDC144E80968D8DDED410EEE1D44
:10DA500025D871E45B48C52F6CC8F5E5738CD14DB2
:10DA6000EFC9D5457A98743D25C9DDE437CA541B02
:10DA7000EDC9D1A73E9C548EE9C95DA62ED0C68AB9
:10DA800098CAF4867AB0D48A98CA65817BD64A97B8
:10DA90003FCAEC8372DE48075BCB49A56682EE8EF7
:10DAA000EFC94DE47204FE0E8FC9CDEC4A84EF8AB3
:10DAB0008AC94DCC5284AD0E05CBC9CD2244AD8A66
:10DAC00005CE59EC5284858A64CD59ED62C4AD8A85
:10DAD00044CCFC8D2A06C91F8BC76C8C324C7863F2
:10DAE000ACC560AC32CA4833FEC520A73A4CE8BF8B
:10DAF00088D2A8E5139EC836C9D2B8E512C8C83680
:10DB00000BD228E73248D81609C72CE73618AF1FC2
:10DB100028C734E6261ADDA744CCA8C5AB9E86B537
:10DB2000E901512FAB0996A8E9C865EDFA40FCE57B
:10DB30004800198D568696A32DC0DEC20102000052
:10DB4000C0006A439CE42108F500A7325ABFB11413
:10DB5000CFA4806ACCA88A67CBE980C3CD9D1A6622
:10DB6000C9FD81D9099F9BCDD851E57B0CB83D6497
:10DB7000D8C9CC5904A820ACD9C9CDC9C4F83984B6
:10DB8000D941CAD90CFB9D6FD949A4C20EC4171F35
:10DB9000D87CA5765C451717C039E7261EF513BD5E
:10DBA000C3A52EC1444B3E0ACCE94EF08C49BBFACA
:10DBB000C1759AE8C8FD135AD851A74A8EC3D4BA82
:10DBC000CB55C743CCF26BFACADD456AC697AA8B20
:10DBD000CE55E42243871644CD51A57A4284BF8DA9
:10DBE000CD7DE51244AA1A29CF79856ACCDE179B30
:10DBF000FBFCA45A582A16F85CF4CFFA887F31123D
:10DC0000CC50AFCB0ACB311DCC518F4344C9B15955
:10DC1000C5F1EF51CCF860EDC77DAE694EE82C4AF6
:10DC2000D8248D230ED868D9C698E17B88A9B95528
:10DC3000C688C322DEDBA739C600C332D2AC217B43
:10DC4000CD80666614E4E70AC02469A34EFE35FC65
:10DC5000C02049C358DB08F0C6BC64FB4CA889DF70
:10DC6000CC30687BC4E8392CC0102CF3CB9F0D5E00
:10DC7000C0802CDB9AEA157DC00002BB9CFDAB087E
:10DC8000C00002AB96F4AD29C00006B3D4E5A56888
:10DC9000C0006A439CE4A149C0DEC201020000C08A
:10DCA000006A439CE42108CE858CCBCF96294BD9C2
:10DCB00051ED3A86E90A4CDB75ED1358286E85DB89
:10DCC000D1CD13CEF81EE5E8714C1382F81E8EC834
:10DCD00071473B84B88EC4DA79C22B4B9B8BCAC088
:10DCE0003C862312FE2F2FE880E77B54EB3B0B830F
:10DCF0006DE841D6E62FEEC56CA4A158B52BC8C877
:10DD0000F1866A4C9F0A8BCBFD86724CEF9519CB3E
:10DD10006D815288AA9CB3CBE98373DCAF89F5CEC1
:10DD2000FCA772D6B5AFEF0F75ACF292B7FDA61F88
:10DD3000FB06815F97E8861C6B2CA95286A1E20640
:10DD400065EF81D28234AB009089CB15851569814E
:10DD5000059AC35AFD356ACC68A94BCEAF2DC8D9F8
:10DD600064AF6B08AB16ADC3E9AE214EEBB5F8C09E
:10DD7000A1CE1B0CAB35E9CDAC84594ED82959DB6B
:10DD8000A8AC410AA9B52E8E65A949DFB415BEC05D
:10DD900078DAF318E4B3594030DEC35CF4BBCC2925
:10DDA000F56AE95C952D240569DAD1D88EE18606FD
:10DDB00079D9E1CB84F9A740ED48C31987E3424301
:10DDC000A125E30C9C1A02C0DEC201020000C000C3
:10DDD0006A439CE42108CF00866ADEBC9EAACFBDC0
:10DDE000833A9E4CE9B5CE6582224E475552C971A1
:10DDF000C15606C3DCFCC8D943764C44E58CC959EE
:10DE0000426EC4CC9747CE7DE626CEC4B6A5CDB132
:10DE1000867A1AE7BF8ADF9DC34AD8FD93F909685D
:10DE2000ADAB84FF1D184168E7AA58F497EACB749C
:10DE3000A63EFC469F69CBD183273237978DCE7C97
:10DE4000832FFE2216C4CDECA33EE8629EABF2A85F
:10DE5000A376F2C637EA85346AA394A7792719F91D
:10DE6000C9CBDEB727C2C2F5FF628FB623421D7150
:10DE7000AB6AC8EA0A67C555AD22C8589729C6DDFE
:10DE80004D2A46BF9BEFC255CE3A46EA1B6BCB7973
:10DE9000892AC6DB1179C5649F6B0EDB953FC1A152
:10DEA0005D390858317AC929FC21485811DDC0DE96
:10DEB000C201020000C0006A439CE421088003C53F
:10DEC0007A98ACB109CF7C87FB9CD5BF88CAD18238
:10DED0004A8DB4951BCAD5A2528DF4394EC9D1E6EC
:10DEE000734FAE1B0BC8D94C634789892AC8C94AEE
:10DEF00063049999BBD849CB690AE81D9BD859EDB1
:10DF00004B0CE810BBD849EDD94EC83DE8C8D9EF55
:10DF10004B0CC83CAECB5DEC43C44811EFCB59E48D
:10DF20005A444A31AACB5DA4265A5D1568CB518765
:10DF30006A50D711DCCBE882729AB4333DCB608350
:10DF400062944B8EB4CA24833AD6CA9BFBCD7DA67D
:10DF50007ECEEF39BACC748CCA0ADD1398C47189AD
:10DF60005A98DD0F5F44D1F94384A4910806D7394C
:10DF70003A8AFC330E0B54ABC398CF0B7BCE5D8E2D
:10DF80005B987F3592CFC9EA4A8E4F1D58CD49A87C
:10DF9000C3CC4E1DDBCC5989DBC44A9D9BC5708E1A
:10DFA000DB4E68156FC778AFC34EC99149C6A0A2B2
:10DFB000C38EFE3E46C6ACE2C38ADE3205D1A8E27D
:10DFC000C3CAFA1204D7B8E2438CDA3A44D234E630
:10DFD00022CAC81758D3B4E62A04DA2578D3B0E6A3
:10DFE0003208C92598D6B4E6325AC9ADBCD2B4E6D7
:10DFF000325A4825FDD2A4A23E1D851D39CBA0A2D0
:10E000002ECF89AB220BE4C4835C8575C618E0B9BA
:10E01000A91DB26DE50964BEF317826DC615E4B59E
:10E02000C91686504D096055CB36DDECC407E4BCFB
:10E03000DBF2F7E48C0160FCF172B674450725A8A9
:10E04000C35BA579E4C0148F4B8A9F6D6BC0DEC2A1
:10E0500001020000C0006A439CE42108D181A72B83
:10E0600050BFBF07D965A7199588150CDAEDE610E2
:10E0700097881122DBE9C61895B81D46DBF94219CD
:10E0800097CF8D63DBFD460913BA0961DB7942192D
:10E0900011BF8C83D9E1E60B148A8D81D9E5A61BCB
:10E0A00055BF9C4CC9E9A23BD3BD8DF2D8E9E542EE
:10E0B00098BEAF0B077966A913B7BD2405F94DE9E2
:10E0C0007286B52F067B6A431787372504ED79E9F9
:10E0D0005B8C2DA70865F8EB5E8769AC36299BEB56
:10E0E0009C952CA4259CDDF35CA5BF670EF54BF336
:10E0F0005B86388743DDE72647873386CFD5477A67
:10E10000C4BD97ADCD55EF63868D1BCDCCF1AD4928
:10E110000CA8894ACC758CC944E8314DC5F58DC130
:10E1200044B811E8C7F48EC18EB815F8C6F18E4117
:10E13000C8E81149C67C8B498AD825A9C2788B4981
:10E140008ED825E9C2EC8A59CED8258AC2E0AE59CC
:10E150004AD861B8C2E0AF5B02F869EEC7A0AD4B28
:10E160000AD8209ECB24EDC104F86DCBD2ACE4F9E3
:10E170004848658BD3A4EDD14AD8254DCDA8CFA171
:10E180008CF82184C0DEC201020000C0006A439CFA
:10E19000E421088100E8E112DD30884038E9C398C5
:10E1A000CB37CECCFCD852CACA2A8C205D95328897
:10E1B000CC0A0A4C5C89C3585A8AB8D8C9AE43CA3B
:10E1C0005E1D68D84DCAC3484F1DE9C8C9E9434A16
:10E1D0004E9D49C9F5AF53C87FBDFCCBE48C628A24
:10E1E00053D95FCEE18762C4C3517BCDF9A57A8C48
:10E1F000D3692DCCFD8472CCCC25ACC77C8C2ECCC5
:10E20000FD1F1AC86CA476C4B40974C01CAD5A08AA
:10E21000873E8C1F69FB72C895EF660BF92ED3CB36
:10E220009271451EEB06990B916FA3156F05E3459F
:10E23000A0E3E71861EAF3C7A32BE6423DCDDA80FD
:10E24000BD168FC0DEC201020000C0006A439CE41C
:10E250002108810009439CE42108C0DEC2010200BC
:10E2600000C0006A439CE421080C19A7A29EC53F88
:10E270006DC9C9E26E96D3B16AD84DE36716539162
:10E28000CBC859A35F9652177ACB5182C3F8631754
:10E290007AC8ED814B49A534BDC96D815BD88DB479
:10E2A000FDCAE483739985B8BECFA083639E9F1493
:10E2B0009CC434E32A948D9739C6F49AF11AD7BED8
:10E2C0000A07E9C5DBDEE4395ADAF8A7561CFCB1C7
:10E2D00079C6E88726088F15A8FBF98436DC2DB8A7
:10E2E000B4DB79843E56243CB7DBE0A56E56752935
:10E2F000998B21845F8EB2295F037DDBB308E2A591
:10E3000048877938B358F3A18F81FDCE835EF2B987
:10E310004A0E7DCB811EF2352B05FCBE935453B1C2
:10E32000780DE98883DAD129BE0568D5891EC3B581
:10E33000F987ECD49B5AC16489C02859AAC4B31187
:10E3400074C0DEC201020000C0006A439CE42108E0
:10E35000C0008823DF8417EDCC9DA42958FA59FD0D
:10E36000C121AC6148A860BDCD79EC614EA864B80C
:10E37000CE71EC7988B824E8CF71AD798F8838CD2B
:10E38000CCFDAD70CA9824C5C5698E6198E868490E
:10E39000DBA48E215ED878E8C428A92BD8F824AE57
:10E3A0009EA54E73C89421E919A5195318E5215E5D
:10E3B0000939B67308B4B95A0C3995491AECBC9DA1
:10E3C000013CF74318B73D5E8CA95B41189697FB5B
:10E3D0001CAB0FDB1897B57B89392B5B88FD911E31
:10E3E000449105428D871358C0DEC201020000C06F
:10E3F000006A439CE42108C0008823DF8417EDCC29
:10E400009DA42958FA59FDC121AC6148A860BDCD31
:10E4100079EC614EA864B8CE71EC7988B824E8CF65
:10E4200071AF69CE8828CDCD75E47944B8658CCDBF
:10E43000FDA559CCE87D8DCCE987590EE879C4CD8E
:10E44000EC8343CCE861ABCDE481C3CAF8B264CDC0
:10E45000A0A3D308D8B97ACD3CE37A58C9353ECDCC
:10E46000B4C256C848168DCA0067E28A5B610BCFFA
:10E470000024DB9CFDA7CFC0802ED3D8ED3119C07E
:10E48000DEC201020000C0006A439CE42108810151
:10E49000CE7B5EBD396ED080C1721CBC3F4AC404C5
:10E4A000E16A5EEC6F6BC3E1EC7A9ACDB699CB5121
:10E4B0008C7B8EDB8FB8C859EC5B84CA1DB4C8490D
:10E4C000EB5BCE7A95F9C8CDE84B4A5A9D5EC959A7
:10E4D000EB43CE7E1199CAD5EEDB582CB994CF749C
:10E4E0008F439E642B15C4E0A44B1EFCB713C52CB0
:10E4F000A57318AE1093D9BCE4730CB930FFC810E3
:10E50000E65908B81B49CA08E4491EBD92C5C001B6
:10E51000896B1CA5E70E4380D5739ECF392A400D29
:10E52000C9C898DF636DC160A8F118ADAA440E7D1B
:10E530001FC19CA43FE51FEB15611D8275C7366D99
:10E54000F25170B3E5660F65D449F4F7E9840CA184
:10E550005BD9128674E40BE559C9B08279A506E54A
:10E56000F321709669A404E529D174C474C7066CBC
:10E570008BEB1BC3A1650D24C9D3C9E7AD2CC0DE4D
:10E58000C201020000C0006A439CE421080001545B
:10E590005952F7B9AE0EEDB8BB54D3649A1AD135BF
:10E5A000FB1C5225AB05DF28915EC23D0836D30D1A
:10E5B000835C561FCB01510583D8D70BC8007D6FF4
:10E5C000A298C50BC8C15DA726DA656DBAD849C542
:10E5D0005A0E74A539C8C9CDC38C46E9DACB596740
:10E5E000DB8A5DA89ECBF5E65A44D42192CB6D829E
:10E5F0007ADA7B169CCA69824318E89718CF75A708
:10E600007B1CF838B8CC6984211EB8319FC5A08C1A
:10E61000311AA8609DC42CA4391A982158C6B4A6F2
:10E62000311D886167C710A61114A8588CC510E762
:10E630003152A86564C7B4E41B5789B599C4648F87
:10E64000FBCCACA1FC98259843588CB74816257E86
:10E65000531C841A8D066168F1D786B3ED016DD81D
:10E66000D9168529CB0061DF491D85B74D2BA5D86B
:10E67000DB19843BCD412D89CB098D120440158BCC
:10E68000F1D8BEA12AF7858DDB4CBD276AC0DEC25A
:10E6900001020000C0006A439CE4210880012BC3F2
:10E6A0001CC767050E61BF59DADF3B8841712D4BEE
:10E6B00098CDA7D8CED16FE10EDFB3F9C1756EF159
:10E6C000064B237BC2508AC30ACE3638D9D18CC1BF
:10E6D000CEF81175D9DDACC88AA83999D87D87D90B
:10E6E000C8E9A59FCB6486628AFB2DF2CEB8E732DB
:10E6F00048C83B7CC738A57BDCDE327AC72DA67ABA
:10E700009EB4BFA8C7F5E9C28E87AAA407716E425E
:10E71000C5A3BA824E5DAF22D8490A88C449EE62C9
:10E720004CDA1BE9C759CA2244CE1309C270895A70
:10E730008E6F3939C67C8E42C84D9FD4DDBCA5D3BF
:10E74000DCCA3F69C318ACCB5AAC2D7BA065844AA8
:10E7500008DD38FD087CCE8B8EE795720FACD9AB07
:10E7600058A21AB907182B93D2C21AA90000DEC307
:10E770009EE49BAAC001E9C29EE7B969417B2FD103
:10E780001A96A7AC0C694FBB32F568A507ED3BD1D3
:10E79000B0A460EC2067CFF190B56CCE27E5FBD13B
:10E7A0003CD6ED85027B054BF2B7FD8C0D60F6C3C0
:10E7B00034CC25A70C60B6537C546C4C0965B5C3AA
:10E7C00032D42D8C092D2EEB14BDAC8D45B0DB4B16
:10E7D0009F86696FC0DEC201020000C0006A439CD0
:10E7E000E42309000162917443AFA71BA9A7DBF2E0
:10E7F000F1E1BE426DADAB3422AB0805F174F156C8
:10E8000063E70A9C50A983DC532FAD5B558377588F
:10E81000D6B3EBDE5DE16F5EF3168CDD55E135DCE2
:10E82000C61B4ED4708616F8429BCCDEE8A36A3E27
:10E83000D28BAFED30E34A76C7A10480AC8BEB1AE4
:10E84000FC3119C079ECD3984F951BC9D98627584C
:10E85000D49B19C849E32754D29FEEC859E367D027
:10E8600042933BCBCDC66E92C69519CF49C73F9414
:10E87000C7B11ECCC9C53E9ED49F7ACC59EC369EFA
:10E88000CC1BB8C4DDEF365E6C9B3DCA788A3A1E5D
:10E890006DB1D0CCECEB439A4A8A0995E4BF528F14
:10E8A0009479C606E19D4B529769E104ED974B566A
:10E8B000A750A6016DD36B92CCE08602E0F24B50DC
:10E8C000A77CE20464B65330F755830FE1BDC1362F
:10E8D000D727061661BAF150B7BF6C18A1CEEB1F4F
:10E8E000A6BB453C2099F31D972D6516B9AFE909E4
:10E8F000AEB36CC0884B43C98EB5FAC0DEC201020C
:10E900000000C0006A439CE421088081CFF356AC2C
:10E91000BD2B0F388AB3D985696608EDC9CBD4877A
:10E9200079A60BEC9CF91686E8EC08E9FC431697EF
:10E9300065C50CF96AD3DE957D840BFDAAC2CD872F
:10E940003244C9D9E46E0E7B9D34CB59E47E0A4D26
:10E95000911ECAF8A4421ACC175DCB3CAF761EC5F7
:10E96000A7CE05E9EC4E5AA37F46047DA9C25AB250
:10E97000A78606FDE5C6D8811A06C451867698F4A6
:10E980008B58C551852794C78B69C778866AFEC3A3
:10E990009B1FC7A4A27349D59974C628A25B4E9E3B
:10E9A000B877C63CE76B5AFA24DEC63CE763D8EE7C
:10E9B000B99CC6B8E7235EBE3F5DC7BCE72B9AC8CB
:10E9C0003B5FC6A4E76618C8271AC6E4E7E28BE4F3
:10E9D000BBE72064BAA89FB7ED270DA09AE910E520
:10E9E00075C615A0D14B30E72D651C21BAE9D2863A
:10E9F000296F07E199D11BF7AD4C0C21AEB919A6CF
:10EA00007DCEC13DACDA8CA9A1E9C0DEC201020015
:10EA100000C0006A439CE421088181C6D35F87213E
:10EA20006EDD80423A56EEAF4DC06CE6EACACE3F8C
:10EA3000F9C859A4728CDEB79ADBC92C3A8CEF0B5B
:10EA4000E8DED94A6BCA7A994ADED9CB5B187D31A8
:10EA500096DC548DF3D8DC0B367BECA5F3D2C737AC
:10EA6000DBC1A54BCB9AF73B09407085F2D8F4B1D6
:10EA70001CD8D9AC625A2E13FBD8496C6A8CDD3392
:10EA8000C9C851EF530ACA9108C82C844308EF2B18
:10EA90002DC0108ADB1ABC33CAC72D8EC38CAD3390
:10EAA000C9C06486428EEE938AD9D1A62E44EE9ACE
:10EAB000CCC9F58226CCD8138CC96D817B9ED81D1C
:10EAC00074CBE08353DECBBC50CE60836ADAC935A9
:10EAD0009CCD68825A0CDDF49DCD7886720ED57D72
:10EAE00091CFF982724EC65092CE75A666CE572D42
:10EAF000AFCED1866744C4B55E8E7CA4D60B82555A
:10EB00000720648BFB998FA1E507E9BC4BDF97AD2C
:10EB10002304ED3AD9169279C20EEDF7CB1E826925
:10EB20004606F93FF996B6AB6309ACB1D9F0F725C3
:10EB3000020080DBF3D2E5AD2C46F5CBEB589731E4
:10EB40005806F1C89907936DEA0BF169EB04FD1AB9
:10EB5000EA4179E4FB4CDE177CC879843BCAB91BD7
:10EB6000CAC465A51B1A981B39C5AD85199BB83158
:10EB70000AC529853099A81DD6DB3484189EB86F44
:10EB800026DB3884109F883F05DB288C109D883554
:10EB900065C8288C115CB82926D830A4389CB82FB9
:10EBA00006D630E561D6A81362CD90ED3B54C81768
:10EBB00082C0DEC201020000C0006A439CE421085A
:10EBC000CF04A566F0252DEECADDE226B042352A37
:10EBD000CBCDE27F14261369CBD5A36F5ED697C841
:10EBE000CE78822610C417EACEE08363925B9B72D4
:10EBF000CFA48122D6698AFFCEA4A3668EEF3F58A8
:10EC0000C520E5F25896AF2A0FEDEABB08A5A50E80
:10EC100008796FE11AA59FD88EE95AC11A92371B5D
:10EC2000196DF44958979739026DAFEB0B9697A879
:10EC3000C5F88C2ACAEB0BAAC77D8D2242D80FEAF1
:10EC4000C57C8F6AC6AE0F7EDBF98D2246D986EE73
:10EC5000F5FDAD324CAE86AAC96D8D1246AB8BE97F
:10EC6000D1248432C68A8ECBD138A41398B90AE94C
:10EC7000D63CA51388991F99D290A51358F82BE973
:10EC8000C694E76398EBBF1CC215EC5118C9BF1AB4
:10EC9000C0DEC201020000C0006A439CE421080FEC
:10ECA00089E8535AEC21EFCB49CD5BC4AF9904C935
:10ECB000D9CC7B869D8B64C9FDAC228594B125CAD5
:10ECC0003CA27A88D8BF0ECFA0874298AC1368D9EF
:10ECD000D5E46B84EA1789DB5DCD6BCCDA1555DBA7
:10ECE000596D7BCCCA9DBCD9594F4B44CE1DEAD837
:10ECF00059CAC344CF954EC8D9CB4B44FC1708CE54
:10ED0000D5CFCB4C4D1324C4F5AF43C44F9FC4C6DD
:10ED1000A4EC5B88DD133EC3B8E57606DD12BCDFEC
:10ED2000AC4D9B4CFC333C06B0C9BB4EA7BF7A81AF
:10ED300035A9DBDCB5656302E54BC389847CA50599
:10ED40006507B3C885F9851C65F9F3C7B37B220253
:10ED5000E14DD2C3B1C9A6C3A9EAF280ECB2CDC0DD
:10ED6000DEC201020000C0006A439CE421081C814D
:10ED70002B52DEE4BD0402F88447CCA6ABAECBF444
:10ED8000822E94CC1398CB51A22F08C49B89CAD54C
:10ED9000866F0AC48AD8CFFCA46F4EA71E0D0DEC57
:10EDA0008CAE0C82F76218E9F8BB5AB67566056935
:10EDB0003A5BD2E568CD0FF9A9911A84384925A8A4
:10EDC000AB8916A6208E40258612D2A43F6CC8F1CE
:10EDD000E222CDBE9766C8D54262CDBD1B27C9DDF4
:10EDE000653206A98B04C949656204D90B64CBD985
:10EDF000C47604CB990DCA59C576087A11A9CFD12A
:10EE0000A562146F152FCC51A76E9E7415C8CCF84F
:10EE1000862794F61DD6C724E732EAC21B1DC528F3
:10EE2000E73228C2916BC034C4D656F3B5FD401CFE
:10EE3000CE6E5CA7119CC0DEC201020000C0006A59
:10EE4000439CE42108810169D91AEF3B0500390888
:10EE5000D91CCDA90E04D55B5B9E972B020D752E98
:10EE60004AD98679C628F32CA118B241851AFD2B00
:10EE70004B8483A286DAD48C4BCACB3378DB5DAE6D
:10EE80005B0CC9B9A8D9D9EF4306D92CAAD9D9ACFA
:10EE9000F90C48116AD849E4FB4E5B1D0AD859E6C3
:10EEA00042486F178FC8F5A24A984D12EDC8658386
:10EEB000528ADC228EC87DA1428CCABEEDC8518622
:10EEC0005A0C599759C8FC86521839B11AC865812D
:10EED00053124DE095C8E5837B5CCAAC50C92483CE
:10EEE0007B164EE070CF94A33B307FE51CCF0CA384
:10EEF0001134645D38CE80C61B36FEABABCC80428D
:10EF00002290FFA30AF488C593DAACB56905D08FC7
:10EF1000F2CEBC8ECBCFDDA627C8CD1BD8CED9E78D
:10EF20002F987D951ECE59E42E987F157ACE49E410
:10EF300026987F117ACFCDAC6E8ADC951BCDD98D0A
:10EF40002EDECC1F38C45D8C6A1EE5991DC7708CFF
:10EF50006256F7155EC67C853E96F695DC426C8659
:10EF60002796A118BCCBA8A6367CF11518CA10E6C6
:10EF70002E52961159CA0187C394EDA904C001AE5F
:10EF80005BD4A7E50C0B80D653DED5A30C00312E45
:10EF9000C314DFB7CE2DE9CACA9EA56F0519E5894E
:10EFA000F247B1F12404616DDA4D90E3E640A1ED42
:10EFB000BA808232C50131C5F202E49266C0DEC277
:10EFC00001020000C0006A439CE421080981C95A7B
:10EFD0004CE639904049AF66C8C49494DE454C264F
:10EFE000586F1924DF45CC7A186D91C9DED48C7323
:10EFF0009C4DB51BB774AEE35ED4A57E05649C4101
:10F0000016F5BB640EA156231EFC172908E5F771FF
:10F0100014F49FEA40788F4A88C937EECBD9AC7A8E
:10F02000CA4A17B8CED9ED3E4C4A9B89CDCDCF2EDA
:10F0300044DD1128C45DAE260A5F934BC55C8DDAB2
:10F040009A2D31EBC7D0AFCBDA7E1B0AC6F4ADCB1D
:10F05000D82E17EEC324A643D84EB7AAC2A4A2CB7B
:10F06000D87A3951C2ACA6CB587BA76BC2B8E7DBC4
:10F0700008CEA34EC338E6F30ECA61DEC33CA653E6
:10F080005ECFE1B7C3BCE5639E4B65E4D738E55B73
:10F09000D84E75C2D83CCCCB5A3860E4C29048C137
:10F0A0001A2964C9C0DEC201020000C0006A439C84
:10F0B000E421080C15CF3E5A44B367D84DC4665AB4
:10F0C0006D116FD941C57E8A7F1B6CDBC1C46E8C0C
:10F0D000CC9F6EDB4DE5564C4D931ADBFD836644A9
:10F0E000ED16F8DAE9832A0AD91E24D9E0836A9852
:10F0F000DF6492C9ECE66ADFAFAD220CE48A5B7193
:10F10000F6A0A50BE92DCB948765C505690BD31631
:10F1100082ED47056DC8F35D82650319F88CF2C86E
:10F12000AC2A06DA59A52E587B9B5FD949CC3A18F0
:10F130007F951DD9C9446204DF0F77C96CA7EA8C9B
:10F14000E72F35D96CA642D8CE1A4BD87882560A0A
:10F15000DA3139D961832B944D2112D83883339415
:10F16000D4FDF0D894A6239E952AFE812D8CA35C15
:10F17000FC216B45794CD248B5FD23407D2DAA84F6
:10F18000ED968659FC8777D8DD16C5CB5582269437
:10F19000F5957ECB5DE367D257157ECBD5A36FF097
:10F1A00052B594CA518367F2C311B4CEFC8327BE13
:10F1B0004299DCCD6C812E6A428B3EC4E0A33A6456
:10F1C000C209DCC760A32BA2F11C96C7ECE252F186
:10F1D0008314B3C6E0E25A9DB695D7C6A8E27A5822
:10F1E000D935DDC230C63ADCC8133DC234C62A5C0C
:10F1F0005B2F7AC630C63ADCCBAD3FC6B8C62E1CF4
:10F200007B3BBAC6A4C75A9418A5FDC6ACC75B928F
:10F21000182C9CDABC46A3982820FBD5904FDB5EC7
:10F2200028399EC0DEC201020000C0006A439CE48F
:10F23000210805816493D8F4AD6A197D66BAD89225
:10F24000B74A4851837FDAD513DDDBD9E1775A44D9
:10F250000F0ADBDDE16F5CC59D6EDBD1A13F30564F
:10F26000B188DB75A117B861113BDB55E13FBC5399
:10F2700091BADB5DE23634F2918AD9D1A51E30C451
:10F2800019A9D8D5A522165D9DD9D85D875E1A4EDD
:10F290009948C8C5C45606FC9DDBCB49457206DFBC
:10F2A0009D18CE79825A8CBD3BA2CD60814384AE3D
:10F2B000B38DCCE482430AC9ECBECC7987D98AC825
:10F2C00068EBC4F88CC98EC8798DC4E88CC1CC4871
:10F2D000508FC5788DD88EC8698CC7F88CD08AC8F5
:10F2E00078EEC2E88DC98CD86C85C6E48DC1C4C8DF
:10F2F000FCECC7E0ACD88EC875A4C3E48E498CD8AA
:10F3000079E5C3E08F498ED86987C9208C410C48C4
:10F31000758ECA2CA5F148C869E5CBACE8F0D8E8F1
:10F3200011C651399C6188B8B18CC0DEC20102009F
:10F3300000C0006A439CE421081385CAA31EF49709
:10F34000ED0679845698A6133DCB55A3269CCC890F
:10F3500008D8DDE3679E4C99EDD871A22F5A4C1D59
:10F3600068806584FA0AE4153F86A1EFF39AA797AF
:10F37000DA06ED69D35AE7B68B1F797B5B1CE7BBD6
:10F38000380C756BC1DAA4BECDDDFDA5331D8A1F17
:10F390006BDDE9E5191A983303DCF9E511DD980D09
:10F3A00021DDF9E711D7FF04A7DAFDA63B539D1D28
:10F3B0008FD9E9A57E48A53DF3DEB48E4388BDBD57
:10F3C0006A0EFF06E28E87B38C42E507E31ABC3F64
:10F3D0006B872506FBC9943B261D249AD3F0A661B2
:10F3E000E505A19DC2B0D7A96C0DED06C2F2F4ED02
:10F3F000C60BE9A8F3F0D52B2519E5FBCB32F2D1EA
:10F4000067096964FBD9B267E64071C42644AF0A54
:10F410000BCB5D272E0C4EB4F0CE71E4664E6D31F1
:10F42000F0CE6C8E52CAFF193084E5BA4B52C4211B
:10F43000EE0E7D4CCA589236214BE8843E9CCF0E8E
:10F4400005CCD084669AD4191AC6F08C2ED6D69BD9
:10F4500039C66CA56B7AC39A1BC220A7735E9D8DBB
:10F4600053C224A75B489E189CC224E55B48A91C94
:10F47000DAC838E46358D83CF9D330C52B8AB89041
:10F4800052C810E733CA8BB070D390E62B1CE999B1
:10F4900030F038A2239C4B3F9CC5A4E27ECAE9927F
:10F4A0008B88E4E79B8FA4614405659AB89B9774A9
:10F4B0008706E09DF992B24C4C0C6548F9DF9C211F
:10F4C000E50CED9BE1D68C298C156C98A919A6E565
:10F4D000051C25CDDB85E7E92D3FB4AC4204BEAF6A
:10F4E0000AC0DEC201020000C0006A439CE4210899
:10F4F0008101E9739CE5A52800030F5312C72FC8AB
:10F50000447DE5FB18FD3789C47CA7CB48CEA174A8
:10F51000CBE886CB46D6431CC97DA64BC4D25D72D0
:10F52000CB716763CCF3C09FCBD54D6B44BDB54E5B
:10F53000CBDDEF4344CB9765CBD9C45ACAC417C9B6
:10F54000CAD5E72EDED61ABFCE69822E94D29B771B
:10F55000CD3CA1569EF23934C000854294F4AD5A98
:10F56000E02CAC2354DCAF3BC8ACA22ADCCB1D752D
:10F57000CCE8837A1C4A32C9C4F8A76ED8281A8905
:10F58000C6F484560C781519C6FC84724A6839BFD3
:10F59000C268A442CC783D9AC5E4CAB30CAA9E8F37
:10F5A0000FE08C460FA7B28421E5AF5AD9ACB96DF4
:10F5B00012A1CFA31FA7E70632A094C35FB2210513
:10F5C0000EA5BC49508279470C60BED31286F485E3
:10F5D0000EE19BD330B269460020F4D1729261E60D
:10F5E00005E0F8EB568661051DADECAB1FB7616D0C
:10F5F0000DBD87A349E4AD2FCD1CA442C49B1AAE18
:10F60000C0DEC201020000C0006A439CE421088100
:10F610000009439CE4210800014BF1DA95392F18C9
:10F620006DCAD348FC33DF3C5324F31ACC9A7809D3
:10F63000D57BC14ECA324FC8D1DF2B4EFF63E4D910
:10F64000558D5104B8336AD9D1EC498CA83C8DD87A
:10F65000F9A2C90EAA2DAED86DA17A8CF9B990CBBA
:10F66000AC862B9ADCFCF0CD10A62B9CCF6510C38A
:10F67000ADABF1187CE15E0FFDABA348E5B11F080F
:10F68000D778F9DAE6311840F50FA95A4CB1FA4AA1
:10F69000F1C6428EC5F9DEC475AC53CCE3F5E4C7C0
:10F6A000F58FD90CF52147C675AF4B06FA3505C65F
:10F6B0007D8FC10ACA9105C2E98D4344C9358FC205
:10F6C000E08D5B4C5E6D8BD3A0A47298CB3D92D144
:10F6D0002CCDE34EA9AB69172089429FB73B0F1B86
:10F6E000E0FAE31686AB0C1EE494C150B5352B0E40
:10F6F000E579F1DBB6272D86E16EE31F852F6500E6
:10F70000307DBB16E5A1CD0B6D06FBC98F1F6F4683
:10F71000E999989EA4E94740A12491C983712BC01F
:10F72000DEC201020000C0006A439CE4210800110F
:10F730001BE15A92134C15C9D9DB14E5B38242512F
:10F7400005A38C96F7060DD306F2CD862EA340D4E2
:10F75000AD5A585B9625D959844B58481B1EDB5926
:10F76000CD530CD991F9D949CD5B44F8B4BBD9C973
:10F77000CD5B46F8388AD849447386D8388BC84957
:10F78000C45286C8B1ABC9C9C452CC79B19ECB4969
:10F79000C4724A7E3148CAD9A4560A5DB119CF5500
:10F7A000847A5C6D93C8CC78865ADACC2B38CC201E
:10F7B000A27A98FD3E8AC42CA36A4CD81E8FC4A09E
:10F7C000A272CED9B97AC6E8AD4B86C811DFC6742D
:10F7D000AA4BC6E919F4C2FCA973844810B0D664D8
:10F7E000EE53883839FFD260EC4A88283F0FC6BCF8
:10F7F000CDEB48683C89C01C8FF3C4683D4AC0DE2D
:10F80000C201020000C0006A439CE421080C9DFA7A
:10F81000AB9CC2312F0954E6865EC1A724CBDCA283
:10F82000555E72ABA6C9DD816D9E269EA3D855A0FC
:10F830006512268AE3DB55A12D10669383DBD18305
:10F8400015F21793C3DA71831D3C1693E2DA7183C4
:10F850001F7A229683DA71831F7A529746DE70826E
:10F860001FAA621326DEFCA61A2263B3C2DF68A2B7
:10F8700032A2678B4ADA64A22232E6357AC00CA142
:10F88000461CE4336A80018AF318B4AD7AC3E0AF52
:10F89000C24C4AB68940ECE8E3D82F8F74687C8369
:10F8A00067DCE61B1EDA55E02770539D0BDBD5E1C4
:10F8B00027F253110ADB49C32790C2957BDBC9426B
:10F8C00017D4F6991ED8CD476EDA7C9D7CD8D9A482
:10F8D000721A2F11D0D87CA7421E7DBF77C079AA9B
:10F8E000C2CEEEB68C0BE599A358B7692C0A6D9D74
:10F8F000D31B8C9F650D6D2BC39D8769A30564ACDD
:10F90000D20B856BC7CAF58726987A0917CA7887FC
:10F91000661C2A8950CE20833A5479315ECBD18639
:10F92000269ACD0A4ACE59A52E9EC49B88CEDDE7E5
:10F930002E9EF79B5BCF59A67F96561A6ACD5DA285
:10F940006E90560A0ACC5182679EF2369BCCED82AD
:10F95000278EDC9E09C008455A5CE52E8EC3ED84D7
:10F96000CB9ACFB2ADC768852349B81B6DC56485F6
:10F97000230D88259EC720A52B0888250BC724A703
:10F980002B4B88276AC738A62B5AC8570BC528A601
:10F99000234B983D3BC5A8A263C9AB193CC410C317
:10F9A0007F88953B2AC6F1CFE1DEED3FA70F7C9E15
:10F9B000D998BFE92742694AF9CFE6F9270C6D9932
:10F9C000F904842FC6C0DEC201020000C0006A43F1
:10F9D0009CE421080A0917424A76B9CB13FD52F17B
:10F9E00050612DFB07D15DE35C43B53E0250A2D7C9
:10F9F0009EE13739DB55832752D33109DED1821599
:10FA0000D6529BAEDFD1A31530529BABDF75821F60
:10FA1000FE639728DFFC82371EA3B329D93CA23F9F
:10FA2000D8FDB3588261ECC28B823D7A40614CEBC9
:10FA3000845F9E9BC6E4A7F608DC0F9EDBF1822E56
:10FA400050D70FFFD8D1A16FF0728FFBC859E327B1
:10FA500056C3368CD849432696D3B78DCB4D472F06
:10FA60009AC71F28CB49C42F8A4C1BFACAD18F2AA8
:10FA70001E2F35138BF8CEEA4EDD1A0A06FD9A4387
:10FA80009EA6FBA302795A5BD4B2F702166F19CB7C
:10FA900056E5EC8C1EEB1F53D6F77C8C01EDFCC3B6
:10FAA00050DD2487067997CBDEA5EDA600EF09A3EC
:10FAB00012B2EC8107ED6BE312A4F8E20F6924FAAD
:10FAC000999655A247518572087B1B9FCE594C369B
:10FAD000844D91D6CEC50766C4F7B176CED9272717
:10FAE00086D715F0CDF1667E44C49590C011AD1651
:10FAF00088C52914C001C46A9CA527440000BAC364
:10FB00005EE4AF0E0300D66B9CE62978000D784BBF
:10FB100054E6ADAD09514BF11A85138500754BCAFA
:10FB2000C5A32BA3C37704DAC7A136E30C7D995A8A
:10FB300084FE8A25CB508D4BCAC93DFCCA5DED437E
:10FB400004C9A89CCCF18FF18448E4DEC4718FD144
:10FB50008CCA74D8C4748FC90C486CAAC77CAFF126
:10FB60000E28ECDAC6F8ADDB482A6CDFC27CAD4A61
:10FB7000586D113CC2ECED7E1E5C9B5DC2ECED72DB
:10FB80005A4D9BD5C1A4A65A9EF537FDDFB4A62ACF
:10FB90000CF4220EDF90E6360ACD624FC910E22245
:10FBA000DACC664ECA94C27AD8DF3BABC03CCC4AB2
:10FBB0008EEA97FBC294C9C95A5BAD29C00068D1CF
:10FBC00018EFBD28C0DEC201020000C0006A439CDD
:10FBD000E42108800302CA9CA2E48BDB34A333A097
:10FBE000723D2ED9ECA31E2436350DD974A21F3ECA
:10FBF0003715CEDAD082157226910CDF5C823592F1
:10FC0000321344DC51823D1AF392ADD5FD83268830
:10FC10004A8E6ED568822E48C99A89DC64A376C85C
:10FC2000CF335BFAB0A1DE5845257D80ADACFA92AA
:10FC3000C7B52BC251258B5CD56D4603F50DBBD8DE
:10FC4000E5AB458D7504BB9ACC8A0642F883CE702D
:10FC5000649349DF75821E7CD290B8DF718216E80A
:10FC6000729524DD7C8612E073954CDFF8A613A014
:10FC7000D0919FDAF8A61AE0519555D8E4A37D44B7
:10FC80009231542BE8AD8298F779EB0CFDDAE3441E
:10FC900096A3E436F909A30992E305066D1BD91270
:10FCA000B261240C695BF91CB7ED6C0A6DDBFB04D7
:10FCB000847D675FF4837FDAA71BBED9D1A16FB0C3
:10FCC000561BEBC9698126786387DBCE24A23AEA0A
:10FCD000C38B7FC008A66ED6A2AB2A4275CEA3D82E
:10FCE000A7A5580C716FE28482FB460D752ACB8E56
:10FCF000A49E640D509A4B8CB5936C49F0ECDB5A82
:10FD00005BA948C9D9EEC14C49BD48C959CA530677
:10FD1000D831EBCBD9EED144C8B19ACA59AFEB0474
:10FD2000791149CE59ACD28E2E1528CF5587CA5895
:10FD30005D1B48CD7981F3C8DDAB6ACC60837A580E
:10FD40004EB134CC38A33B96499777C468A75E0977
:10FD5000A32D9E0EF884D272E7E0E518ECFBA332E7
:10FD6000E4A4820061A9F3B2F2E5074E68866683D7
:10FD7000E712CCC5F58436C2D81F3EC57D8D22441E
:10FD800059B994C7748E2244FEBD1CC7F48F224417
:10FD9000EE9D11C77C8D2246AD135CC7E8AC6AC4EA
:10FDA000BD33D8C6ECA46A46FE2FC9C6A0A57AC446
:10FDB000FE1137D528E7224AD98950D52CE52A0CDF
:10FDC000D80935D72CE762D8D80F3DD7B8E72258E5
:10FDD000D99994D2E0A43E4ED8310BF3ACE422186A
:10FDE00058354FC438C6AB8E5815699310CFF2C240
:10FDF000FB076DC100CCF284FB150BC0DEC2010213
:10FE00000000C0006A439CE421080781A7AB8882F8
:10FE100036A5C590E35648BC338EC528E1CE0B8786
:10FE2000BFD8F624E3E29AB43F68B764CDB15CE48E
:10FE30009175C368E5439EEFB57FCFF9842B0E988B
:10FE40002A86CF79A421CAA86B27CD79AC21C8F81E
:10FE5000792DCCFD8D63C6D83205CC71854B984C7D
:10FE6000BE08C478866ED8459E1DCCE4C566D4E233
:10FE70003209876CEC8284A5A7ED19E4BF9158ACD8
:10FE8000758602E9FBFB5887D5A6046D9EB199954E
:10FE9000EDA3036DBDC349F621C60AEF09F9DD865E
:10FEA000E56204E34BC116B675E70361E9B99697BD
:10FEB000616507A09BA11F8550A604AD98528F9E37
:10FEC000688CC0DEC201020000C0006A439CE421CD
:10FED00008C001E22A54486D44C960A23618C871AE
:10FEE000EDC979823E4CD8698CC9F5A36644A8292E
:10FEF00065CBD1E66E04EA96ECCB59CC3EC4CA1B66
:10FF00003BCBD94C2E0E4E153CCED5EC6E02DF9D70
:10FF100017CC20AC5AD8FD2B3BC038CAA318BD3132
:10FF20005BC5E48D5B08999B09C56D84234CB83B88
:10FF300049C7E084230E982BAFC624AC2908982328
:10FF40002EC238AC3918A8659ACA90EC31DAB86577
:10FF50007DD810E4399CB8211BCC90C653D2CD2E4D
:10FF600088C3148C531ED9B7A9C0DEC20102000099
:10FF7000C0006A439CE4210881030FCBDADD1F6EC9
:10FF80000C355A49DEA72D3906A1BC4118B62BEE17
:10FF900008651E499AFC32EC35653F5118FD0A6D23
:10FFA0003C6D38D90AB5160C517C85CACCBC1E0BE9
:10FFB000C9DDE75ACCCA13EBD87D83524CD8955B88
:10FFC000D8698353DECAB4FDDB51A3521858893A6D
:10FFD000DA4DC52ED86B1968DA4DCC221A4D9779B7
:10FFE000DAF487561AD49A9E80648BF39CE7ABE5CB
:10FFF0008FF94FE354A623470D7D24F2C981F742C0
:020000041804DE
:100000004071877EDAA71A0EDB5DA62E9CE21F5494
:10001000887D8227D6428A74C031866E92271A481C
:10002000CD04E56630462F7ACF6B0AD18A293ECFC0
:10003000C07DCAA346B4AEE6807B2D91DA957D459E
:1000400005615BCB5BA2FC8400A19BE11DB37DA796
:1000500033E997C116B6F94205FB1B41F0A5B9C5B6
:1000600006FDE48970E5B5EA00348DB350F6208BC7
:10007000C061877B9AEE16CDC959E57244ED0E89B1
:10008000C959EC620E4A9B7BC95DEC6AD86B091CAE
:10009000CB5D8D5B9A7A8FBDCA558C42987A895018
:1000A000CD548DDBCA4B1D57C4548FDB087815D750
:1000B000C77CACDB4ED8891DC6ECAF6B4EE83D9ECD
:1000C000C524ED6B4CB92CD3C93CED3B18F86595B4
:1000D000F2B4AC311AD87195D610EC1318E875D873
:1000E000D590E52B5AE97579D3B4C5CB58EEED69B7
:1000F000C210EB591AC825EAC0DEC201020000C0D6
:10010000006A439CE42108810009439CE42108061D
:10011000809BDBD8D5E1084BF89AE988CF3E4DC9E2
:10012000D182768A4F9B79C85DA157D8E60B98C8D3
:10013000D1A07F70229B3EC971816FFC169FAECF0C
:10014000E88166B863978FCF64815636F33EAFC0BF
:1001500010E65ED0459A67C080E4429CA4A50E805C
:1001600004EBFBDEB6974941608AFBC8B5971AC617
:10017000A14BE948DDB379C3A4E9D3CECEB35AC0CD
:10018000984B5A06DA328AC30045FACEECABADC0C2
:10019000DEC201020000C0006A439CE42108810124
:1001A0004B4B5EBC3B0ECE00C23216ECBE8ECF80F7
:1001B000E3221CB4E968C4F9A54B8CFF33F7DBCD0F
:1001C0004C7B84FE1F18DBC52F7B86AD117AD94D81
:1001D0004863CCDA95F9DB5499C308CD1F57C06446
:1001E000A8E11A7C96BF0081994298E523E7006157
:1001F0006BDB58F73957C2FB06CBDA4D375DC07B56
:10020000239B186F1EA819FD89CBC8D41269CEDDB7
:10021000CF5B0EFE931FCC5D4A710CAE0B2DC769F0
:10022000A97944A98D2EC7BD8C71D8D8350CC009C9
:1002300085639E9C1628C380EF73DEEC92288001B4
:1002400098411CFDE1D90000F57BDAF4216B45A152
:10025000EF5B5EA5B3B88D90E85BD887333BC0DE1B
:10026000C201020000C0006A439CE42108DB81A4B3
:10027000C39A5EA97ECE3CA36398DD709ECF248393
:100280002288E2C15DCE6D826A0CC255B6CE7DA6D3
:100290003EC87CB9E4CE74853F884F973F8FF8A75E
:1002A00057C5A17F66036CAACE05C261E705799C9C
:1002B000D31593FCE7056CBDFB1486ED6207285748
:1002C000EB19867D450224B7735E97BBCF1FF12CD7
:1002D000A3499565A51CD32DEB0C857945407C86FB
:1002E000A308AEBBEFDB7987234A9ABFEED879E744
:1002F000331E9B93ECC9EDE7389CB82F24CA61C22A
:1003000038DC982F47CD21A7309F983DCCC52D854F
:1003100038DBB8A884C7BC84319AA82561C7B8ACBB
:1003200031DAA821E2C534EC209CD821E7C6B0CD53
:10033000615CC82186CD0C64D158E9ACC9C0DEC26D
:1003400001020000C0006A439CE42108C000ECEBFD
:10035000D8E46F6DC43CE27A18ADE90ED859A7CB4A
:100360008495A57AD9CD4C2AC4ED134DDBC56D62B9
:10037000C6ED9709DE414A7384ED9D55DFC5E8C39C
:100380000E5A9550DED48FEB487E1D71D874AD9314
:100390004ECF9BFE0028B872C8E5B77D0FFD2AE955
:1003A00016D5134A06D75561D6F6376E015D7369C7
:1003B000D0522D78DBD9A3460CFC397EDBD9A35E65
:1003C00088E21644DB59A37796760ACFD95DA36FEE
:1003D00054461109D9D1A16708E79B59CBEC866631
:1003E0008EE4A578CE24E6D2089C1D1EC9E8A6EBB3
:1003F00098ED3759C855A74B869C9ACAC859C5620B
:10040000849D9A6EC8D9476A828D0A0FC951473AAE
:10041000858F0A4FCBF5C62B8D9F974DCAFDE623DE
:100420004FEF91CFCE6DA63B59461DF8CFE5A22BDD
:100430001DE7328BCF24A75E0AA73A6BC5ED0642B3
:1004400088FFBB1F0F7DCFCACFB6AFE6437905CA81
:1004500003A21EC648F8A56F88490A06C775873FDC
:100460009E6E8FFBC3F9863FDEF48EA8C26486378A
:10047000D4F58E0DCC94C23A30DF0ACBD418C232F8
:1004800070ECB528CCACC7835E979C9C41384B83FD
:1004900052D11E8F0DE1F34B1076376D007DD4A93C
:1004A0001663B2E704533FE11473B7CE1771D6F366
:1004B0005E43BB4F00FD1EE31232934B01F52483D4
:1004C000D443338B0FEB2C835EC13B8F167927DA35
:1004D00054F3335842A18A4618B0AF69C0DEC20156
:1004E000020000C0006A439CE421088101ABD354A0
:1004F0004EB9AFF080C363909C3F84CA00C122967E
:10050000AEAB38C479A64AD8969618D94DED228E4E
:10051000A43368DBC96C2A8ACF9BCCDA4D6F6A841E
:10052000CF9B4CDA4D4E738ECF1DCBDB59EE7288CC
:100530007D3092D8F08F4B5E4E9112802188C3D8C7
:10054000A4BD388673DD789C93175903718483C6E4
:10055000EDB5FEC9DDA2778ED4B30DC9D5E36FD852
:10056000E21EE4C95182675CF29758CE64826790BC
:10057000471F59C02DA4A354A629EA82E96DBBD216
:10058000C2B8FF19751BE114D3B9D80751A8831657
:1005900043936705716783D6739F4E57F0875E4A12
:1005A00045BD3FC855C74ACE472FCCC9D5C443C463
:1005B000CC2D4FCBF1EDD94E4EBDCECA75ADC10C91
:1005C0004B298CCFF5A4D94CDBAC8FCC7DA5D14C7D
:1005D000CE208FC56884D9184EA5EEC7788F430CFE
:1005E000CEE0ABC2788EC94EC89189C668AFCB0C3D
:1005F000C9BC8BC2E8AAD90CC9B189C3E88B5B0C12
:10060000DBBCB8C2ECADD30ACD61ABC33CA7225A68
:100610007E61F4C1148613925D6975C11CA632B067
:10062000CEB57ECD18A57296FDAB0B8005B7DBDA93
:10063000C61558002DD7D118E2BDDB44796B831C59
:1006400052BD6B0D7D3BB91E4795DB0D752F831693
:10065000661D4905FD2A93122391F30EFD4F835C1D
:1006600043B13E05ED2D8358D291DF4029E683C882
:10067000E3259FC0DEC201020000C0006A439CE483
:100680002108CF030D4948FB9DD5C2FDEDD9CE48C9
:1006900039B9C95DEC430C782D4DD9D9CCD9C4C832
:1006A0002947D949CF5904E811ECD9D9CD5306E8E7
:1006B000154FD9DDCD73049E9D6DD9D1EC7344E700
:1006C0005499D8F5E573C4D3C196D8F9C35284C1FF
:1006D0004DFED87DC272C6D1CCABC85547528445B9
:1006E0006DC5C8D9672646E7BB06C95D453E4AD4F5
:1006F0001B1ACAF48F260ADD1A1A8C788B4298B618
:1007000062CCAEF9E843D884F566176D5E4B5BB7F3
:10071000ED871E790DCB8D94F9264D74855E058489
:100720003A67C8C9E526C2EE0B09CB5DC42E04B4F6
:100730008BDBCA78AF42C8B73E0E8669A9CBC985A4
:10074000E3E603E99FC35CBC78A51D7909F316B6FF
:100750007D430A75AC52C9E7A281CE558C7384D80B
:100760003D3DCFD98FC904E810BECD55AE414CC830
:1007700028FBCCD18AC1CCC8A0C8CC518A4144C87E
:10078000E0B8C4D58AC9C44864E9C5D08AC9444818
:100790006C98C574AFD10E2864BFC550AED34E5A05
:1007A000B4B5C5D0AFCB985F89D1C5FCEC521E7CE7
:1007B0001730C568E54A90D78BF6C5E4444610C3A8
:1007C0008A9D9320EB72DCE70950C0DEC201020073
:1007D00000C0006A439CE42108C001C2525896F54B
:1007E000FAC58CE13A489B3F4FCD28A17284999B72
:1007F0000BCE6081C344B8154ECB6883CB0AB81BBF
:100800002CCB6C83C1598A9BA5CB79A6630A9839F6
:10081000AECBFDC569CD8834EFCAF5C4614DB90DC5
:1008200005CAD14579099F8B24CEF1C56B4D8F8BBD
:1008300065CF6D857B8AAEB56DC025AC4A5AED1C7F
:100840009801FDE4C29EB595AECC79842B8BBA1786
:1008500064C7ACA42B48F8516CC730E4295AE8713E
:100860002ED730E52318A8708BD830C75319883499
:10087000BBCE9C44F1098D297ACD98EF4314A4BBDB
:10088000C8C404EE435E972B4EC0DEC201020000D6
:10089000C0006A439CE42108C200AA2A14F5E52A94
:1008A000F480C13ADCAE3EC4C418E11294C827CB30
:1008B000CC18C312D4D92FEFC414E3339C58320D93
:1008C000FC94E3329A582E8EF608C31218C963CDF1
:1008D000C67887560EAE13CACBC98C7A42BD1A2D84
:1008E000C94D4F62C2EF9768C94DC95B4E4B9D5BC6
:1008F000C949E849186B95EBC9C9EACB187E11DBE9
:10090000C9558FDB485B1175CB518D4BD87AA4D07C
:10091000CA71844B8A5A6052CF60A252CACBA8D106
:10092000CCA0A37A58C891B2C4A8E36E084AAC9C84
:10093000C72CE37608C9B5BCC728C27E08C83338BF
:10094000F128C27A1848295AF138C6625A48293B18
:10095000D310C63B92D813EEDC14C2625E9CB11A6F
:10096000C28442CA1895AF0E1AFD04C35984BE8CC6
:100970000DEC9AF9199655EC0F618EF383C1672C33
:10098000062DEFDA83D1E52D2B108ECA8D97968434
:10099000C0DEC201020000C0006A439CE42108C618
:1009A00000E63A10A6E72FD130C32B906AB60DFDB2
:1009B000B8E33AD65A960ECC20E36ED84F3EA9CD76
:1009C000ECE356C8FD1EEACE70836F4EF48A0FCA60
:1009D000D9822F14C21E0CAC5D832730268A0427CF
:1009E000D5816732221E24CB50832F747396CDCBD2
:1009F000D4832D342116C4C8D181373A339BAFD864
:100A00007181377A711B49DB74821FFA411D7ADECE
:100A10007CA60A24D319DDDA68A60A2CD28D1DD94A
:100A200020A20A6EA1095DC3A9A11E7EA18D93C05B
:100A3000B9E31EF822195500A16736D6D79B3AC8EC
:100A4000FDAC1AB0F53138C9DD8C1616D41B59C966
:100A500049A726D0471BA9CAD9A26F90C39FABCB89
:100A6000F5833678431B1ECEECA23EBCC11159CD96
:100A7000BC82769893AD5EC63CCABBDCF729A98AD6
:100A8000EDDFEB5CC7132C03F53ED3DED6BB0418B9
:100A90007D7CEB1C47B70D0CF70C835442110B0007
:100AA000FDE7FA1EA33338CE59C63508C49F2DCDB5
:100AB00059C526987DB32CC459C476186DBDC9C5D7
:100AC00055EF6E186C956FC5E88B62DE6D91DAC1DB
:100AD000ED68728E6E8B168763496B8CA5955440BA
:100AE00025B5738EB71DB6C034F17358D417DB0625
:100AF00018D25B5EE6B51AC60D9FD95AB22D5D05B8
:100B00008599F358FC13590C84B27308DE1788C119
:100B10009DB56B58A7335A1A90975348B73B381175
:100B2000B5DC5B0AB7B38BC0DEC201020000C000B7
:100B30006A439CE42108C080E22FD6A53169CBEC42
:100B4000E33E68573907C9F8E33EA866BD2DD8F4DF
:100B5000A32FBC4297ECDA74A217B4521A4CDD7C76
:100B60008236DEEC8BBBDCE0861258D817FADDA1AA
:100B7000A20A98F83E08DD21E31A04F833F7C4A569
:100B8000C37A467817708C2165C2CECC9972CED7C5
:100B90000636D86D9BDCC8C944169A4C1B58D9C17F
:100BA000653E9AC51F68D8C5C77E9EC69D55D85953
:100BB000E36E92C21F3BD9F982275266151AC7B954
:100BC000E35694D72B6C802599A396C393441FF7C3
:100BD0005C439C513F2C05F53893DA56138C02F593
:100BE00050C91456132A147707839AD2157E407180
:100BF000A72FDAE7932ACFD9463708C4976FCDD904
:100C0000452E986F130FC459CC6E1A3DBD4BC5715C
:100C10008A621E1F196ECFE8A843DA3E09D0C26768
:100C20006E73CADC171542E36A4BCAE41DDCCDA51E
:100C3000B553CAE4B15C1D319573C8EC0ECB4C982A
:100C4000F4C31AB62995070D99EB1EE6B51B4204AD
:100C5000B5C11EDC9F980E0C9CC108FF13889095AF
:100C60005A4B4EA413D99AB5967348B6B7A8193102
:100C7000594348B73719C0DEC201020000C0006AFC
:100C8000439CE421080F09EADB5EF7A5E649C5CDE0
:100C9000261AD41B0CC9416D365E4C9B66C8414D6B
:100CA000661AC40B47D841E4DA58D48B47D941C4FB
:100CB0007E486E8B2AD94DCC62586A9CB2D95DE4CD
:100CC0007BCCD8135BDB71A57B4EE8272DDB69A2BB
:100CD0006BCCD8516AD86C86629AAAA1DDBF68AF86
:100CE000A95ABF2B4E477948F99E87FDE404E9DCF9
:100CF0005970A761C615E928F15487A5051BEB6A51
:100D0000F35A86E7261B792ACB8A95A3A759D5E201
:100D10002F58F40B3DD8D9E36F9CF709C9C85DA1E2
:100D20006EFE22196AC8D1A1662A32092ECB7581BE
:100D30006628431DCAC9F98122ECC11DABC979815E
:100D4000627AE11DFACA208323A8F29DDECE1CA19F
:100D50002B7EB71129C7B8C4BB56E5B97B0C7545C6
:100D6000D29CD42FCA4AD1836F96F70A4FCA5DA38B
:100D70002F70750909CE558327726719DBCE7183F1
:100D80003FBE279DCBCEF18166BE43B1B8CFF48183
:100D90006EFA4331A8CFF881622EC131DBCEF883E1
:100DA000222C7111FDCD6C812668439594CD2CA326
:100DB0003A38D68D35C010E74F9AB6AD3814E9678A
:100DC000AB12D53BCE0C7D0DFAC8A7FD230C770FD7
:100DD000DB8B915DC202712CDA4182BEC7D550AC6B
:100DE0004AC85BB3CBCD55EF73C4DA9D64CCD5ABA9
:100DF000414EFA9547C4F58A4306DBA4ECC7F48D4F
:100E0000E18CC824ACC7DD8ACB8A5E1D6BC7F18D2F
:100E10002E1E5C9555C5EC873A70C68A55CDA4A7A1
:100E20006E14C79619C00CA47A16D36F49C600CCAD
:100E3000F39A96AB4D4000CBFB1EFFBF4AC01CFF90
:100E4000C118F5A68DC02CDEDBC6FD3AA4C028571C
:100E5000CB0C7912C5C1B4FBE94EDD320CC0803831
:100E6000CB8EDE32CDC0DEC201020000C0006A437C
:100E70009CE4210880008ACA5E92A9C8CBE88166FA
:100E80005CBDB908C87981665ACE8BFEDAD5A32736
:100E90009E7F0B6ADFC5E6275AD78BCEDD41C2762F
:100EA00094C21B3A9ADDA65ED0731F3B003C85CAF4
:100EB00014C2AD1E196F28D15642BB194779D8C349
:100EC000182A9B9FD3F084C28A49931CD859A47BCB
:100ED000CDAC9B08C8D14623CBBF8DEDC8FDE663E2
:100EE0008D8B1B0DC8D92622CCE90B2EC8D906360E
:100EF00004F90B0DC8DD06360CC88F85C9DD261632
:100F00004E491BACC9D126160A5A97EFC971463A09
:100F100048DA1FEAC8F9C222C4EB1FA4C9E1E232D1
:100F20008CE897AAC92DA613C8B9134ACB298713F1
:100F30008EE83FC4CB34A52388CB37CBC00CCFC9B8
:100F40000ACE27EBC0008B7B1CA4652E0000D54B7E
:100F5000DAE43D580300DD5A9ED4E1ED0100F5735B
:100F60005CE7250C0100D55BDEF5212E1C80D54BFE
:100F700016F6E16DDBF98C430AE819EFC8C96B710D
:100F8000CCE81884D84D49730CD9890ED8454DC387
:100F90008CDF8A8ED849E65616C69FC8D851832E54
:100FA000BE370A8DC870832FFE36B3E5D8F0A33D57
:100FB0003467910CDA70821F34251F04DF71821FA1
:100FC000B6561AC7DCFD82169CCF8EEEDDEC82365B
:100FD000D8FA1A04DE20A32EDAEF1BE8BC7C8EE3DD
:100FE000DAE4B70A10F7069BCAB5A1E80AF12F8325
:100FF00046B2E76C4275268A84E79EA75AFDA3DEB7
:10100000CA4D96ADD951E077C4CC1ECCD9FDE06E67
:10101000CAE41A05D8EDA066468D9A22D865A06A62
:10102000049E9A67D825A0624CEB1A6FC01C832AD5
:1010300058EBBF8DD801836A589C634DC981A24289
:101040009EF42BCAC6696CA94A675335C07F0DDB75
:101050005EA519D70EFD04FBD6E2309F1AF0845727
:101060008AF49308C849A42E984F9D49C94D022778
:101070008A5F15CACB4D2666986F196ACB4D666696
:1010800098CC8909CBD9463F9ED51DFECAD9426F5F
:101090009AD39E08CC5D4726DAF61FBEC6D7072E28
:1010A00086A233C900794F6A44A73309CC51EE5B5D
:1010B00044DA8BCACD5DEEC14CDB1929CD59EB4129
:1010C000CAFA1969CDD9EAC1449D1968CCD9EBC1D6
:1010D000C4AE090BC45DAB414CFB892EC459AAD1E7
:1010E0004CDB9B6ACCC9ECDA8C4E0AADCC5DA576A4
:1010F000DA6C1F0BCC49A556DAC51F4BCCC5E746A9
:1011000058F6B32ECDCDE476C84C9FCECDC9AE2EC9
:1011100058D4155AC4588E4ADA6E1DD3C4D0AF4A7B
:101120000A5EB192C724E652946A91F5F12CE27AF4
:101130005A7B38D0F1A8E266187938F7D1B8C7627F
:1011400008CBA8F7D1BCE63648CB2CD4D2B8E62ED3
:101150004AC8BCB4C624C7564EEA36EFC2ACD86AF9
:101160008E68276AC6358B538C483D5BC0DEC20152
:10117000020000C0006A439CE421080C8D3AE9DFBC
:1011800085E4A50F6995A090F2F90601690BA11CF1
:1011900093F56702E9A9FBC98267A7C85DA676C473
:1011A000DA0EB9C95DE66684FF0B89C951E6620CA7
:1011B000EE1B78C951E66B85FF890BC975A66BCF0D
:1011C000FE0B2FC97DA73B8BA91B64C969A22BD934
:1011D000AB1BC5CE65826B899E3B65CD24A2429A2E
:1011E000AE92A9C674A4E118AD32C9D8DDA4638C4F
:1011F000BA1A6DD949CC7346998F6FDB49EF530406
:10120000E83D2FDBD9EF730EC8658BDBDDAC5BCC23
:101210005860BAD955A44BCC5821F4D87585538E53
:10122000C92C93CAEC82539ECA3FFECADDA66698BB
:101230005B8BB8CA49E7764ACE1A8BCA59A7CA4C03
:10124000CE9AEACE55A74A06CE0B5DCE51A77204C0
:10125000CA8B3CCE75A72E0C580FDECE79A73A4E1E
:101260004817F8CE6585128AC83B88CE2587335843
:10127000C862EFCA28872B48487BCACA34E66B8805
:10128000C82329F01CC6FB08483BAFC004CAFB08B2
:10129000ADA72AC000DB4B9AF4ED2F8380A9D31CA5
:1012A000ED254E8F80D5739EF4372F0300D27B9EA1
:1012B000DC136A0500D66A9ADC2D4E401487435829
:1012C000C83DCCC9D9CA710CB919ADC84D48714EC9
:1012D000D819ECD8454A5BC4FE8BCED84DC57618DC
:1012E000E71FC8C8D9A37792569F49C8518127BE26
:1012F000369F8CC870812D3436B70DD8D0833D30E1
:10130000C6316CDEF08217F4679FA7DDF5821EF20E
:10131000C78E27DCF886169ACA8E4DDDE0A236D835
:10132000C88A64DE2CE37F8AAF095E8EF56EDBDA55
:10133000E4BF0E11F1079BCEB5A1F90DD12F834665
:10134000A62BAC87756692C4E71E85DE71A3669EE8
:101350002D968ED971E077C44D1E67D9F9E066CC21
:10136000958A05D8EDA0660C9F9A62D865A06A049C
:101370009E8A26D825A06244E98E0CC018832A08CC
:10138000BFABCDD801A3529CA4BBCBC5656DA10E4C
:1013900066DF3586FD2FCB58B7BF3A4C7725F37003
:1013A000758B7E037485DA14F6133CDB59852EDCCD
:1013B000F71936D84DE77E9ED61D5AC9CDE677DAA5
:1013C000D21D7FCB59E227D272928DCB51822FF260
:1013D000639F8BCFE481579CD39FF9CD94A313B423
:1013E000E513C8CA00C22AD0B62339807964D3DE97
:1013F000FD3748CD51865688A49A0DCA4D42278C98
:10140000CF8E0FCAC50772C4DE8A0BCAD90563CC5A
:10141000AE06EBCF6DEC2B5A8C8B8DC1A98ACB48D5
:10142000EDBD78CEED877A88BD3F2BCF51E3528F4B
:1014300043316DCF5583F2C9962B0BCD71836F1855
:10144000E332CACF51812510229E6FCF518365565A
:1014500063924DCF51832DD47392CFCF7583275E86
:10146000F31E0ACF79832698E71E0BCF61833E07D0
:101470008C9A0ECF25823A8E8A0619CC29A2128F19
:10148000D70A19C6B5A71247BC8AABC03D03228153
:101490008F1BAACC6DEC3246AA8FABCEF5EC2AC2DC
:1014A000AA93E8CFD18443C39C1FEECF518C4BC28B
:1014B0009E9BEBCDD1AF3AC2AB8FEECC55ED3AC788
:1014C0008C0A8DC4D1EC22C69D1BAFC551EC3A43AA
:1014D000959684C4F5A56AC28D9EA7DB69843AC738
:1014E000A51EADD9ED85238DE737ABD9A485634D16
:1014F0008F979BD2B8A5234DBD1689D234A5334F03
:10150000AF96A4D490E41B1F9D12AAD294E73B5936
:10151000BF1EAFD2B0E343449E2B59C2B0C4D9180A
:10152000FEB7AAC0DEC201020000C0006A439CE40C
:1015300021080001CFAB5AA59DB41E6718415AA5DA
:101540003F08017F2FE9DEA7B75881FBCAC95AE4DB
:10155000BFEF0AFB3A590EB7AF8D0F7D0FA948A513
:10156000328E4AD585C2CACD9798DA4D45264E4C63
:101570009B2DDBCD252E087F0F659BDDC426CA5F22
:101580000B07C9F982FAC8FC1534D955A3CA04E57A
:10159000B596DBF5E35600D7ECAAD969A27206C26C
:1015A000A722D97DE35A46C279EDDB51C37ECA75C5
:1015B00024C4D9DDE1574AD79D0AD851A15696D304
:1015C0009B288021A37274D31F4DC00C826656A63F
:1015D000332E8189BCDB1AE611690A7D244258D773
:1015E00039D502F9AED2C84C1ED8DB55876E1A7FAA
:1015F00016E9D9C9E422185F9FA9D8C9EC2A0AFDC7
:101600001FEAD859E4220CFE9BABD855E76ACCAE52
:101610008AEAD8F1A66A8C9E1B58D8E9A2638CD8B6
:1016200033D9D820826B86D82D3DD9B4E67B8AE9A0
:1016300037D98001E4D916A6E56D0000DC4B5EA524
:10164000AB0B0300FC739AB7BBCC8300D52A1AE717
:10165000E5244380D773DEE5A5C90500D57354E7BB
:10166000E14DCE2087CB4AC83D2DC9C94B7144B945
:10167000198CC84949510EC899CED845CD42C4FDF0
:101680009A8ED859A67E50469FE8D8518167BC36BD
:101690001FCBC870812F3C36B32CD8F083357277BE
:1016A000B16CDA70821F7C359707DF718216B656EF
:1016B0009A85DCFD82169C4E0EAADDECA636D8FA81
:1016C0000A0CDAA4E36698FE1B8EA275AAF398A40E
:1016D000B76C01750CD2CD86ED228779CACA46B7A0
:1016E0003685DAD1837FCCF49E27DA55E17FC4A713
:1016F0009A07DE7DE13744FD9E04D979A12ECEAF55
:101700000A0FC8E5816A07E7120CCB25805387BF13
:10171000920CCA25A3328C980A6FC425411284A862
:1017200016C8C015231AC2D83E0FC005C62ADCE46D
:10173000A30E0F71CD72186C8BB9CFD9EC6A5C6CAB
:10174000171ACA49AD4A5854171BCA558C7ADE5726
:101750002C90CA59A45ADE2C3552CA49AC66C85FCF
:101760001B77CA59A527CCDD9955CEFC8252DCCE19
:101770009FE8CA648353DABD1552CE608163924AF2
:101780003798CEFC832672F78AEBCFFC833EBA668D
:101790000BEBCEFC812FFC620B78CFF0832F7253C2
:1017A000B929CFF1833F30531789CF78833D18C4CF
:1017B0000EDBCC24A33E1EDA8A78CC38A33A9AA951
:1017C0008AFACDA9813B98F8122CCCB9833388E8EA
:1017D00013B8C4A5A23B859E1E88C53D851287AF60
:1017E0000AE9C295AF0A83470BBACF8CEA6B1FE7B1
:1017F0000BABC02D8D5344B887A5CFF9AD2A84C853
:1018000037EDCFF58473CE483A87CF51845BCCF85F
:101810001A85CDD18C738CC813A4CC518C7A8CF8DA
:101820008EC7C571A46A8448138EC768A46AC4D8D9
:101830000BC9C664A422CEC812ACC664A57B88AB13
:101840001BEEC220A5638EB88A8CC12CAC138AD83B
:101850002F8FC2B884134EA83E8EC3B987134A98FF
:1018600033ABC3BD851B4AE82B19C2BC84134CA8FB
:101870003B38C2B4A4330AB83F6AD6B4E46B4EF81E
:101880002A82CCB4C44348E81B6FC2188EF08ED8AD
:10189000396FC0DEC201020000C0006A439CE4212F
:1018A000080C836E6208F43E851DE169C35EE6A7FD
:1018B0004D197B2DDB58A53B4E10F3185B48A4BB9C
:1018C0002E04D338419AA5BF6C4D7198F198FC2B2A
:1018D000C9DF51A75A8C56D117DCD54562CA74337B
:1018E00002DCCD657A0CCC9D0FDCC5446A08CD9E28
:1018F0004EDC45456648F49F89DC4D456618F59FEA
:10190000A8DC59C77E08F59D6BC060A56AD0443538
:101910006AFCE0E28356E53F65DB79A37688CE9AE0
:101920000FD821A626986BB645C6292236986E9EFA
:1019300048C619640E9AD41AB88001E9739CEC3138
:101940007A0281695B9EF5A1694700F422D8F77994
:10195000480300D75BD8ED3DEB2000D45B9EE6ED5D
:101960004EC8D1EE5304B9198DC84948794EF819BB
:1019700084D84D4B534CDA9B29D845C54A0AF41AF2
:10198000EFC8DDA36FB0678BABC8518126BA36961E
:1019900085C870A33D3C363724D8D08335722511D5
:1019A000CFDEF08217F4669B87DDF58216D0D70E66
:1019B00025DCF88616DE4B8E6DDD64A23ED8C99A12
:1019C00065DE28E15E5E871D9E0EF56BCBDAE5BF16
:1019D0006C00FD2DF2C592ED265E74865688CF36DA
:1019E000E7DADDE15784A69606DE71E167CCDC120A
:1019F00007DA79A13744EC9A0CD8E9A1260EBE9EED
:101A000005C9E181624FA4B205CBA5836B849932ED
:101A10000CCE21C1338D9B060BC6BD611A84D82A1A
:101A20009EC009E41ACA786FCE8635C4E28E4C1B7C
:101A3000AA4F51CC221E2D9F1ACFD9AD6A5E4C1FE2
:101A40001BCA5D8C725E6C3156CA5D8C72DE772962
:101A5000F3CA49AC52186F9192CE5DA576087A14FC
:101A6000F3CFE4827A9E6FE0B3CF79816EC4F91927
:101A700079CF5187C28C5838B9CF5185D34E683D44
:101A8000BBCF5184CB0A58394ECD5184DB0EC83DB3
:101A9000EDCD718443C4C83C8ACDD185E14CF89D1D
:101AA00085CC7184F304DA9166C4EC855A8C524C6F
:101AB000BBC7688C2206C65D99C77D8F22C4DC68CF
:101AC0008EC6F58B1244ECBD24C6718E3204FD1710
:101AD00078C27C8F3A0CB5939BC268846202941ED4
:101AE0006BCBB8A7324E9D32D8D794C662C8FF7B65
:101AF0003ACC94C6F10EBE1E08CE958F7918DA2620
:101B00002FC0DEC201020000C0006A439CE421082D
:101B1000810165DB9CB69758019098DBDCE23CFDC7
:101B2000806DD8991263B55F0AD178811CC3334E9A
:101B300008D482CF48A1A578CAC9A2574CD7B72DDF
:101B4000CBCDC77F86C5B72ACAD9452E4C5DF9389B
:101B5000CA59466646A5B289CA71A266C6B4326E33
:101B6000CA758266CE95160DCF75836FC285A7E7BD
:101B70008A7883FA0D53BF6586798783D383BD073F
:101B80001CFD8A8152B2F5A64E5DE626C38D0E6D10
:101B9000CFF1E736C4F88E8CCEFDA516C6D80BEB78
:101BA000CE688C220ED80E4DC4E4A7AB8EFB9BD81A
:101BB00041E59EF958ED9ACC0DE5FD4158DA1E44F9
:101BC0000BE5D8F30AEF8ACE03EDDED94CEE1E45C5
:101BD0008CE55BC1189416A40FA49CCB0EAD9AEFB4
:101BE0001FA8BD4B8CED13AA37108B5204BCB53F18
:101BF0000000BC5B5AA42D6A0300D65B1CE5212EB5
:101C00003E00BE7A48A5270C0F00D54BDAE7210C21
:101C10000300D263DCDDA9AAC000E213B0BC2FC967
:101C2000CFACA32218CEAA4ECEE4E25A0894B699BD
:101C3000D870866EC8CF1A9BDBC9A276D84D0BE947
:101C4000DE45E15FD8E29F4EDFD9E1271243153828
:101C5000DEF1821732539B19D8ACE35512720AEAAF
:101C600040ED98A31CF2AD7A0D516FCBB2651349CC
:101C700083D1EDF3907797BBDEC8856E5EE7333B8B
:101C8000DB45453EDAD51D2AD941652E5EF7912EFA
:101C9000D9C1C426DCF2B56BD9CDE6679EF21D3DF5
:101CA000C8D1A23F96D29714D868A737D44416A8B3
:101CB0000E6D8DEACA9567C7886DEF8B4F94F884D7
:101CC000186528A15B87E9C7197F0CDA8395F9228B
:101CD00070708556CEA4126FC9C9452E4A4D1B0A95
:101CE000CB55EC2E0E4E0BCACFF5AC2248CF97EA5F
:101CF000CD64A742C8BC3AE4CB7C857ACCDB328485
:101D0000CAF5865AC4FB952DCAE082624EDE204F8A
:101D1000CE65836A9AFD3CF0CE6583639CED91B0FD
:101D2000CD38833BDEBE9090CCB48333F0BC3558C5
:101D3000C4E4A5A2D892B4FD46F8CB839ED378988C
:101D400009D499839E529EED19DCA5861A5396EF0D
:101D50004A59A34E96423D6BCACDC67F98E2B36FF7
:101D6000CA456627CAE2BB0FCEC54527CEF7B149A3
:101D7000CFCDC567CAD7116DCECDE56798E2354F97
:101D8000CEC9E6779ED2BD59CFD9E26754C231D8C9
:101D9000CFD5A266B042191FCFF5836F90C3B1DED5
:101DA000CEE982363CD135BFC5E5861274E29D7D11
:101DB000C6A1E71EB0C295D5C001E6261EB62F18F3
:101DC0000000FC5B98E721290000A8D39ED5B76AE4
:101DD0000DE1EC5E58D717084D6D874E1ED7BD7BC1
:101DE000C955E4621CC41FE4CACDEC5648C41D0D9D
:101DF000CE494C6E08C495F7CC518A72D8D41F7264
:101E000006749C4A84F51B540AFDFA7ACAE49B5B6B
:101E100005E89C528D86E7470664F24B9C92272288
:101E20001AE4D343D2A2688219E0705BF65DA984FC
:101E30000AE0B77370AC39E400E51A531082A54686
:101E400005213D6932B737060CA49AC974F43B42A8
:101E5000043CDFCB5BB42964C0DEC201020000C0D9
:101E6000006A439CE42108C001C7391D9B95E7DB4C
:101E7000E9C63094881F27DAF94211DDEB9927DA99
:101E800079421B1F981D02DE7942131B883122DE26
:101E9000F9C6311DDE8D82DF6DE2295FAA88ADDFD4
:101EA00061A73B1AF825ECDB38A75BDAFAE0AD87CF
:101EB000B9C4D3DAB531FB0F6705B31CA3B5A807C6
:101EC00073499094D1A0BE80532583D8D6BD6E0FA0
:101ED000D10F815CC12B6A0E750EEB9441252959F7
:101EE000D9A552085EB31AC9594C5A8C5F3557CAE6
:101EF000D96E73CA5E9FD8CA59EF438E68B09ACE26
:101F000049ECCB8CCB1098CFD184438CD81C9FCD7F
:101F10006C8342CEFB95F6CDEC815248D89778CCB5
:101F2000F88252C8AF2F4BCC78877B58A82D08C4B5
:101F3000E0A77B18B861DBC5BCE721DC886DABC5C9
:101F4000B8E72955886DEEC5ACE262D6EFB91BC57E
:101F5000A4C5D25AA42FEB8620C59B7297E1421EDE
:101F600064FCF91796BD051D68F0495282A7052C3F
:101F7000E928D9168729041A6B1949568623C50DF5
:101F8000209BCB8996FF4240398FDB499CA9790E73
:101F9000048BD318EAA50EC0DEC201020000C00007
:101FA0006A439CE42108C001A2424E942F4FCF28DF
:101FB000A3220C941E0DCB7981428EA423ACCB5D61
:101FC000C52E0E7E3B4AC949C43E8C4F336DCBC9EA
:101FD000C42EC85F9F4DCAD9E766885E1D69CA686E
:101FE0008322167B9B29CD248163D6DA35BFCC6C46
:101FF0008123AAC5138FC5E4A33A6E2417A5C7A0F1
:10200000E612EC24176AC6E4A23EF4429B8BC66C2F
:10201000A62F94F29A8AC660A73E9C24124DC660F1
:10202000A73E9A25ABDFC624E43E1A3DAFF8D6386A
:10203000E52A48CCA688D334C56A8ECA628AC0DE37
:10204000C201020000C0006A439CE421080C9DFA12
:10205000AB9CC2312F0954E6865EC1A724CBDCA21B
:10206000555E72ABA6C9DD816D9E269EA3D855A094
:102070006512268AE3DB55A12D10669383DBD1839D
:1020800015F21793C3DA71831D3C1693E2DA71835C
:102090001F7A229683DA71831F7A529746DE708206
:1020A0001FE8661326DEF4A61EE4321FE2DE6CA6ED
:1020B0001E24638B6ED9E0A22E13831319C808A3C4
:1020C0002652B7130AC700C6CAD4E4BF2B06E4B928
:1020D000C3D8DEBF0E40605ACA8CCF36ACC07C83FA
:1020E00057C8DC9B79DA55A32F96F2151ADBD5E099
:1020F0006752429728DB59E366F643955EDBD9C603
:102100001796F2157AD8CD476EDA5C893DD9C9C5E4
:102110007E185D171CC8D5846E1E2F1177997CAD73
:102120005A5AFF26471D6999CBDE97E3240E65B7FF
:102130004B568261C61FED5DF152B66DA600EC9460
:10214000CB1482618A206928CB5D87ADEC1D69AA1A
:10215000A31B9439CFCFD5C762CC9B0B2BCD71C5B8
:102160006BC4B81DABC57DCD798EA8388EC6F5CDB4
:1021700070C8B8394DC2A18E6988B82488CA21EFC9
:102180003BDEE83D87DFADEE32DADA208D0CA5DEEE
:102190005B18FC3F0E053D947358FCBD080BBD1940
:1021A000430AFC37191A2DB16118E4B5B208E1D71A
:1021B0007B0AFF311840630E4308EE33ECC6652FEF
:1021C000F9DAEF17CF02AD5949DADAB1E84795AB42
:1021D00053CEAE39ABC0DEC201020000C0006A437C
:1021E0009CE42108C001833AD6FE9FE8CAF9815BCE
:1021F0009CCA8668CBF583725AFF8E89C9D9825EE4
:1022000086AC9129C8C5E656C4FF1958D8C1E6DA8C
:1022100006CE154EDBC1C45244FF172EDFCDC56E6E
:1022200002FE9B0ADF55C62606C90E09DBF5E172E0
:102230008EE98E09D865837A8A9F969AB4ED85AB2C
:102240001EA5A97E0F6D7B491AEC916906EF194115
:102250005AF73E8F8921DC5BD8B2ABA7002CB7C9F7
:102260001AB632E46B74857648FC1389C94D472F42
:102270008AE69B8BCE5DC73F9EE39B3F0FE4ED4E0E
:1022800016569ED9400CACC254D23FE84000CBD287
:102290009CD625680E00D5535445E70A0580D47AAC
:1022A000DAF521780300D2629EF5294B0300D36B47
:1022B000DEE6A50848830A59884CDFC99AAD7849FB
:1022C0000ADA26A5C17B7C581A94630C016B7B410A
:1022D0009E87234205EDB6C0D5866D6305E19FF864
:1022E0009787F0C500EC97D8D387E1EF0561DEF161
:1022F0009786798C08EDFB73DD9579860561FACBBD
:1023000015B2254403A0FCF11DB6A165C0DEC201D3
:10231000020000C0006A439CE421081401FBCB5872
:10232000CF168C4125B453CAA43FAC0CA192511EC8
:10233000E4BF4A0E6597531AEC37AD09FDD8E30A9E
:10234000A6AB8D4051A246CCF5368ADD59C2778CBA
:10235000451BB9DBED867F88D2338BC009A66EDEC4
:10236000D36938C000F370D65D2B08CFA97761CC54
:102370004C6F7FCE6DA8EB0AB5E74F0DF714D8DA96
:10238000A6EF45057C90D896A765E7207914419083
:10239000FC294406F93DD994B5E1C20B79EFEBDC99
:1023A000A77D45CF75827ACD4793EDCF79863A44A4
:1023B000883BC3CD61871B5EA82706CEFDC73B4A7D
:1023C0009839C5CAF547230E8831ECCA7DC5230D5F
:1023D0008810CDCFFDE42118E82DEDCC69A479CA91
:1023E000E86449C5A18C690ED87CEEC420AD735851
:1023F000D825AEC7A4EFCB18B819CCB32DA9C349C3
:102400008C95288121AED3D9B7A90E2BA0BCC312BD
:1024100083E5CF06A59AD112853D6F05A19AD930E3
:1024200097A5CC1BA098FB57822D043A61BE5B1088
:1024300085296504619DD91FA3ED630565F9CB4B23
:10244000B571A208610BC34DE651E20924FCC35EDD
:102450008D78E6001CC9F2D2A52D6680394FD3C80D
:10246000BC3DE83A7D64DA8984E48C46632DD3036D
:10247000946D674030B9CB8285A3C7C0DEC201022C
:102480000000C0006A439CE42108049DC7BB9CC3B4
:1024900021284E4944369A440BACC9C54D361C6CB4
:1024A0009B6ED845C47E1A541B2AC8DDAD6A5A2DCE
:1024B000192AC955AF22D87D1F24CAFD8F3ADA6484
:1024C000910ACFE9A5624443671ACDE98D63887606
:1024D0003FC6C4FD8F6B8ECDB5C9C7FC8A63D86972
:1024E0000B0FC6E8EA73D869995EDBE4CEC3C8CBAC
:1024F0009B58D9A4DE6BCA281719C01CE8C3085B17
:102500003F69D9004A4BDEE4AB69C0DEC20102007C
:1025100000C0006A439CE421088101C8F108C42F6F
:102520005D0000DBE108FA1B8B06E1C4CBDAB537AE
:102530003FC27889F31EE43D7E43ED6AF35AD439F5
:102540005A04E71A5908FD151D0CE984D2DAB3378D
:1025500028D875E66B8AFBA978D8CD645382FA1423
:1025600092D849CFD30CCE9494C855ED5ACE7D3035
:1025700097D97CADCA4854A77D8875C8EBCCB26D9D
:102580008A07D1E48BDAA260A94675E48288E2E882
:10259000FA46751FE31AD6B89845F7DBF15442ACFA
:1025A000BC457F2FB108A3ADBC89A8E99318E539D4
:1025B0002978A18DE108B5A1A8CB5D456A86ACB7A5
:1025C000CFCAD92C410EFE9F64CA492A7B44DB99AD
:1025D0004FCFD56B710E499DAECBFD9B5B4E4FB976
:1025E0003CC82CBF4B084E37B40B6108CB0A2DAF4B
:1025F0001A417326F29AD712AD40F16DD39AD79E45
:102600006E8F714A4A8CF50AFECD5D8B4346DF9B87
:102610006ACC55AA5B04DB896AC47C8E5B0E481DBC
:1026200028C7E8AEC94C483B18D920CFD94CC8219F
:102630009FC23D86539ADF27E9C000AE7A9EA5BBB4
:102640004E0180546B9CE7296A403964F11A4EB9F7
:10265000BAC02DAF435ADF3339C2B4B9CB0EAD1770
:10266000AD401D88C30EFA1B78C0DEC20102000017
:10267000C0006A439CE421088009F3C08A4A3D54A3
:1026800004D1B8FB487D17B6C2D507FBD447120F5B
:102690007759867698C59F9CD94DC667CC44153B23
:1026A000D851825E84A7914EDAF58226C84E15571E
:1026B000DFCDA74EC4DC9DD1DD41A4CE0CD41D904E
:1026C000DC4DE57ED84415909F51856E9E46B150F5
:1026D000403965169E4729F0CF2119C9083D6D4B39
:1026E000C1AD8EFB88AC955B0001955B1897BD6A08
:1026F0004000984A5ACD29AC11210FF314E5918F6F
:1027000030F525ABDAB761AA0555C99304B4FDE3EA
:1027100082F1A49BC487B662DCF18226584B1A6F03
:10272000DFF9E16246BA0A6EDE69E163DAEB96AB85
:10273000DFD146634CB99FA9DA59444946B9130819
:10274000DBDDCD494A482D59D9C94D590EF99908B3
:10275000D9594D7306E80F2DD9D1E44B0CD9316806
:10276000D8618453588F370B46796FFB88B72BEFAE
:10277000C669048B47929EAF5BFC862FD4F79F7887
:10278000DB5DA327D2D3955BD8DDA17770739DDF86
:10279000D8DDA156B6721B0BCB59E366B2778BAF6F
:1027A000CA49C73EF0651BAFCF49C536D6D61768B4
:1027B000CDC9ED3EDEC58BB9CCFC8D265C4C11DC61
:1027C0004030AA6798D739BD48B17E51CE4463F4F2
:1027D0008D29C8C918ECA118966D6FAB0895236BAD
:1027E000106D9DF15995E50701E09FA19D8533A6E8
:1027F0000965F4C152A597EC1965B9FB32F733446A
:1028000004ECBDF11382F9A705E598E310B66D4419
:102810000FE1B8AB14B6FDCC0138DA919F9651A404
:10282000C1986AFB9F84E3071CA1EED388EF3DCFDC
:10283000C7F16C93C386E88A05510D890697B7AB3B
:102840001575278B06DF9EB9D8F4867ECA5FB7B8A8
:10285000CC71E32684DD9224C57DA326CCFF12042F
:10286000C76D822E0EBF960CC7A4823ACA8E1E0F69
:10287000D93C82338B9A1A09D890A6135ABB67CBDE
:10288000D490A71912AFEDD6DB3486135A98336F64
:10289000DB28A733DBD409A8DBA8A533148DBF66DA
:1028A000C6A8A51359B92C8FC638A733D9FE3D86C3
:1028B000C228A62B8BEE6484F7A0AD3A84A828F436
:1028C000D324EC7B88D82C8BC5BCCCDB48F81F6CA0
:1028D000C714484348CEA3CEC388E8CB0A4DEFEDDA
:1028E000C00078528ECD2738C0DEC201020000C081
:1028F000006A439CE421080C81DACB5AB5E18604D6
:10290000549ED91EAA21E607F5B899CB877DA3214D
:10291000F482AA4597E303D8518276C6ED9E06CB92
:102920006C8342CF872AE6CB90E33ADAAABEECCE9C
:1029300084C2339CEB276BCDF5E6E34FB63D39DB24
:1029400049E4624CDE9A2EDACD4F2A4EDD0BBBDA1B
:102950004DCB7B8ACF193EDBDDE97B1A3A90B0DBA9
:10296000D08A431E6C3550C860EDB318C41A1D40A0
:1029700014F9C9145D9ADF11E10AC35AE23F5E35CA
:10298000FF045B52D6A97DCF7986421CD5B749DCBE
:10299000D9E42E184D1B7ADEC9444A86CE9B78DBDB
:1029A000D5CD23CEAE8FAADB248D7308BF33AFDE27
:1029B00015A463DEFEB31FD601AC4B1CA5AF188E69
:1029C00088DAD318B72D5A022DBAC958FD292982A1
:1029D000A118419AECB5DC41E51AC188B7B55D4054
:1029E0002DE59358FD315A04EDC84B58FD2B4FF699
:1029F0007C87C359B7111AC851E57B4C9BB0F4C909
:102A0000DDCA7306D83CF8CBD5D8234C492D9B8E14
:102A1000D59BC918CC167984D5FD531AE22D1D1803
:102A20007D28CB5AF7BBCB09FD54C91CC4292F06FE
:102A3000755043DE1C3DCB19FF18895453289E0462
:102A4000F52783DEC615574F71856F8EB6955BCE21
:102A50005D4726CE5FB56FCF5D4C7AC86FB72DCC82
:102A600059ADC2CA6DB948C459ADCA983FB1FBC48B
:102A7000D9A4CA446B1909C5F9825E04CA9DF8C479
:102A8000E4826A08591150C52CA2621A2AA4D2C540
:102A900038A23A966938F0C710E23334781D75C50C
:102AA0009CE23B364997D9C564A4E298EF11E883CC
:102AB000E96CD28F87B7A803E565AB83E1ABEAC0C9
:102AC000DEC201020000C0006A439CE42108000D40
:102AD00067E30AD80AEDC7F5CC4B8EEA3F2944D705
:102AE0000848DEC420B5C2F184EB08D4659DDE55EC
:102AF000C7624ED37DAFDA5945728A4C3D63DA59CD
:102B0000E47E0CD59535DB70855ADA5F9510BBF8FD
:102B1000E49B8C97D32405EDE8F39EA4ED0104E536
:102B2000BADB54B5E9E207E588AB10A73F074030B0
:102B300068F616C7AD44400469FBD2E7A5CE800015
:102B4000DB4A9AA7E54E026D45E34EB5133F416D52
:102B5000EEEBC82EB57BD6F8A6DED8E7974DC9D5E3
:102B6000822692F61D0DCB5DA36FB653912DCE71CB
:102B7000816EFA531D18CEF883262E2315C9CD6019
:102B8000833A2C22917880E1AEA914E7A91D4279FD
:102B9000EDA2D8E7178E48F4A66752571FD9CE7416
:102BA000822690F29976CEF4833FBA22132BCF7807
:102BB000813EA812B36FCD28A33F74269FCD896DA7
:102BC00044D3D4DD964783F5C49B9CC506ABC2E9CC
:102BD000A58A98B29B5E4BF8A22F7652191ECC7430
:102BE000817770729BD9C4E4A12FFE223666C42C73
:102BF000E17548E7BBAE813CCE83D8F53F690069FB
:102C0000E85A94A727C20D7D4EA2CAB3A38300F948
:102C10006FABDEA255C318F9E4EAC684A3E2CA5535
:102C2000877E44AE9E6DCD78A65E0EFA120CCDF86E
:102C3000CDA38BB6EFE20C68F4D15D86FDE70668A4
:102C4000F6C1D687212201E909E9DF84E9A61BE95B
:102C50003BD9DD976DE23624514312E761E505F17A
:102C6000CE8094E421C75E5DA77606BC926DD959EB
:102C7000446A8CDA8BAED8D9CF5B04AA91FEC855D2
:102C8000AFD98ED83DB9C9F1AD4104D860E9CA7554
:102C9000ADC144D860AECDF1ACD18CD820A9C574FB
:102CA0008ED984D864AFC2E8AED08ED824EFC3E802
:102CB0008AC98EC82584C6A4EA4106C86CEBC5A49F
:102CC000EEC90AF99DA8DB2CCEF108BD3F3A8AB4C3
:102CD00058CBDEEC3B69C18CE5DA96DC3FCE15E9DA
:102CE00026FB94A4BD0F07E4BDF17C55A10728E1A4
:102CF000EBD31F95AB2C82A54E4385B6EC9A11B44D
:102D00009A6B8584BD19C0DEC201020000C0006A52
:102D1000439CE421088101C8F108C42F5D0000DB59
:102D2000E108FA1B8B06E1C4CBDAB5373FC27889DC
:102D3000F31EE43D7E43ED6AF35AD4395A04E71A90
:102D40005908FD151D0CE984D2DAB33728D875E689
:102D50006B8AFBA978D8CD645382FA1492D849CFF4
:102D6000D30CCE9494C855ED5ACE7D3097D97CAD16
:102D7000CA4854A77D8875C8EBCCB26D8A07D1E4E8
:102D80008BDAA260A94675E4828AA3E8FA03F51FEC
:102D9000E11ED6A98B095508E31023AB4D0ED34B8A
:102DA000A112363BCD02D168B15443690D81D1B82F
:102DB000B9D8E72918CE5182D3984DE33FCFFDA271
:102DC000520E47E8E8CE71A6668A74BDAFCD508733
:102DD0007688F4B20F3F788CA28997F9050EEC98AB
:102DE000A3D4F4652707E9BDC356B5A90217695EE8
:102DF000F11693F9C4017979A15C97BB4200A196C1
:102E0000CB30D6ED010C185AB31293BB65006DC9D7
:102E1000D35EA515B78771F8894582EDEB8AD15944
:102E2000EB06A5BBEF0D7D2FA18ADF9B98D87D8493
:102E30002B8EBAB11ACCF9A513598A8FABC4A585CC
:102E4000195A8833AAC529873099E81508C7BC8460
:102E50001999882F64C63D8510DB982924DB3C84B2
:102E6000109B882DCDD9AC8C119D883526DA38ADD4
:102E700011DE982906D630EC3994981343D4B0E487
:102E8000231EE837E2C588CD2BDEA886A3C0DEC2AC
:102E900001020000C0006A439CE4210800011853AD
:102EA000DAB7130D0CF5645E4EA727854251CDC2EB
:102EB0000E82FBE2C6D087F288DF922DC9D9A552D7
:102EC000CC94312EC9D5A6CB8CE4A9F9C8F5E3C2C0
:102ED00082F350BAC85DE24244DDBD65D85DE27F51
:102EE0008696311B8079E7A28892AE4D1C79CFB3CC
:102EF00016F4F54306E94BAB1C9561EC037B58E9EE
:102F00005882214F0D692D831986BF240FA19ABBCA
:102F10001A96E1AD0CD12BD3C7832A8F1BD70AD1C8
:102F2000CEA492CBDE71877348AAB38BDE75E733EC
:102F30001A8B0AE6DF75E7311C890EE3DCF5C63132
:102F400055890BA3D475C639D59A9B83D4FDC73157
:102F50009D980BC3D47DC731D5891BC1DF79A729C3
:102F60001F9B1BA2DB6CA54B9494178C07ED4EC3E3
:102F7000DAA4AB6D31E92BDB1AB6BFCE0BF94849A9
:102F80001D822B6C47FF0DF31EA7368C5E55A75B89
:102F9000C5E719D3D9D9EC53C6AA98B7D849C8639D
:102FA0004ECB14FBC8D9B851186AB49FC9F08E43F0
:102FB0001A5F137699F0ADAB88F7AECD31DDCFBB9C
:102FC000DCD7E3060DD16C8B1057B5AA86D70F93CB
:102FD0005C42A70C06D5DFBB5E432F65435D4F8384
:102FE0001EF127C498F1AF8B48B13B8FD9DD856EB8
:102FF0001A7D173DC8D9AC7A586D3172CA55AF4B9E
:10300000C87C25B0CD518DFB4C74E491C45DADD32B
:10301000182F2CBCC4DD8EFB4A6E91D2C75D8BF39A
:103020000E5A9596C6D58ADB0ECB1CF3C6ECA7FBD1
:1030300008492DF8C7A0A2CB8E4CF0D2C6A4A2C3DB
:103040008EC45476C6A0A2CB8CDF64F6C724A252ED
:10305000CEFBB4B3C7B4E6639E5B3316C7B0E62BB2
:1030600056783699C6A8E66616A6A1991275FE533B
:10307000989C1D0C04F969FB09926DAD45E5C8D318
:1030800003A67D65052DE9D341F332CCC0DEC20134
:10309000020000C0006A439CE42108D781AE5318A7
:1030A000A929CAFAF5CC138CC822C4E8D5453B86B9
:1030B000898E07DD554623858A8A05D471C37B86B0
:1030C000891A4DD5E1A23B1AB837E8D49CA353D452
:1030D000AC793809A5AFF3DAA7113C4E2165DB1AAC
:1030E000FDBD3CDCF5E2620E581955DD51E6264C7B
:1030F0004B9096DE79822E48CE35B7DF698236480E
:10310000CEA05BDED5A57ACA6A6593DA59ED4BC4C9
:103110005AE45CDB59EFC90C5B60FBD9D5EF410287
:10312000D82CEFC851ED414CC820EBC9F48FC10435
:10313000D82C9DC0618C6B9AAFAFCBA1E92CCB5A38
:10314000A437AF82FD4DEB54E5ED63C2FD26838CC1
:10315000B51A0384F9C5AAD8F49A45C970823EFC11
:10316000C61D18CBD5A367B2529D7ECA71836EB6B9
:10317000429DFACE7D816268F1B0A9CEFD83267CA6
:10318000E1149BCD79A23236A210BCC02DA4023E20
:10319000D2959FC01D6612D0B7315A04FD476F8A81
:1031A000CC19484C71E4261ECD9938CF59E46E5A9B
:1031B0005D990BCF4DED621E4D970F4D4DEC425A70
:1031C000D695B185748E6A1ED509710524B84A5802
:1031D000A3BB1A4718E85A9445E1098080BA4952BE
:1031E000C5632F0000D75B5EE665480880D753DAD9
:1031F000B63B298080F03BDEF52578CF6119594830
:103200004D1E08C4E14EA14C4EABA88569FBA19EA2
:10321000FC3B4A1F699AA1D884E3271EEDFBE1D548
:1032200087A5C705E52EB959E7E5C307ECBFE1D58A
:103230008675A304E4F3D8B2EC61E60C61DFC93211
:10324000E7F9E60B61F44330A261030BA0F3C0BCC5
:10325000F578E607E09EF976D465C50FE09AE99621
:103260008578AC0421A9B89582F964453D9B434C0F
:103270008D2724CC0CE8CB4AFEAF6BC0DEC2010226
:103280000000C0006A439CE421080C9DFAAB9CC27C
:10329000312F0954E6865EC1A724CBDCA2555E72AD
:1032A000ABA6C9DD816D9E269EA3D855A0651226CA
:1032B0008AE3DB55A12D10669383DBD18315F217CA
:1032C00093C3DA71831D3C1693E2DA71831F7A226D
:1032D0009683DA71831F7A529746DE70821FAA6244
:1032E0001326DEFCA61A2263B3C2DF68A232A267ED
:1032F0008B4ADA64A22232E6357AC00CA1461CE47D
:10330000336A80018AF318B4AD7AC3E0AFC24C4A85
:10331000B68940ECE8E3D82F8F74687C8367DCE6DD
:103320001B1EDA55E02770539D0BDBD5E127F253C6
:10333000110ADB49C32790C2957BDBC94217D4F63B
:10334000991ED8CD476EDA7C9D7CD8D9A4721A2FED
:1033500011D0D87CA7421E7DBF77C0F9AAC2CEAFDC
:103360003EA50BE588AB5897E9040D649543598F4A
:103370008B4705E5FAF91BB2F5460D6DB47B9BB69C
:10338000A166086D18D3148760840AEDE8E11695EC
:1033900069870BED9DE952A27D4230EDB7C119B2AC
:1033A0002FA6306DE9A1188DB2A7CAD9C766C6DFAE
:1033B00091B2CFD9266E0E4E9DEACDD1E43E1E7E4F
:1033C0009D4DC4618C2E585E1179C01CAF265AE702
:1033D0003B2BC7A4BD4356C4A56D0E7DA9429EB626
:1033E000BAE34AFC842E1C4F9EB8C7D084679AF774
:1033F0001B39C6F8A42ABA529E9AC664A77353838F
:1034000097BDC224E75B488F89D3C260A54B18BA29
:103410008DBBC2ACE46BC8BA10FAC838E46358FA82
:1034200020CED630E72B8F8EBC3FD394E63B1EBE1A
:10343000BCF0D1B0E63BDEE80773DB28E622DADB3E
:10344000B61BC5E0E2D60DBC2325006C8E9319B4E3
:10345000E98705E59EE19F97F4A50FE54BE959E261
:10346000F1A51DE14AA99FB6F9C70B6599E11DA613
:10347000EC850D658BAB19A7A14F46A984F2C384D7
:10348000236CF39C84C2CCFBAB29C0DEC2010200DA
:1034900000C0006A439CE421080C15CF3E5A44B397
:1034A00067D84DC4665A6D116FD941C57E8A7F1B9E
:1034B0006CDBC1C46E8CCC9F6EDB4DE5564C4D93DE
:1034C0001ADBFD836644ED16F8DAE9832A0AD91E71
:1034D00024D9E0836A98DF6492C9ECE66ADFAFAD75
:1034E000220F648A5B71F6A0A50AE92DCA9C876D3C
:1034F000E5046929DB129265CC08F91ED956E671FC
:10350000470DF56AA356D65DE406F1C4CAC88763C1
:10351000C4DCCDC42E08790B36DC494562087A9BA1
:1035200077DFD1A572D84F17D6DEF9825A4CFF92B9
:10353000FBDCDDA56A0ECA9ADADDF1862608FA0AF6
:103540009BDCFDA222DADB98BDDF6D823ADE4910FA
:10355000DEDA28A22B504899FD8E71AE621D82AF33
:10356000C70C7505DA049DF5870875248358979A6A
:10357000C5037582EEDAF59D08D9DDA16516C29DF9
:1035800069C8D1A166BC539B0BC9758223A8D20B15
:1035900008CBE981539EBE8F9BCA6D815BDCFA1E0E
:1035A000E8CE2C822B94DE3936CD60874A18FEB9DE
:1035B0001C91EC84F2C98CA16E0AEC8CF2CA8D2BA2
:1035C000A403E5F9439E94A72502E1BB439B8665CE
:1035D000CA17692EC39E82E96E4971477644DF9609
:1035E000B9CA5D672ECA2F10F0CF51C426186DB12D
:1035F00095CFA5E42648E59B4AC1188F3E1AF429C9
:103600000A80694DB3DAE6E7071275C942D8B4F902
:10361000E306F5CFFA47B16F21707CA76E547A0AA2
:103620000CC770A46E1CFC0A24C674AC2232551A56
:103630006EC26CE55336A69A0AC22CE76BD89E95EB
:10364000D7C228E77348A9B0BBC2A4E773589EBC91
:1036500053C8B8E723C8B89D54D630E73B58891CF7
:10366000D0D1B4E62BDAF81B70F038A2229ECABA89
:1036700058C424E27648BAB28E866CE59B8DA4E1EC
:103680006505659EA89B97748506E19DD9D29258E1
:10369000C50E65D8F11B9579C636649EE95DB725E0
:1036A000A51F65EA919582F9441861ABDB4BA7EF42
:1036B000247B3CACC2068DA50AC0DEC2010200001C
:1036C000C0006A439CE42108810009439CE421086E
:1036D0000100FAD11EBC957EC031D7114ACF6B795B
:1036E000C97D3B61CCFA61FCC57D2FD08ADA3B896C
:1036F000C0F965DB0AEC2B9ADCF5A6234D9E9EAB48
:10370000DFF1C72909DC112DDA7DC6311BDD1B264F
:10371000DA7DE7394BA81D67DA7DC73949DB0DE251
:10372000DBF9C6294FCA84A2DB6DC22949E888C7E4
:10373000D86DA2611BCA854ECE7986CBDE8C232D37
:103740008069A4F399F6E52601F96CF35FF370A2A2
:1037500004EB2AC936E4EC4702ECF1C919A22DEDBD
:1037600001E538D91B95A54DD9F8857A44D83F7B1A
:10377000CCF184538CD83DBBC57C8DC10EC8294F7C
:10378000C7FC8E5B46D839AAC6FC8E4304C829ED17
:10379000C6F8ADF908683D69C2748FC28E6BB12A54
:1037A000C6788D661A3B9D6BC2688D3A526D153A8C
:1037B000F2E4AC32102E89D4D360E42E146D3D5A5D
:1037C000D638E6221A591EC8D034E62A1A680A9C4E
:1037D000D3B0E63E1E280E59CE14C7221E681DD057
:1037E000CE1CE54A0E6B3298C195666E0CCA378BBB
:1037F000C0DEC201020000C0006A439CE42108CC84
:1038000080A532D4DA35FEC925832288E65C5BC9FF
:10381000F1A3CA8AF6E4EDD8DDA37FCAA615C4D900
:10382000DDA15F9EF21F89D851A15796421D14C990
:10383000F8823FB05692C889E8A75D0CF53E26068F
:10384000E99BEB88A55D42136D4BB31E97A7660AF3
:10385000E57ECBDC9670A70465DCC91FB371A206B8
:103860006F68431B9675C603FDE7CA0485B64FDE35
:1038700059C43E485B8E28DB494C3A5E3E1A7AD8E2
:10388000F9AC26084F9EFBC011ED321EF5326B805D
:10389000018F5258E6274B0000F26B9CD765AA00B7
:1038A000E53E6B58DA2D9D0D75CFFACEED2D18CC77
:1038B000D5A267CCFD9749C971E36746A59FEDCABC
:1038C000E0836EDEFC910DCE6C826E966D1FA8D8E3
:1038D000DDA266D4CC0F0BD8D9E23FDE5D8BCAC81F
:1038E000F5E26788C43FE9C26D46F20EB7176AC3B6
:1038F000ED678308A535088F6D48D95AECB3EE05FE
:10390000EDD9491EFDB3384069853BD4EB9318D9F6
:10391000E9E63318983BC7CB79470914881322CAC4
:1039200069C70B1F981306CF79C5195FB80726CE54
:10393000694711DF981F03DF25E71195999506C7A1
:10394000B5871095B99766C231861117989D64CCDA
:10395000918233178B989DC000CD5BDF8435084082
:1039600000DA43D8E461490D80D7535AA5A7240350
:1039700000D67BDAEC2D2E0100D12BDCB6250E0112
:1039800000D55298A6A5C818932DCB98F4BF6F39CF
:10399000FB2FCB18ACAB7B0FE59EDB5C9C91380812
:1039A000A148F9D49F11590DA1FBC9F0A424981185
:1039B0002D9ADB1F86EDC900A5D9D9529668A81E9D
:1039C000A1DAC330A5A4D91720B4D1F6FF152D0C68
:1039D0002188A972BC15AA07A1BBF950B728B84025
:1039E000BD64FB1994E19B4194AE524B872B28C0D8
:1039F000DEC201020000C0006A439CE4210880038B
:103A0000482A5EC53B6B0579EBF312D5B0BE8155F4
:103A1000CFEB5C97216683D1AFE282956F07CAD561
:103A2000877606A7276ACAD1C66A46FDE546CAED6B
:103A3000A27A8CF3570FCE658353DA5D5D48CB696C
:103A4000A37204D27D8FC951E37E8AF591AEC95528
:103A5000A22D1ED61FEACB71836FF6729B29CBF481
:103A6000836FF2669BAACF68A67F5EF7232E197537
:103A700089935985A9220175BCE91E85A5C612F94D
:103A8000F1D992F565E60069BDB9DE92CCE7086927
:103A90008DDA05B6D5C7CFD9A76E8CCA1BF8CDC9AC
:103AA000EC26CA4A0B38CC49EC26C85E8B69CCF0B0
:103AB000AE225C2F9338C5F8EF4A183EB31DC224DE
:103AC00068ABC8A41329C50C2CD618CA334C98650A
:103AD0002DD15D82A3E70968FEF3D6ACA0E60E798E
:103AE000BBD356E579E20C799ACB87A1DDC241EDD3
:103AF000CB4A4382EBE3C2E1ED6EC782EBC1C6B0B5
:103B0000495A0EECB261C0DEC201020000C0006A78
:103B1000439CE42108000127F394C43D784371CC11
:103B2000E9DEFCA91981DF7861DAE53EE5CDDD1A31
:103B3000699ACE138EDB5985DBCEDCEF1AD9592575
:103B40002244C7ED46D9D9643A084C976CD8FCADED
:103B50007A5AF41BD22079EE5258A49E0F0BE59DA1
:103B6000435CA523E70AE55C531697A1060765BCED
:103B7000DB16E7FD4304E91BF156E7F5850EF94E28
:103B8000BB49825144CF59A77ECE4A8F32CB49459B
:103B9000668C5F19B2CE51846EC87E99F3CAE082FA
:103BA0002AD44E3093CE38A22B56D5FCD0CD3CA291
:103BB0003AD0FCBFCB0E716DFBDAB7EFE2017DEBC3
:103BC000EA8E81DD65007C8CAA02B63A62CED1A66F
:103BD000268E4E9AEACEE98536884AB368C610E545
:103BE000365CFDAB4D853D4CD318EF2F0B0A7D297C
:103BF000595EFD3D3A15AC957B1AEC13AAC810E24C
:103C00003BF0EF2B6BC9A58123D44DFFADC861827A
:103C10003B14F82F6FD8E9E73908B83BECD8F164CA
:103C2000390E880B2DC871CC598EF8358BC9D5CF7C
:103C300041C4C828FECADD4B590C48109ACDDDEDB1
:103C40004A8A2EBDB9C4F08D5A5A3D1175C724C495
:103C500053747C06DDC738EC6BF4748B97C2A8A450
:103C60004E885C3B1F0B2DEFBB8CA6A6EC07A5FB7B
:103C7000A30887E34505E4BEB956A2A34D33E59DED
:103C8000F15C8C13650A655FC95C94AB2D02609D85
:103C9000E99C972F4A3E230EA894BC21441C20BFC8
:103CA000A8F2FDBD2D02ADF8A9D6B6E12F4339CA61
:103CB000E309A37D2F400849560596FDA9C0DEC241
:103CC00001020000C0006A439CE421088781CC5AAD
:103CD000DAE4AD0FCF8042D25AD5792ECD28A37227
:103CE0004A4FBB8CCE618162D84B17EBC969814AC0
:103CF0008CED3BBED851A2438CFA33EDD84DE4D3C2
:103D0000C6AD1B44D9C1CDDBC4AD9D0BD85484E3F3
:103D1000CECE9D7EF4FCE493CA5F1AFE4020B8EB41
:103D20000ED43E6880171B415ECC1319407306E326
:103D3000C8543B72CCF92A498EF9917DC073184959
:103D40008AFD3FD8C67087EB0CEF213BD87DA77367
:103D500084F37778D855E55B4AD42AB9C85DE45333
:103D60004EEBB3ACC8D1A54B0AEB9EADC9798753D6
:103D70004CEAB6ECC96C82D908EE3627CBE882CB88
:103D80004AACBE25C9718652CAC8938FCBC9E472AA
:103D90004E488A44CBCDEC760CCA1A8ECAC9AC7296
:103DA000187B1F49CED5A7764CDA9BA9CEE4837A3F
:103DB000584811BBCF20816B9EEA909DCDAC8163AA
:103DC000D8BA3288C46CA323AE44372CC720E23A59
:103DD000A4248BADC7E4A2367E56B34AC6E4A62E11
:103DE000D0F39FE9C668A73F5CC217ADC664A73F82
:103DF0009E34164CC620A53ED8242FA9D5ACE53E4E
:103E0000182E3FE9D634E72AD84D6BB8C830C24ADD
:103E10008AED278EC0DEC201020000C0006A439C0A
:103E2000E4210880032DDB5EF5334D002D4ECB1AC7
:103E3000A5A76D05EB0EC9DAB727A50F6D0DDB5AE7
:103E4000F5BA8E1FEB0841DCD497FB406D8C4BD844
:103E5000FA977DC9E9A53909998BE5CBFD47390961
:103E6000AE0F04CA7DC52B0FBC1D68CE79E7530E7B
:103E7000E258F4CA7D4272C4C371C4CA75463ECECC
:103E80005279C2CA51C6378A7F3345CEED862E0895
:103E90005D236ACE6483620CBCBE06CA688352CDC1
:103EA000853E06CAF9815AC69F1245C955A4224CBF
:103EB000FA8BAEC8DDA4220ECB9B29C85DA42604D4
:103EC000CB0B38D859AC2E04CB9F0BD8D9EC3E0C79
:103ED000490B68D9DDE42E0ECE8B88D9D5A766486C
:103EE0004F0B4DCAA0A27F8ED4B50BCEA083F29A01
:103EF00095955B90E8ABBB9EE2B91803771AEB1679
:103F000042252C0BD179B1DCF661671B5082DEDAD9
:103F1000B3F565D8D1836E5AEF1F45D879A16AD819
:103F20009F8B4EC8F9815B9EEF95B6C9648373D2AF
:103F30005CE093CF7585CA48EDBBD8097885CA0B7C
:103F40009CBAA20069C5DA4FF667630C6B09E9D425
:103F500083BEA2076D28A116A765E504E494AB1EF5
:103F6000B73F470AFD83474C943BE6CA71823F5CEA
:103F7000F50E4FCEF1833F76720ECBCFFC833FFE22
:103F8000220EEBCDF8813EA86393E9CDE8813EEAAD
:103F9000631E89CDE4A32AE6539F3ACD20813BA638
:103FA000F334BBCD24A33BA4E13198CCE0A32A6831
:103FB000A32888CC68A326F8D33198C478A326E830
:103FC00041349CC47C832EB4D395FEC4F5833EB0AB
:103FD000F61938C5F5823F5AE50FEBC77D832F08E8
:103FE000E58EABC7EC833F0ACE87FAC6ACA33E5E34
:103FF000CB9EC9C234A33698C91ABED83CA62FCCD2
:10400000CE2517CE28E5BA84FF2BAA832C88910AE7
:1040100084E1CA18256E9894952D4D06E5FBE0B015
:10402000B5930D106DFAE9F2FD9F0404612AB1D633
:10403000B4ADC50FEDB9B8969CB9CF15A0BFA99680
:1040400097A5EB00E19AA8F6D76D8D0E2199E31F95
:104050008C3D8E04E1889090BC3C7B47A8D7F1D87A
:10406000B8954E1C90D8CA829C7D4AC0DEC201021F
:104070000000C0006A439CE42108000127F394C4B7
:104080003D784371CCE9DEFCA91981DF7861DAE57E
:104090003EE5CDDD1A699ACE138EDB5985DBCEDC89
:1040A000EF1AD959252244C7ED46D9D9643A084CAC
:1040B000976CD8FCAD7A5AF41BD22079EE725AA5CF
:1040C0009E0F966D9FC35E9523670A65DC5B1D8519
:1040D0002B070DE5DFDB16A7E7030D7D8DC24BB285
:1040E000AE23C95DE5365A2B9537CB4967268E6ED0
:1040F000917FC9D9E756CE7E1952D87D837A1E4A60
:104100009DB2D871A16E5CCD193EC8D58226F64607
:104110009B18C9D5822EB4668BAACE68826616F724
:1041200016CDCF3CA16270D5B32BC26185DAD8FF22
:10413000B36DC4DD8C734F8F168DCE5D6C630CAB8D
:104140009F09CD51CE7144E89DFDC67D8851185818
:10415000335888799E734AC99A4F1965A843DA95EE
:10416000B7AC08FB0DDB1B932B8C487984260EFB28
:104170000A6FC5E8852208C89F1EC6E0A27A08E932
:104180009588C624E672484BA5B4C6ACE76A4A498E
:1041900060B6C238A62A58582D1AC63CA2620A59DF
:1041A000A15ADBBCE6261858337EC63CEC6E0EDA0C
:1041B0001F1FD389ACC348DB391EC0DEC201020019
:1041C00000C0006A439CE42108C0016CD1C8BEA9AC
:1041D0007AC8AD85724C7FA749CBD1C46ACE5A1F2D
:1041E00065C9D945624E4EB365CBDD457E02E49B81
:1041F000ACC061A5CAC4E43B2582E529C948FE3F9D
:10420000AD867969B098956B0411EB1F415887C052
:10421000A6076B28D31E96FDC70DEB0A5ADE93C97D
:10422000E3007D864218842AE6DC49C77A0ECB89F2
:1042300033DDC5066644CE9BBDDFD9C526187E1A80
:10424000FEDA74865A1A7A9F9C9EF8A2BA088537BD
:10425000AC0B794BDA9C96A12707ED7C4950B6E16F
:10426000431AF949E949C3F9A61575A6CA8FD7A318
:1042700043DFF1E372C4BB910AD92483620E8EA995
:104280008AD824A35E0ABF3B29DAD5A72E4CCA8A56
:104290000FD9D9C666087A9A2AC859E7760C7B16D0
:1042A0000DCAD1A6524D9C8FABCA5DE25245BC8A65
:1042B0008DCED9E766C2EE0A8ACD51A67EC6FE0A29
:1042C0004FC024E4C248EF8A0A8F68FEDB5EA49BDD
:1042D0000805694E4205B2278304E964A2CC86969C
:1042E0000348E8A72656CE06CECCF4866616FC0B0D
:1042F000B8C6748727D4C51F7BC568A62772268BCE
:104300005F08688637BE639F9BD724E513A6720BB0
:10431000FFCCA8C673EED11190CBB84C4B6AC395B5
:1043200056C0DEC201020000C0006A439CE42108BE
:10433000CE80E62ABAB6930EC42CA313A05113283C
:10434000CE6C817B75919DDFCBF58162AC73992A30
:10435000C951816EFC531F0DC8F1A06EF4528BCD74
:10436000D9FDA0279CD58FCBDB6DA11FDA7B87EE13
:10437000DBE1831E1C5807E9DBA5830A566811BBE5
:10438000DBE1830E9E38135AD9FD832743E6BA87B3
:104390008968A68A03B52BC20165EF9BCD84F9C756
:1043A00000386883DCA72F670F516FBB1ED492C7FC
:1043B00007F9EFFE0492E7E257ECA277D6471E0F0B
:1043C000CEF48326F4429B99CF7C833F36229E0F06
:1043D000C4E88337FE661607C624A317FA7396252A
:1043E000C414C55218B5BE05C00007EA96D4BB0B6D
:1043F000C00006931CA4ABCBC00007A394D42F4DE0
:104400009FE8C8E318F4960DD27889CB4CCB378F50
:10441000C4A85EDB0CED964EC0187FC90ECA13B956
:10442000DF802E42CECFAFE8C000CEF3DCF4BBCDB0
:10443000C0006FC39EA5EDC8C0DEC201020000C06F
:10444000006A439CE42108800146B930C7290C4C1E
:1044500079CCE94AAF1D1FC1F086FB18FD257FD836
:1044600071E25B88D658DDDB71C63AC8F3D8B9DB98
:104470007D46135AAEBD47DBFD47111AA81903DA72
:10448000F547331AD81163DAF5462286F465E4C09D
:104490006582CBC8EE3D6986ED84C2DAB4916B8E3D
:1044A0006545EB88F7A1D71AF5264608C761930D35
:1044B000754BC3884465B483FD6DABCA47255A5E0E
:1044C00070ACD248D73B8ECDD58C43887F3B4FC450
:1044D000518DC34A4E9FEFC5748E4344CB970EC790
:1044E000748F5384481B6CC7FC8F53CC583325C63C
:1044F000F48FC342D99724C7788D5B4EC8B54ACC98
:10450000ECEA434EC8134886F98E720EAD3F8D46D5
:10451000EC98DB9C97ED6D03655FC112953D6C13C4
:10452000655F41F096A5ED1BE579F1DB9779C20B4C
:10453000B856D91F926946092C9EC35895BF640589
:10454000ED4DB11985F887186106B3068DFDC3C11D
:1045500034BB5282DE2B86C0DEC201020000C000E6
:104560006A439CE42108E0018D6398D551DFC96955
:10457000A67AC6D35D9DC855E77242CCE4AFD8CDCC
:10458000C4620CDD910CD9CDEC3E1A5F8BD8D949B1
:10459000A76E5CC51B88D9C9E3679052317BD85D93
:1045A000A17F9052177BC9E4A327D4F58F69C9FD79
:1045B000826F9EF49359C971826794D7191EC9D529
:1045C000A367B2560919CB5DE36F96D21D39CB5D57
:1045D000C32F5AF21BAACB49C72F4A45976ECBC9A6
:1045E000472F8E4C9F2ACAD9467E444F1F6ACA5510
:1045F000467A0C5F93CECA71C626044A1F8BCA7DC9
:10460000C63604CE33F8CAEDA732484ABF5ACAE1CB
:10461000862A0E4933DACEE0876E4CDEBEC9846945
:104620008A898987210D8FE9AAB9D3826DE631E99C
:10463000CC89F4D27DE61FECB6CB72473B6610EC1A
:104640009DDB52E6E3421869CEA91F92F905007579
:10465000A55A0584960DC95D453E4CCE14F1CAD1CC
:10466000C46E0C4CB590CE688D424ADC15F088BC07
:104670008B6A9EDD1BF40F79FB5B52D4216C1B6DA2
:10468000A4565AB78A07DAD084269ECC8B59C6F036
:104690008466D4C71F7BC678843AA822969BC6201E
:1046A000A7535F978F77C22CA75318BA9CDEC260BE
:1046B000E44B18BA18BEC228E46B58EB30FBD6B4F2
:1046C000E7238D8EBC69C810E63BDAEB3870D390D7
:1046D000E63B588B90D0F03CE723DC681356C6AC21
:1046E000E6225EC8A64FC5E0E2EA0FB4610535ECEC
:1046F0008B995BB7F0A5066094D1DD92D0A50BE550
:104700004AB8D5927D471961B9F11FBDA88C09E55A
:10471000A9B99287F9850161ABFB0FF6692C3A388C
:104720008CDA438C3BCDF10885D284EBB7CAC0DE6E
:10473000C201020000C0006A439CE421080003C6D5
:10474000DB1CF53EAD46F507CBDAB6BA8E89D92D1E
:10475000E918B417CB1D5B0BD1D8ED9F3B8C5DD90D
:10476000C118ED97C8DED985DB18CABB3EDFD5C7B7
:10477000CB4CC3449ADC5D41CA98CC3D44D5DDC3E3
:104780003F9042BD0AD659827750321368D4748163
:104790007732311E99DA38E3CE3443B76B40013FAC
:1047A000210AEF252DC46D0E498859AF15CC6D2512
:1047B000D908CBB975C26D84B0D84A3DD7DAF5A611
:1047C0002A4CC93B7BDB71E6364CCB128DD96DA1EF
:1047D0006A58D90FFED9E183229ED99B55D860A68D
:1047E00066D9E53BC70D6DE5DAD5B26D840FF96486
:1047F000AB1BE3ED4400EDBEF349E63906016D6CF9
:10480000830B927D644875835504A236CEC8D58348
:104810007F18F68AEDC9D58227D0C39EECCB5DE325
:1048200027F0720ACFCBC9E52F98E69A6CCAD9C493
:10483000620EDF96C4CE5DCC5B068A1764CEF5EDC2
:10484000518AE83849CB64E87B14FB954840E9FA83
:104850005BCAAC35948579AAF35AEC1D5D07A1CFEC
:10486000CBDAA5B13515614FF35887B3A901F97FAC
:104870004116B7A08B0B7595C374C795EB097D7C6A
:104880007B90E6350D0AF97BDB30F73F6601E56E7C
:10489000E11497FB0201EDE45A0595B647CD75A4E6
:1048A0003618293577C671ED3A181ABCB4C6F5AF7B
:1048B00022183A11BCC3FD8E221A2D11BCD5ECAFC3
:1048C000621E6F9D50CEE4844E4EA533F8801CEBE3
:1048D0005A5A97B9E98D27024B9EBE392D05ED9B9B
:1048E000B91494152E0369C8FB1C97616D24EB0560
:1048F00081D4E3F5EA30650AB89981516EC0A5CF3D
:10490000EBC7A355CBC0DEC201020000C0006A4362
:104910009CE421088100AEDA964CB569CE80624AEB
:1049200054EC2F08CD38A37A484EBBEECA65817A85
:104930004CCB97A9C9E9814284EDE3DFD859E7431D
:104940008CFE1BA4D9C5EDCB86AD1B2BD9C5EFD3EF
:10495000C4DE1909D8D0A4A3CACE9B39B278AC9BC7
:104960004ECD96DAC738F9FB44DE962F00252FABE3
:104970004A743BDDC0F105F3D84C3F9C99D17A4194
:1049800088A4B7D80A5F69589AFCB3C8F8F18EE8D2
:1049900098B5A5BDCE7DE6624EC6F9FECAF14716B2
:1049A00046CDA144CAD5462604FC17A5CA55462EB5
:1049B00046E41EE5CA55462A0EFD338ACEF5C633B7
:1049C0008DACBEE7CFF9E63BCBD792ADCFF5E27326
:1049D000498C27EFCF7DA622C4A81284CD59CD7B68
:1049E000C4E80948CCCDE94B04F9096DC4D9B853E2
:1049F0004C5819A4C5D5B853CC699D8EC57D894343
:104A0000583FB9B9C7799B53D86564B507ED1959B3
:104A1000187E19764060DEDB84A48B7DC0187F533E
:104A20009AE4BB28C0004ACA9EE5AB0F8000BD5384
:104A3000DEA5AD2A3A00D77A9AF4A94E0A01E84ACF
:104A4000DAE5952402B924DB54E634BE83612A8B6F
:104A50001622B57A186DD3D112363D9B0CFB18B1D6
:104A60005626BDDE0A7D5CF31222975801FB18B171
:104A7000DCC1E5FB007B38B91E63AF481AF9DFA93A
:104A80005C52BD3E01695EB99C53615D42E9C5AAB5
:104A900098E339B34030C8AA8CE3E8BDC0DEC20158
:104AA000020000C0006A439CE42108C000E47ADCF4
:104AB000FCAF49CBE1816A58BD88F8C9F981739F81
:104AC0009708F8C869816ADEEF0DFED85183564E0B
:104AD000B41FEEDB49E67EC4EC1BAFDAC5477602B5
:104AE000FD9B8FDA4D456A02ED0E24DA5D426A06BF
:104AF000AC9A4CDAD1E262029D8ACFDB71E152C6F8
:104B0000841ACFC879A15E06EC32ADCA3CA3265EFA
:104B10004DA779CDA0A2895CB7A9C98968EB8B9212
:104B200027B10B19A054E33062389A1B74B6F39C7A
:104B300042BDFC0F51AD839652BF1848D1816752D8
:104B4000D3176AD9D1812F30521BAFDB7183177C09
:104B5000228A4FDB71A137BA639B8AC9FD812E7E01
:104B6000C39955C039832630E23308C001A352DE11
:104B7000B737AB002489E91AFCB5DEC2E88FE3CE73
:104B8000FCB9F4476885D208CE96CCDB74A23E907F
:104B9000E6115AC9D1816FF6629738C9F18636B2EB
:104BA000C39FBBCB55A63F94D5195BCEDDA5269EF2
:104BB000C731B6C45D8C661E44917AC5708D261CC3
:104BC0006C3DD6C5F08F621E6CB5D0C7FC8F529C71
:104BD0001DB896C6E4AF7A5E2A1C90C52CCCD20CC8
:104BE0007B15378F24B9D3C4AF17594CA58AFB8DD9
:104BF000E62B6B0F2C99E35C82ED4A0621EFB9128C
:104C000082E5EA84A5C5AB5BE63F4C1CA0D74332E6
:104C1000E73F2E32E098E110A63BEE0520B8A957F9
:104C2000822FC50625E8F1D6822B5817A9CFA314E9
:104C30009DBF44C0DEC201020000C0006A439CE484
:104C400021088181EE4912E53157C418A13BD6AF46
:104C50003AAAC430A32298DFEFE9CCB0A1229A4A45
:104C6000FB4ECD34A3625E8C3F6A5FD9E572CEEE17
:104C7000B1E9D9CD256A84FFB32DDB4D6F4BC44E0E
:104C800035B9DBD94F5B586EB8BBDA7D8D4B8E4E94
:104C900028708061AAF348AC1CB31EF96DB918B531
:104CA0009F080A5339E8D4473F4A8551A48318FC2A
:104CB0003309D871A2668E542D89DB5DC237D84D79
:104CC000990ED9D5E32FDEE61B68C851A16EB24319
:104CD0009FCAC8F9A2163ED1157ECD61E21E10B75B
:104CE0008D1DC1A1021E5CDC09B6C011CD0E5AA5F6
:104CF000AB0BCCE9AEE986C89725CFF5A4FB0658E7
:104D00003C8BCE55ADF90C4819AFCECDEFDB8ECD37
:104D1000B1D7CF55845648D59B3CCDA8A47A56F53B
:104D200097138005CDA118DFBD1BDBE94AD344CF23
:104D30002BFECFEB6DDB06A5BAAECCE9E9C904FDCD
:104D4000120ACEF1AF6BCCAF9FE8C6FD8E51468BF9
:104D50008B0EC260ADC08CC875C4C6608D5984F816
:104D600071C7C6608D51CAD8798FC2A8A773CED833
:104D7000E5CCD5BCE72288C865D8D4B8E762C8FBC3
:104D8000A76BD43CA622C8CEFD9ED3B4A662CADED1
:104D9000E9FFD2BCA26AD8C82F8AD1B8C5CB58C8FF
:104DA000211FC7104FA08AF828CFC104DA5318FA80
:104DB000330FC0DEC201020000C0006A439CE42140
:104DC000080007AA4132C4FCC7307B69C910E7213B
:104DD000420CF71D4916E6D1A50CF50BE91CAD2DCB
:104DE000CC19F9CEFA8F9223A2DCDDA367C8DF1BB2
:104DF0007ADDD5C1279EF59D38D7748366FC411FA7
:104E00003ED5E0A36278C39E8FE62CA0527AF217BB
:104E10004AEFB0A14A12A5153A1961F9DB10D56124
:104E2000261AE9C8FA9EF469A200FD0DA3D8A4B21F
:104E30008605F50DE39E4C8A075AF88356B0551542
:104E40003DDF75821E7ED3908ADF718216EA63B1E0
:104E500044DFFC8212E243156EDEF8A613A0C111F6
:104E6000DBDAF8A61A24C09976D96CA37D4EA63158
:104E7000D33DED8482CAE6E50905FD49BB4E97A303
:104E8000E70C750E910F86A7C70F6978A90B867F6F
:104E90002608652BB99C9C17A706E0AA8B08BC6F57
:104EA00046D851836F9AE4191BC955A367D2471B93
:104EB00028CB718367F662197ACAF58167BE6319D8
:104EC000DBCA7D81222E4389FACEF981663CE31448
:104ED000ABCEFD8326F6A114BACEFDA336F6E3953C
:104EE000B8C6E5E61E74D2109EC2BD470A76E695A6
:104EF000FD8C69476F8AC41DC8C471E4261C4D9D92
:104F000068CF59E46E5A4C9B09CFC9ED621C6D15F0
:104F10002ACFC9AF6A1E7D9DC8CF49ED72184C9D3E
:104F2000BCCD51A46E1E6C91B790F8AF721A4F0BA6
:104F3000BD0DF9AAC20496B68E0BE92BEB4F826F1A
:104F4000E50D6D9CF310E7BF460CE4F4DB36C4B905
:104F50000709689FCBDC8437061AFC9D435C866595
:104F6000054E59C77204BD8B7DCDD9452EC4CA09E3
:104F70002DCC5DED2EC4DC974FC47D8D3E184A9537
:104F800010B068AB7E4CFD3B1D18E5A8DA9AB43F23
:104F9000E702E5FAC336E6B92D32E5B44B7444B501
:104FA0006707E5965390B365E304ED567B30E52D36
:104FB000A7206DB5C9DD96A1CC0BA09141549721D6
:104FC000CC000C48F39F8C3DE4403CD7CB1EE6E47C
:104FD000E835D17EC990D4E14446F525C208A5360E
:104FE000C2CC7524D2C6ED9ACCCBD08C52D85B9370
:104FF000E9CCD9AC6604FE9B6ACCDDAD6A06FE9BAB
:10500000CFCC5D84C2C2ED1FADCC5084C284FF1AE8
:105010008DC455854286AD1EADC4F4874386EA1E15
:1050200065C4ECA77B88DB16C8C4E4A66ACCEB3762
:10503000E9C5A0E65288DB3179C4A8E36A9E483707
:105040001AC4A8E3229CC813C9C5BCE32A94C83576
:1050500019C5E4E34208BCACE9C5ECE7760EAA3C0E
:10506000FDCCA044E38478AD88C8B4CA5ACA681F8E
:1050700044C088594BCC49393BC0002FBB0EAD27EB
:105080002FC0DEC201020000C0006A439CE4210878
:105090000007AA4132C4FCC7307B69C910E721422E
:1050A0000CF71D4916E6D1A50CF50BE91CAD2DCC6E
:1050B00019F9CEFA8F9223A2DCDDA367C8DF1B7A31
:1050C000DDD5C1279EF59D38D7748366FC411F3E10
:1050D000D5E0A36278C39E8FE62CA0527AF2174ADD
:1050E000EFB0A14A12A5153A1961F9DB10D5612676
:1050F0001AE9C8FA9EF469A200FD0DA3D8A4B286ED
:1051000005F50DE39E4C8A075AF88356B055153DB8
:10511000DF75821E7ED3908ADF718216EA63B14406
:10512000DFFC8212E243156EDEF8A613A0C111DB8C
:10513000DAF8A61A24C09976D96CA37D4EA631D38D
:105140003DED8482CAE6E509077D48AB4E96E3C58E
:105150000CF50D930D87962605FD0D8909862BC448
:1051600005F705A38885396AC0F1E277C6ED1F5BB4
:10517000D959C23F987B994AD85DC237942F896B21
:10518000D85DA22EB0C50B0FC8D5A32A2A761DC99B
:10519000CBF1823A2E72910FCA71832E2A72316D31
:1051A000CFFD81626EC191CDCEFD81663EE114A836
:1051B000CE7D832E7EF110FECDF9A61234E2B4FF2F
:1051C000C021A51EF2F2949DC01D6612B0B7B99D14
:1051D00004FD467F8ACC19484C71E422144D99088D
:1051E000CF59E4665A4D9929CF49ED22547F1B4D82
:1051F000CF4D4C26CA7F9548CF55EC621E3D91D1CC
:10520000CFE8AD5248CA87D090E58FC24DA0E7AD38
:105210003E65CAFBD6B2EF050221BDD330D493243C
:105220000261BDA1DE873DC90465FBFB5A9593EA87
:105230004055C766C6DA1DD3CDDD452EC44A94B5A8
:10524000CDDDCC2E4E7B9495C471A4664C7A38B0DB
:10525000D064AA225AEF9A590EA1CEEBDE972B2AE0
:105260000365BFF95582614C1BE48E831B84BB0F21
:10527000CA55A27F42A48BA8CE55A627044E879B71
:10528000CA75827E5A4A8AEBCAF1827E4AFF9358D7
:10529000CAD9E727C44B893ECE49C667CE5E9D5F1B
:1052A000CDCDC7674CD41F29C455A66F5A471339B3
:1052B000C5F58627DEC7B528C56486665EC49F53DC
:1052C000D794E67A56C53B7DCC2D842B8BBF9B0BA8
:1052D000DB6184138DEB892BD925A41BCD883DEC94
:1052E000D9A88C1308A869EFC83484115EA8688B0C
:1052F000CA9084195B88258AC994E4299488B98B5B
:10530000C41CC47B10FB3B05800CF82B9BE729E5F4
:1053100040004BD915E3119BC0DEC201020000C062
:10532000006A439CE42108C001E7265CB22F0EC945
:1053300065823AF4D5932DCAFD851AB4C4B30ECB59
:1053400071863F96C7997ECBE8822E16D49D1FCAE0
:10535000F8825A8C9FE3AFCD20A672D85E63B8C0A6
:105360001CE44A85857B2BC000A54B9CA4A72A8DF5
:105370006F2A53D82D2F980C7504DB98C437D9C7E2
:10538000FB03E2C45C3BE8C3EC8DFA8E2D3B29C9DC
:10539000D1847A486A977BC9DD676204CE1AA5CBAF
:1053A000552662CA4A13EDCBDD667AC4EE0E8DCA6D
:1053B000D5466202BF1AA4CD51E66A478C9E84CCC2
:1053C00071A67A44BE0BD9C564862E06BB9ACFC798
:1053D00064866AC69B0E59C7AC822AC4A81A18C62E
:1053E000A8822284B80E1BC63CA23A8AA81E1BC201
:1053F0003CA22288A99AFFC23CA2224CA90A9CC7BF
:1054000038A2260CEA8FF8C294E62608DFAB38CE25
:1054100084E36658DEAB4E9A9C8CE316E7E1ED0D13
:10542000F526A35AFDA5844D2145A282862FC5C02D
:10543000DEC201020000C0006A439CE42108800033
:10544000CBF290F5B9EA0AF4ACEBD086310FCAD1B1
:10545000A25784FF111BCAD5E36FD84D99F2CBD563
:10546000A22F1AE69B7BCEFD836754C63245C0BC93
:10547000E75E9256BF878A28BBF35AE511488EF340
:105480000DC35A6F32BB417F26FA42D4BF79C1693E
:1054900025F28C7F3759C0F8A4DACA6FBF5EC9DD28
:1054A000E46A4ECF9369C95D26624CFD1F8DCB55D2
:1054B000666ACACA17EDCAD5466206BD1B8DCED52F
:1054C000C67A46BF9A85CC71A66A069F8A8AC56C41
:1054D000866A44BA1EEAC7648662C58E0E29C6ACC7
:1054E00082228C998A39C6A8A26284988619C63C01
:1054F000A23A8AB81A19C23CA22ACEB98ADFC238A7
:10550000A2224CA98E9CC738A2260CAE0BB8C3941D
:10551000E66A185D7928CE04E2221C4A272ACB9835
:10552000A7B316A6214F4F7526E3D8ECA5A4C2E574
:1055300045E2C182ABECC0DEC201020000C0006ADD
:10554000439CE42108C00087CBDCECE88AC48CC310
:105550003E0AAE2729CC80C13E12DF2F4FC000E3A8
:105560005A5CA461D9C77942D398CEA9D8D875A777
:1055700022CCEB953BC9DD263AC28E8FD8C8D52701
:105580001242BB86AFC8D5263A42EB191DC951223B
:10559000320CAE8BDBCEF1423E02AA1B7ACCF9E292
:1055A0002E068D0FBAC4A1A63A04AA93BBC43186B5
:1055B000120CD8351CC034A66E0CFF6988D8A88F91
:1055C000A904C92D8A84A1DEC158DD1B0B16ADA428
:1055D000A3CECF3D1EC63D85B30AFE115ECF3DAFC3
:1055E000FBC8DFBDD8D4B187EA88FF35BFDCB0A7E0
:1055F000B3C8FF3DF2DF10A29BDADD3F19DB90E577
:105600008B58DEB13E971D8BF348FCA9FEC0DEC26D
:1056100001020000C0006A439CE42108C681C66202
:105620009CB42D38C19CE133D0AE1389CD38A12A6A
:1056300094CB1D5CCF2C8163967DE4B0CEEC814B86
:105640009C78B1F6CF6C8152DA48353DCF688152F3
:1056500008D837EECCD9844384A813CDCC598FF128
:105660008CD8276DC4D5AFC1C4F82DE9C7F58FD844
:1056700084C86C8EC6688F4142C85CE8C66C8F5186
:105680000C4AD5F8C620E5C30CC8730CC22CE2C383
:10569000CCF9ABD8C690C7624AF9391FC314C63ECD
:1056A00048DEE11BC3B0E6220E4F753AD43CE62239
:1056B0000CC8AFD8CEE4A56A0ABE2E84C4A4CDC35C
:1056C0008A582D0ACE30EA4B1878216BC6002FCAB3
:1056D00088DE610EC0DEC201020000C0006A439C89
:1056E000E421088003CCC3DEE63B0E08FD2CD3DAB0
:1056F000A5B5985851A627C286A54BCE5DE666C4CF
:10570000A5B165CA71C27A04D7A143CE65A372CA96
:10571000D27D3ACAE5A37B88F5DDFDC871C272C4AB
:10572000D3D9BADB59226A0EC7E1D9DBC565720845
:1057300064BF1BDAD1C66E5A77B9F080296552185A
:10574000C6237C9B99E54A5EC52B1D1E212FEB4885
:105750005D371942214DDA8AB7392B0DF93B911A81
:10576000C2A1B802FD3BB954C32DB91E7554EB1E3E
:1057700053E5B8197D3AA95443AC980BFD6C835C92
:10578000C1315F4EF5856ECCFCB3EDC7F5A4264460
:10579000EF3364D868A4428C8C9969D5E08752CCE9
:1057A000DAB1B1D2A086438ECD6870D22C8762CE9A
:1057B000DC7C70D2A9862AD8CE2DB0C730C76A1833
:1057C000DBB1D5C73584620AEEB8D8C0DEC20102AB
:1057D0000000C0006A439CE421088001B9EB12FC80
:1057E000254C3C90DCD35B8C78860CA1D8D3DBB6FF
:1057F0007C8703E1FEC35093FDE30DEDB54310B28A
:10580000A72203E8B4E91697E1850B69BFB192E7D7
:105810006885007DDA4B5E9461C7002CD7435A8CB3
:10582000A5EC80615B22CFB6BB47007486E60E957F
:105830002FE7DBDDE63EDE4D8BF8D94945365E4C81
:105840000AEA89C5657A18D51E6DCA4D053E58D538
:105850000A0F875DCF3E48C40A2BC1698A3E0ACC35
:105860009F9BC014AC5294C59E4BC00048239CD44F
:10587000AB8ED500AB6B9AECBF8D8C00DD7BDEE48C
:105880002F2E0FA12FC31CD4A9984AE1677298A4A8
:10589000B939C2914DF30AF4BECEC0DEC201020096
:1058A00000C0006A439CE42108C000876A5EACE146
:1058B000DACF88E23356FB2F39CD30A2131059E5E9
:1058C000FDCF24836298CF79D4CA65A3738EF14D3E
:1058D0001AC9F5435284D67D4BC859227A4ECF9BC4
:1058E000CED84D6666C85F0BACD9C94327D8E69BB6
:1058F000ACDB59E63796D79B2BD959E37E72421E13
:1059000024D9D9A157B0621245D851A17FD2461AE5
:1059100025C028A32690C6BF4B82F88DF2CA97BA3D
:10592000864A5D865EC8FC1A0DCFC9A676DCF69A5B
:105930000CC4748636FC521ECAC5E8A61E2E361E3E
:10594000CAC570862D56523FCD9AD1866F1EC6337A
:1059500029C5718C2FCAC59BC9DBF58F16885D0FD1
:105960003BBAF18F2EC4DC8BAAC6F58F3E0CCE8FCE
:105970008AC6798F2A044A191AC2698F3A0C7E1393
:1059800014C2658C3606CE17A9DA20AF1AD8BD9A94
:105990008AD8A4AC3202F90E9AD738A72A8ED9B683
:1059A00059D3B0E5128AA99E48D394E62A8D8FB6C2
:1059B000CFC01CEFD95ECD3BB8C0DEC201020000F3
:1059C000C0006A439CE4210800131BD35CC2134A45
:1059D0000FD52B8B08E39ECA02D12FDA98E29A4B9F
:1059E000DF5984725A642DB2DA4D4D6ACE4CB5BC83
:1059F000DA4D4CC3845F3CB4DA49ECDBCE7FACFDBE
:105A0000DA49E5CA84CD38B0DA7D8266085FB9B07C
:105A1000DE79A32258DE3895DED1E25BD8BF355857
:105A2000DE71A77308A86CA9DA75A7730AF8584E37
:105A3000DA79A76B0CF840AADAE9E7630CB8509C56
:105A4000C6A1032308C87F15CCAB0C73CE78BCD09D
:105A5000C03DB84BC8EC1B1C4DDDCA43C86A9DFE57
:105A6000D84DEB4B887F95CED8518CDB9A3C39D002
:105A7000C86C84725E77A970C0348E6ADEC5ABDDF7
:105A8000CE919941D8B72D7580A12DD108BD2F0E8B
:105A9000177DBEF1D995616A037890C1D697A14769
:105AA000086D99B15F876DE7407DA57E82877B2E6B
:105AB000CF5D462F84FC8F68CCDD473F8E4F8D7DB8
:105AC000C455472F844F893ECCFD847E0ECA893051
:105AD0008E6C8C56C796A3EF206CBBD3DB97216FDF
:105AE00000689EE132D5ED8607E949FB19A355C24E
:105AF00006A0FB539497D9A5D724A22A94DB960B32
:105B0000CFFC835604F81AECCD55A552C6F9915A2C
:105B1000CCD5A543C6AB310BC475844B4CE8914D35
:105B2000C4E483C344BA2959C4A4A3DB44EB15716C
:105B3000C5ACA143CEBA8B3BC728E35AD8CF9372EA
:105B4000C6B4C27ADA7B179EC6B4E36208AE175CAD
:105B5000F2E48D3A4CD90F7BD6E88A3AC4D90BCA05
:105B6000C2688A2A8E480B18C3E98B1A44D909C81F
:105B7000C324EA2ACEC88DFDC3A8C7E38EFE8CB726
:105B8000CA304AA30C599B2BC0DEC201020000C0E0
:105B9000006AC39CEC291808BB5AA1DAE32BC70999
:105BA000DF189994C332C43F5585E25A930A8ADAC2
:105BB0004DE526184F3CB0DACD4C6AD865E595DB4B
:105BC000CD6D728E5CA9FEDE4DEFF30A7E349BDD57
:105BD00049ECCBCA5EA8FDD5F5A26218FCA596D704
:105BE000D1E23608BFBAAAD649427B8A981EA4D60B
:105BF000DD467118F87744D6D1422318F84889D683
:105C000079C23BC8DB419DD269C2335AC9C93ED66D
:105C10006DC21388D85D1AC575256BC6587470C5DA
:105C2000F52C5BCE6B2C50D9D54C5BC879349DDA02
:105C300059CC53DA6995CBDA5DEC539E3A91C9D9C8
:105C4000E88CCBDC75A739C03898739E5769531917
:105C5000A92AC19EA4B2C89E650DB8988C3F2B128C
:105C6000F896D19B96E5240668B4E9D48761AD33F4
:105C7000E599A91F87614703F984CA069CA3CECA88
:105C800059462E82B49F14CF596666C2FD9D13CD2E
:105C900079A53E487EB910C6EC8456CB942F2D03CF
:105CA000658F9BD497BB0C03611AD8929435260E4E
:105CB000ACAB995B8EBD47CAA083229CF9962CCBD6
:105CC000ED836A9ECB10B7CB5DA7DB8CC93978CB4F
:105CD000C9C4DB46D8314FCAD9E4D14CE81F25CA24
:105CE00051A7D9D8E89744CAF982C908BB174FCA47
:105CF0006D83C30E9A9FAFCEA0826B889EB708CEED
:105D000069A512CA58328ECE75463244FAB965CFAB
:105D1000F9C26242D3C1EFCF61A62A44C1430ACF80
:105D2000E5A62A4C43433BCFF9C62AC4D34D57CAF4
:105D30005D455B0CAA9BC4CAD5C4C104D8136CCA08
:105D4000D5EDC9C4D8352DCBF1E4C944C82C89CAD6
:105D5000D5ECC9CCD82DAFCA5DCCD88EF83945CE9C
:105D600051ACC944F8370ACE55ADC14CE81B6BCED7
:105D7000D1A44304BB8A49CFED865BCED6C97ECF82
:105D8000A486628E42C171CF69A25284D3D89DCEBF
:105D900051426E02D15C8BCFC96526444DA0ACCD7B
:105DA000494C3F84443D0E8F518D6E8855311A0009
:105DB0003D8ED39C57B77B8001BB73DAF73ACC4C4E
:105DC000212DAB46CCBFFEC3F9F9E10CB52E640D15
:105DD000F11BF19A8771A701F9D7C89486FCA30A31
:105DE000F9F4F1DC82D4C20F79B7B994A2E5C2000C
:105DF0003C589B92CDBD840000B76A1EA7258E3209
:105E000081FE4298F625AB0D29FBC354F125D8201D
:105E10006DF2431257972B00FD5CEB5C42334E0151
:105E20007318931E46176E00752C835CC2113B409D
:105E30005DC63718D51F0FCD59C72F985D1F4DC4AC
:105E40005DC42EDA3F354BC5D5ED2E1C3417C8CCBA
:105E5000E88E22D4C6B9D0C01CAE52DCC7E5F4C06F
:105E6000005BD35CD6E3CC0F80D553DEE7214B003B
:105E70000F19C318E62D6841E5EFEBDAD2E31D8672
:105E8000E565D39AE621F5C7250DEB5ED73FC9C07E
:105E9000DEC201020000C0006A439CE42108C00089
:105EA00087F298A5E5F8CAB8812E0CC997FAC9A05F
:105EB00081260CEE8BBFC865812E4EA436ABD95916
:105EC000C66E44DD17CADBCDCC264A4F15D8DBD9C8
:105ED000AD26585F8F72C86485FA9ADC3359C0E5E5
:105EE000ABD31E96E3A712FD285A4C82E3820071C1
:105EF000A64EC8FC9E0DDD49E666CA4B8D1FDF59D4
:105F0000C62ECA4B0B1FD97586668ADE0AE9C830D1
:105F1000A64A5AFF9E8A1B7144B31EB4336D437563
:105F20000CBB838212C6437F02FACCFD0ACCC07F31
:105F300062C2882B1F4BD9D5847A1A6D350BC9598B
:105F4000C46A186F394ACADD447A5824E9EBCE593D
:105F5000ED4ADA74177ACA7D8D2658D71716403065
:105F6000AB221ED73B5BC718B449CA45D51B802559
:105F70002BF1CABC26ED00EDD9F91A95E32431ECDA
:105F80009DE09C843B270A6597F0D48537E61BE4A7
:105F9000935916B7ABE20E659AD336D7A7041A6C9D
:105FA0009FD31282E9C53B616BAB16A2690509213B
:105FB000F8B89C86C8A520344A8B54B5E9E782809E
:105FC0004BC396946DA70C7926B348ACBDAF1B6D3F
:105FD000EF81CB95A4FA4028E2838DB1D145C0DE94
:105FE000C201020000C0006A439CE421088E018ABD
:105FF00072D4D52D59D008C33A96AF6D2AC4BCE1EE
:106000003A50FFB968EAD0A5F358FEA959CAF186FB
:10601000DB1854557DC9F1E74BCA4345BCC8F16450
:10602000634AA3756EC9D525730CAA9D4CC9D16569
:10603000490CF834CBCB5165C10CCA6CCBCADD64BA
:10604000C90A5AA4A8CEDDCCCB4A7CA188CF55E59D
:1060500042487721F8C4F1A57EDA62251EC7688C14
:106060003E5C72211DC77584438CE919F5C6F9851C
:106070004386F8319CD0A0A64A88C92D08D4A0A692
:1060800043984AA57ED4A4A75B8ACF791ED5ACA736
:106090007AC84EE91AD1B8E652C84F7F1BD2BCE28B
:1060A0005208BE95080000000080E03779C34143E4
:1060B000176E05B5B5B89346F5F93FE9034F384D6E
:1060C000321D30F94877825A3CBF737FDD4F15751A
:1060D000000000000000F03F00000000000024402D
:1060E00000000000000059400000000000408F4008
:1060F000000000000088C34000000000006AF84073
:106100000000000080842E4100000000D012634196
:106110000000000084D797410000000065CDCD410C
:10612000000000205FA00242000000E876483742ED
:10613000000000A2941A6D42000040E59C30A2428B
:106140000000901EC4BCD64200003426F56B0C4300
:106150000080E03779C3414300A0D88557347643A7
:1061600000C84E676DC1AB43003D9160E458E14308
:10617000408CB5781DAF154450EFE2D6E41A4B447D
:1061800092D54D06CFF08044F64AE1C7022DB544C2
:10619000B49DD9794378EA44001000000040000023
:1061A0000080000000200000080000001000000037
:1061B00020000000400000008000000000010000FE
:1061C00000020000000400000100000000080000C0
:1061D00000000000000000000000080000001000A7
:1061E0000200000004000000804E031801001100AE
:1061F000804E03180B001100804E0318060011009A
:10620000984E031813001100984E03181100110046
:10621000984E03180E001100984E03181400110038
:10622000804E03180A001100984E03181000110048
:10623000804E031809001100804E0318030000006F
:10624000804E031804000000804E03180500000073
:10625000984E03180F001100804E03180000000034
:10626000984E03180100000077B7021815B70218FE
:1062700029A8001861B7021873B70218EDA7001813
:10628000F5A60018FFB602184FB7021865B7021836
:106290000A000000E8030000881300006A180000EC
:1062A00010270000D4300000983A0000204E000073
:1062B000A861000050C30000A086010070C304184C
:1062C0001293041820007E0006000000A6C10418E6
:1062D0001A90041820007E000E0000005ABE041818
:1062E000228D041820007E00120000005ABA041803
:1062F0002A8A041820007E00140000000CB504183F
:106300003287041820007E00170000004CAD0418EE
:106310003A84041820007E001B00000000A104182D
:106320004281041820007E00240000008FA0041881
:10633000CA80041820002E0013000000D89F041803
:106340005280041820002E0016000000A39E04189E
:10635000DA7F041820002E001E00000055C5041826
:10636000860000005DC504188700000067C504189A
:106370008800000071C50418890000007AC504185F
:106380008A00000083C504188B0000008CC5041827
:106390008C00000096C504188D0000009EC50418EE
:1063A0008E000000A5C50418430000000000000096
:1063B000000000000000000000000000EDC0021816
:1063C0000FC10218EFC00218F1C0021807C102186D
:1063D000F3C00218F7C00218FBC0021801C102186E
:1063E000000000000000000021C1021831C10218A5
:1063F00023C102183FC1021867C102181DC102184B
:106400002DC10218FBC0021801C1021800000000D3
:10641000000000009DDD001849C30218D7C2021811
:106420000FC3021871C90218CFC20218D3C20218D2
:106430005FC30218BFC30218EF7404BB0BE0A0BA1D
:10644000073E803A835F453B60FA473BB9F21E3A0C
:10645000E6AF2FBB16EB7EBB9A458DBA7B89953B89
:1064600062140B3C3A1CAF3B707BDEBB1F19BDBCFA
:10647000011004BD7AD9ADBC477F8F3C7818A43D8C
:1064800025301A3E6427533E00CB683E6427533EB6
:1064900025301A3E7818A43D477F8F3C7AD9ADBC91
:1064A000011004BD1F19BDBC707BDEBB3A1CAF3BA5
:1064B00062140B3C7B89953B9A458DBA16EB7EBBEB
:1064C000E6AF2FBBB9F21E3A60FA473B835F453B0C
:1064D000073E803A0BE0A0BAEF7404BBFF6E51BBDD
:1064E000ED0940BB025EFEBA47B1BAB916C5CA3A59
:1064F0004B235E3BB3099C3BBB06AE3BE8189E3B7F
:10650000FA21583BFF517B3A2C5DE5BABEE48ABBC9
:10651000F9BBC0BB1788C9BB1B7F9BBB1E5FDFBA23
:10652000E8F9263BA370EC3B6302383CBFE75B3CD9
:106530007C93503C00700A3CD6FAE43973E32FBCDC
:10654000E25EC2BCF67E15BDB6773EBD69CF50BDDA
:106550004DE841BDD87009BD917D0BBCDCE3E23C48
:106560006DDD963DC6BA013EFB613B3E40CB733EBE
:106570008D10933EBFEEA63E9BA8B33E370AB83EB1
:106580009BA8B33EBFEEA63E8D10933E40CB733E1C
:10659000FB613B3EC6BA013E6DDD963DDCE3E23C6D
:1065A000917D0BBCD87009BD4DE841BD69CF50BD90
:1065B000B6773EBDF67E15BDE25EC2BC73E32FBC6E
:1065C000D6FAE43900700A3C7C93503CBFE75B3C50
:1065D0006302383CA370EC3BE8F9263B1E5FDFBA50
:1065E0001B7F9BBB1788C9BBF9BBC0BBBEE48ABB82
:1065F0002C5DE5BAFF517B3AFA21583BE8189E3BE7
:10660000BB06AE3BB3099C3B4B235E3B16C5CA3A67
:1066100047B1BAB9025EFEBAED0940BBFF6E51BB8D
:106620000000803F6AA1FDBFF54D7B3F3805323841
:106630003805B238380532388FC70418FCD2041830
:1066400092C7041897C704189CC70418A1C7041858
:10665000A6C70418ABC70418B1C70418B6C70418F6
:10666000BCC704185CF70418D9990418BFC70418EC
:10667000C4C70418CCC70418D4C70418DCC704184E
:10668000E4C70418ECC70418F6C70418FEC70418BA
:1066900008C8041853C5041865CB0418E7CB0418C0
:1066A0006DCB04185DC9041863C904186CC90418BB
:1066B000CACE041885CC041870CB041875C9041808
:1066C0007AC9041836C9041881CB0418BACA041848
:1066D000D5CA0418C7CA04184CC9041818C9041824
:1066E0008DCB041823C9041896CB0418A2CB041828
:1066F000AFCB0418BBC80418BCCB0418C1C804181D
:10670000C2CB041807CC041879CB04186FC804183E
:106710007CC8041888C80418C7CB041897C8041884
:106720009CC80418A0C80418CDCB04180CC80418C1
:106730001CC804182BC804183BC8041847C8041800
:10674000D6CB0418C2CC0418E3CB0418EBCB041846
:10675000F2CB0418FBCB041801CC04180ECC04189F
:1067600021CC041835CC041849CC041857CC041893
:106770006CCC041874CC041881CC0418DFC804183D
:106780008ECC0418A0CC0418AACC0418BCCC0418D5
:10679000C7CC0418D9CC04183EC904188DC80418F5
:1067A000D1C50418EBCC041802C90418AFC80418EA
:1067B000FACC041829C90418CAC80418D5C8041882
:1067C00001CD041808CD04180FCD041814CD0418F9
:1067D00009C9041813C904188ACF0418F1C8041889
:1067E000F5C80418E8C8041819CD04183CCE0418DC
:1067F00022CD04185DC904182CCD041834CD04181A
:10680000CACE04183ECD041846CD041875C9041824
:1068100059CD041836C9041863CD0418BACA04182F
:10682000D5CA0418C7CA041870CD041884CD04183A
:106830008BCD041895CD0418A1CD0418B0CD041843
:10684000C1CD0418D2CD0418D6CD0418DCCD04185F
:10685000E6CD041807CC0418EACD0418F5CD0418C9
:1068600002CE041888C804180DCE041814CE0418DB
:106870009CC80418A0C804181ACE04180CC8041820
:106880001CC804182BC804183BC8041847C80418AF
:1068900026CE0418C2CC041838CE041844CE0418EE
:1068A00052CE0418FBCB041864CE041873CE04181F
:1068B00088CE041898CE0418B1CE041857CC04180A
:1068C0006CCC0418BFCE0418CECE0418DDCE04184C
:1068D000E6CE0418FBCE04180ACF041820CF041803
:1068E0002CCF04183ECF041858CF041866CF0418D4
:1068F00079CF04187FCF041802C9041890CF041868
:106900009FCF0418ABCF0418BCCF0418D5C8041807
:10691000C7CF0418D1CF0418DDCF0418E3CF041873
:10692000E6CF0418F1CF04188ACF0418F1C8041870
:10693000F5C80418E8C8041865CB0418E7CB041898
:106940006DCB04185DC9041863C904186CC9041818
:10695000CACE041885CC041870CB041875C9041865
:106960007AC9041836C9041881CB0418BACA0418A5
:10697000D5CA0418C7CA04184CC9041818C9041881
:106980008DCB041823C9041896CB0418A2CB041885
:10699000AFCB0418BBC80418BCCB0418C1C804187A
:1069A000C2CB041807CC041879CB04186FC804189C
:1069B0007CC8041888C80418C7CB041897C80418E2
:1069C0009CC80418A0C80418CDCB04180CC804181F
:1069D0001CC804182BC804183BC8041847C804185E
:1069E000D6CB0418C2CC0418E3CB0418EBCB0418A4
:1069F000F2CB0418FBCB041801CC04180ECC0418FD
:106A000021CC041835CC041849CC041857CC0418F0
:106A10006CCC041874CC041881CC0418DFC804189A
:106A20008ECC0418A0CC0418AACC0418BCCC041832
:106A3000C7CC0418D9CC04183EC904188DC8041852
:106A4000D1C50418EBCC041802C90418AFC8041847
:106A5000FACC041829C90418CAC80418D5C80418DF
:106A600001CD041808CD04180FCD041814CD041856
:106A700009C9041813C904188ACF0418F1C80418E6
:106A8000F5C80418E8C804189ACB8DBADF4990BA43
:106A90001D3073BAECB7DDB9D244103A8344033BDE
:106AA000DCDD723BE696A83B0341B73BD9058D3B45
:106AB0000676523AF5F49DBBBAC93FBCA51695BC03
:106AC00040C2B4BCB361ABBC22DC51BCA60E533B8C
:106AD0000298DA3C9869633D2CC1B03D451DEB3D01
:106AE0001C060C3E683E183E683E183E1C060C3ED6
:106AF000451DEB3D2CC1B03D9869633D0298DA3CE1
:106B0000A60E533B22DC51BCB361ABBC40C2B4BC4B
:106B1000A51695BCBAC93FBCF5F49DBB0676523AA2
:106B2000D9058D3B0341B73BE696A83BDCDD723BC4
:106B30008344033BD244103AECB7DDB91D3073BA3D
:106B4000DF4990BA9ACB8DBAAB5F57BA89564DBA26
:106B5000EFF98C3ADD2A9D3AF561E7BA6CB306BBD2
:106B60007EBF433B40EC623BDD239FBB084BB6BB83
:106B700087DCF63BBC4F0C3CD09F38BCE8D751BCFF
:106B80004A49873C693A9B3CBA60C6BC3A12E9BCA8
:106B9000EB71163DCE0A3A3D1C827DBDC09FB2BD51
:106BA000DC34193EB14BE63EB14BE63EDC34193ED7
:106BB000C09FB2BD1C827DBDCE0A3A3DEB71163D31
:106BC0003A12E9BCBA60C6BC693A9B3C4A49873C68
:106BD000E8D751BCD09F38BCBC4F0C3C87DCF63B9F
:106BE000084BB6BBDD239FBB40EC623B7EBF433B03
:106BF0006CB306BBF561E7BADD2A9D3AEFF98C3A32
:106C000089564DBAAB5F57BA01000000050000007D
:106C10002000000038710418010000000500000089
:106C200020000000B87004180100000005000000FA
:106C3000200000003870041801000000050000006A
:106C400020000000B86F04180100000005000000DB
:106C500020000000386F041801000000050000004B
:106C600020000000B86E04180100000005000000BC
:106C700020000000386E041801000000050000002C
:106C800020000000B86D041801000000050000009D
:106C900020000000386D041801000000050000000D
:106CA00020000000B86C0418000000000000000084
:106CB00000000000000000000000C8410000484241
:106CC000000096420000C8420000FA42000016434D
:106CD00000002F43000048430000614300007A4356
:106CE00000808943000096430080A2430000AF4328
:106CF0000080BB430000C8430080D4430000E14350
:106D00000080ED430000FA43004003440080094442
:106D100000C00F440000164400401C440080224480
:106D200000C0284400002F440040354400803B440C
:106D300000C04144000048440000C84100004842EF
:106D4000000096420000C8420000FA4200001643CC
:106D500000002F43000048430000614300007A43D5
:106D600000808943000096430080A2430000AF43A7
:106D70000080BB430000C8430080D4430000E143CF
:106D80000080ED430000FA430040034400800944C2
:106D900000C00F440000164400401C440080224400
:106DA00000C0284400002F440040354400803B448C
:106DB00000C04144000048440000C841000048426F
:106DC000000096420000C8420000FA42000016434C
:106DD00000002F43000048430000614300007A4355
:106DE00000808943000096430080A2430000AF4327
:106DF0000080BB430000C8430080D4430000E1434F
:106E00000080ED430000FA43004003440080094441
:106E100000C00F440000164400401C44008022447F
:106E200000C0284400002F440040354400803B440B
:106E300000C04144000048440000C84100004842EE
:106E4000000096420000C8420000FA4200001643CB
:106E500000002F43000048430000614300007A43D4
:106E600000808943000096430080A2430000AF43A6
:106E70000080BB430000C8430080D4430000E143CE
:106E80000080ED430000FA430040034400800944C1
:106E900000C00F440000164400401C4400802244FF
:106EA00000C0284400002F440040354400803B448B
:106EB00000C04144000048440000C841000048426E
:106EC000000096420000C8420000FA42000016434B
:106ED00000002F430000484300007A43000096431F
:106EE0000000AF430000C8430000E1430000FA4344
:106EF00000800944000016440080224400002F4412
:106F000000803B4400004844008054440000614439
:106F100000806D4400007A4400408344008089442E
:106F200000C08F440000964400409C440080A2446E
:106F300000C0A8440000AF440000C841000048421F
:106F4000000096420000C8420000FA4200001643CA
:106F500000002F430000484300007A43000096439E
:106F60000000AF430000C8430000E1430000FA43C3
:106F700000800944000016440080224400002F4491
:106F800000803B44000048440080544400006144B9
:106F900000806D4400007A440040834400808944AE
:106FA00000C08F440000964400409C440080A244EE
:106FB00000C0A8440000AF440000C841000048429F
:106FC000000096420000C8420000FA42000016434A
:106FD00000002F430000484300007A43000096431E
:106FE0000000AF430000C8430000E1430000FA4343
:106FF00000800944000016440080224400002F4411
:1070000000803B4400004844008054440000614438
:1070100000806D4400007A4400408344008089442D
:1070200000C08F440000964400409C440080A2446D
:1070300000C0A8440000AF440000C841000048421E
:10704000000096420000C8420000FA4200001643C9
:1070500000002F43000048430000614300007A43D2
:1070600000808943000096430080A2430000AF43A4
:107070000080BB430000C8430080D4430000E143CC
:107080000080ED430000FA430040034400800944BF
:1070900000C00F440000164400401C4400802244FD
:1070A00000C0284400002F440040354400803B4489
:1070B00000C04144000048440000C841000048426C
:1070C000000096420000C8420000FA420000164349
:1070D00000002F43000048430000614300007A4352
:1070E00000808943000096430080A2430000AF4324
:1070F0000080BB430000C8430080D4430000E1434C
:107100000080ED430000FA4300400344008009443E
:1071100000C00F440000164400401C44008022447C
:1071200000C0284400002F440040354400803B4408
:1071300000C04144000048440000C84100004842EB
:10714000000096420000C8420000FA4200001643C8
:1071500000002F43000048430000614300007A43D1
:1071600000808943000096430080A2430000AF43A3
:107170000080BB430000C8430080D4430000E143CB
:107180000080ED430000FA430040034400800944BE
:1071900000C00F440000164400401C4400802244FC
:1071A00000C0284400002F440040354400803B4488
:1071B00000C041440000484403000000C0710418AE
:1071C000000000186DD6041806000000E0FF3F180C
:1071D0000000080075D6041821000000E0FF0B0035
:1071E000000000007CD6041825000000E003000029
:1071F0002AD704182ED7041833D7041838D7041800
:107200003FD7041844D70418D1D70418C9D7041895
:107210004AD7041850D7041856D704185CD7041856
:107220005FD7041864D7041869D704186ED70418F8
:1072300073D7041877D704187DD7041883D7041898
:1072400089D704188ED704189AD70418A3D704181E
:10725000B0D70418BCD70418C4D70418CDD7041865
:10726000D7D70418E2D70418EBD70418F3D70418BB
:10727000FBD70418516B011800000000000000004B
:1072800000000000000000001EDA041826DA0418CE
:107290000000000000000000000000002EDA0418CA
:1072A00032DA041836DA04183ADA0418096C0118CC
:1072B00000000000F56B0118516C0118000000007F
:1072C000E96B0118000000002D6C0118A04F0800A8
:1072D0000CDA09000100000000000800401E000058
:1072E0000600010000000000000000000000000097
:1072F000000000000000000002000000010000008B
:1073000001000000000000000C730418147304183E
:10731000010000001C73041802000000C04D031897
:1073200007100000C04D031808100000F188011874
:107330001D8A0118E40C0000B04E0318002D310125
:10734000000100000000000000000000000000003C
:10735000984E03180A000100000000000000000021
:107360008000A000A0050000004F0000009F0E0755
:10737000A20284C50A008A2A8AEE012C2D012C2D36
:10738000012C2D012C2D021C07123732292D292505
:107390002B3900010310031D07062E2C292D2E2E3C
:1073A000373F00000210000063E6021859E6021899
:1073B000898D011879E502187FE5021883E5021826
:1073C000FBE5021889E50218A98C0118F58C011853
:1073D000D9910118D994011879950118B7E60218C6
:1073E0000000000000000000E5E6021800000000B8
:1073F00000000000C197011861970118BBE902184D
:10740000F3E90218599801182D9801181D980118D0
:107410000000000075E702180004000000100000E2
:1074200004000000FF000000FFFFFFFF010000005C
:1074300000000000FFFFFFFF000000000000000050
:10744000FBEC021893EC021875EC02185DEC0218C4
:1074500043EC02182BEC0218B5EB0218D199011875
:10746000000000008000204600002046018001014D
:10747000747404187C7404180100000084740418E7
:1074800001000000D84D0318030B0000018001012A
:10749000947404189C74041801000000A474041867
:1074A00001000000D84D0318020B00005D9B01187D
:1074B000D99A01180000204500C20100C0740418C8
:1074C000C874041801000000D07404180200000001
:1074D00000000000000000000000000000000000AC
:1074E00087EE0218B3EE021800000000799C011824
:1074F000C7EE0218000000000000000069EF02184B
:1075000008750418000050451075041801000000AB
:107510001875041804000000D84D03180C0700006B
:10752000D84D03180B070000D84D03180A070000B8
:10753000D84D0318090700000000000000000000FB
:1075400053EF02184C750418000040455475041898
:1075500000000000A1A10118FFEF02184040101028
:107560001010101063616368655F73796E635F73F9
:107570007263000063616368655F73796E635F6463
:1075800073740000646F5F63616368655F73796E35
:10759000630000007570646174655F6E6578745F88
:1075A000786665725F61646472000000646D615F9B
:1075B0006368616E6E656C5F636F6E666967757236
:1075C000655F696E7465726E616C000072616E67F2
:1075D000655F69735F636163686561626C65000024
:1075E00000000018000080180000003800008038FB
:1075F00000000030000080306463616368655F698B
:107600006E76616C69646174655F72616E67650056
:107610000000904511000000F9B40118200000009E
:10762000C82708000000A045120000000DB5011891
:1076300010000000D42708000000004508000000EA
:1076400079C1011820000000E0270800E8270800A1
:10765000E455080003000000000010450900000088
:10766000D5C1011820000000F0270800F827080005
:107670002856080003000000000020450A00000012
:1076800031C2011820000000002808000828080066
:107690006C560800030000005350495F434C4B00F8
:1076A0005350495F506F776572436F6E74726F6CA1
:1076B000000000007370695F61626F72745F7472C2
:1076C000616E7366657200007370695F7365745FE5
:1076D0006275735F73706565640000007370695F45
:1076E0006765745F6275735F737065656400000041
:1076F0000000B045130000009B270318C458080081
:10770000000000000000C04514000000E12703183D
:10771000F858080000000000984E03180800010007
:10772000984E031807000000984E03180D00000043
:10773000804E031802000100984E03180600000056
:10774000984E031805000000F5FFFFFF8DF60418A2
:107750009BF60418AFF60418BEF60418CAF604180F
:10776000B04C0318B04C0318204D0318284D0318D3
:10777000A84D0318C04D0318E47704180B00051832
:10778000987704180000000078770418994E0218C2
:10779000C5410318914E0218847804182B0005186F
:1077A000E4770418380005189877041884780418CA
:1077B0004A000518847804186A00051800000000C3
:1077C000A0770418914303189343031849500218F3
:1077D000E47704188E000518707804180000000083
:1077E000D07704182D5402185B4603184B47031832
:1077F0004B470318A7480318FF4703181F470318F0
:10780000AB4603186F46031884780418B3000518B4
:10781000E4770418C000051898770418E477041872
:10782000D000051810780418E4770418E100051852
:107830001078041800000000107804184154021851
:107840007F4703187B470318000000001C780418CA
:1078500065540218914703187B4703180000000085
:107860002878041879540218A34703187B47031893
:10787000E4770418340105180878041800000000A3
:1078800070780418B55502183D4803184B47031883
:107890004B470318A7480318FF4703188F480318DE
:1078A000514803183148031800000080DB0F49409D
:1078B000DB0F49C0DB0F49BFE4CB1640E4CB16C059
:1078C000000FC93F000F494000CB9640000FC94050
:1078D0000053FB4000CB164100ED2F41000F494102
:1078E0000031624100537B41003A8A4100CB96410E
:1078F000005CA34100EDAF41007EBC41000FC941D7
:1079000000A0D5410031E24100C2EE410053FB41ED
:1079100000F20342003A0A420083104200CB1642B2
:1079200000141D42005C234200A5294200ED2F42B5
:1079300000363642007E3C4200C74242000F4942B8
:10794000A2000000F9000000830000006E000000AB
:107950004E00000044000000150000002900000057
:10796000FC0000002700000057000000D1000000CC
:10797000F500000034000000DD000000C000000041
:10798000DB0000006200000095000000990000008C
:107990003C00000043000000900000004100000097
:1079A000FE0000005100000063000000AB0000007A
:1079B000DE000000BB000000C50000006100000008
:1079C000B7000000240000006E0000003A00000034
:1079D000420000004D000000D2000000E000000066
:1079E00006000000490000002E000000EA00000030
:1079F00009000000D1000000920000001C000000FF
:107A0000FE0000001D000000EB0000001C00000054
:107A1000B100000029000000A70000003E000000A7
:107A2000E80000008200000035000000F5000000C2
:107A30002E000000BB000000440000008400000095
:107A4000E90000009C00000070000000260000001B
:107A5000B40000005F0000007E0000004100000054
:107A60003900000091000000D6000000390000003D
:107A7000830000005300000039000000F400000003
:107A80009C000000840000005F0000008B000000EC
:107A9000BD000000F9000000280000003B000000CD
:107AA0001F000000F800000097000000FF00000029
:107AB000DE00000005000000980000000F0000003C
:107AC000EF0000002F000000110000008B000000FC
:107AD0005A0000000A0000006D0000001F000000B6
:107AE0006D000000360000007E000000CF000000A6
:107AF00027000000CB00000009000000B7000000D4
:107B00004F000000460000003F000000660000003B
:107B10009E0000005F000000EA0000002D00000051
:107B20007500000027000000BA000000C700000038
:107B3000EB000000E5000000F10000007B00000009
:107B40003D0000000700000039000000F7000000C1
:107B50008A0000005200000092000000EA000000CD
:107B60006B000000FB0000005F000000B10000009F
:107B70001F0000008D0000005D00000008000000F4
:107B80005600000003000000300000004600000026
:107B9000FC0000007B0000006B000000AB00000058
:107BA000F0000000CF000000BC000000200000003A
:107BB0009A000000F4000000360000001D000000E4
:107BC000A9000000E3000000910000006100000037
:107BD0005E000000E60000001B000000080000003E
:107BE0006500000099000000850000005F000000B3
:107BF00014000000A0000000680000004000000029
:107C00008D000000FF000000D80000008000000090
:107C10004D0000007300000027000000310000004C
:107C200006000000060000001500000056000000DD
:107C3000CA00000073000000A8000000C900000096
:107C400060000000E20000007B000000C0000000B7
:107C50008C0000006B0000000000C93F0000F039FC
:107C60000000DA370000A2330000842E0000502B01
:107C70000000C2270000D0220000C41F0000C61B65
:107C80000000441704000000070000000900000085
:107C90006937AC3168212233B40F14336821A23321
:107CA0003863ED3EDA0F493F5E987B3FDA0FC93FFC
:107CB0002C2066756E6374696F6E3A2000000000B8
:107CC000617373657274696F6E202225732220665A
:107CD00061696C65643A2066696C652022257322AF
:107CE0002C206C696E65202564257325730A0000BD
:107CF000002020202020202020202828282828207C
:107D00002020202020202020202020202020202073
:107D100020881010101010101010101010101010DB
:107D200010040404040404040404041010101010CB
:107D30001010414141414141010101010101010195
:107D400001010101010101010101010110101010E7
:107D50001010424242424242020202020202020267
:107D600002020202020202020202020210101010BB
:107D700020000000000000000000000000000000E3
:107D800000000000000000000000000000000000F3
:107D900000000000000000000000000000000000E3
:107DA00000000000000000000000000000000000D3
:107DB00000000000000000000000000000000000C3
:107DC00000000000000000000000000000000000B3
:107DD00000000000000000000000000000000000A3
:107DE0000000000000000000000000000000000093
:107DF000000000000A0000003031323334353637DD
:107E000038394142434445460000000030313233A6
:107E100034353637383961626364656600000000C6
:107E2000286E756C6C2900003030303030303030C6
:107E300030303030303030302020202020202020C2
:107E40002020202020202020494E4600696E660018
:107E50004E414E006E616E00300000003030303018
:107E60003030303030303030303030302020202052
:107E700020202020202020202020202030303030C2
:107E80003030303030303030303030302020202032
:107E900020202020202020202020202030303030A2
:107EA0003030303030303030303030302020202012
:107EB000202020202020202020202020496E6669BC
:107EC0006E697479000000004E614E0042616C6C76
:107ED0006F6320737563636565646564000000000B
:107EE0002F5F5F772F5F74656D702F776F726B7385
:107EF000706163652F6275696C642F2E6275696CA1
:107F0000642F61726D2D7A65706879722D6561627A
:107F1000692F7372632F6E65776C69622F6E657758
:107F20006C69622F6C6962632F7374646C69622F71
:107F300064746F612E6300002F5F5F772F5F74653D
:107F40006D702F776F726B73706163652F627569E7
:107F50006C642F2E6275696C642F61726D2D7A6569
:107F6000706879722D656162692F7372632F6E6517
:107F7000776C69622F6E65776C69622F6C696263DA
:107F80002F7374646C69622F6D707265632E630069
:107F900005000000190000007D0000004300000003
:107FA000504F5349580000002E0093FFA001A6F93E
:107FB000ED15B3790CF22E040DFFDFFE570533EDFE
:107FC000834E834E33ED5705DFFE0DFF2E040CF27A
:107FD000B379ED15A6F9A00193FF00000101090096
:107FE000F50001000D0D0900F50017000D0D090049
:107FF000F5002D000D0D0900F50043000D0D0900E1
:10800000F50059000D0D0900F5006F000D0D090078
:10801000F50085000D0D0900F5009B000D0D090010
:10802000F500B1000D0D0900F500C7000D0D0900A8
:10803000F500DD000D0D0900F500F3000D0D090040
:10804000F50009010D0D0900F5001F010D0D0900D6
:10805000F500000001010600F80001000A0A060010
:10806000F8000E000A0A0600F8001B000A0A0600C3
:10807000F80028000A0A0600F80035000A0A06007F
:10808000F80042000A0A0600F8004F000A0A06003B
:10809000F8005C000A0A0600F80069000A0A0600F7
:1080A000F80076000A0A0600F80083000A0A0600B3
:1080B000F80090000A0A0600F8009D000A0A06006F
:1080C000F800AA000A0A0600F800000001010500F5
:1080D000F900010008080500F9000900080805007A
:1080E000F900110008080500F9001900080805004A
:1080F000F900210008080500F9002900080805001A
:10810000F900310008080500F900390008080500E9
:10811000F900410008080500F900490008080500B9
:10812000F900510008080500F90059000808050089
:10813000F900610008080500F90069000808050059
:10814000F900000001010700000001000515090207
:10815000EC000F0008080D02E900170011151502C8
:10816000EC0044000D1C1102E900720017151B02FF
:10817000EC00AF0014151501EC00E4000308070241
:10818000E900E700081E0A02E9000501081E0A00CE
:10819000E90023010D0C0F01EC0037010E0E110157
:1081A000F100500104090802FD00550108020A010E
:1081B000F700570104040802FD0059010E1E0CFFD0
:1081C000E9008E010D151102EC00B1010915110233
:1081D000EC00C9010D151102EC00EC010D151102A6
:1081E000EC000F020F151101EC0037020D15110202
:1081F000EC005A020D151102EC007D020D15110262
:10820000EC00A0020D151102EC00C3020D151102C5
:10821000EC00E60204100802F100EE020415080268
:10822000F100F9020E0D1102F10010030E08110108
:10823000F4001E030F0D1101F10037030B150D01A2
:10824000EC005403191B1D02EB00A90315151500C2
:10825000EC00E1030F151403EC00090410151302E0
:10826000EC00330411151603EC0060040E15120324
:10827000EC0085040D151103EC00A804101515027F
:10828000EC00D20410151603EC00FC0403150903DE
:10829000EC0004050D151000EC0027051115140362
:1082A000EC0054050C151003EC00740519151D02A3
:1082B000EC00B60511151703EC00E30514151802C0
:1082C000EC0018060F151303EC004006141B1802EF
:1082D000EC00840610151403EC00AE060E15100118
:1082E000EC00D30611151301EC0000070F15150360
:1082F000EC00280713151300EC005A071B151D018D
:10830000EC00A10712151401EC00D107131513009E
:10831000EC00030810151201EC002D08071E0A03DB
:10832000E90048080E1E0CFFE9007D08071E0A0040
:10833000E90098080F0C1101EC00AF080F020F00C4
:108340000500B30806060C02E900B8080D1010017C
:10835000F100D2080F181202E900FF080C100E01FC
:10836000F10017090F181201E90044090F1011015B
:10837000F10062090A180C02E90080090F161201C7
:10838000F100AA090E181202E900D4090317070226
:10839000EA00DD09081D07FDEA00FA090E181002BF
:1083A000E900240A05180802E900330A1510190229
:1083B000F1005D0A0E101202F100790A101012018C
:1083C000F100990A0F161202F100C30A0F161201EA
:1083D000F100ED0A0A100C02F100010B0C100E0165
:1083E000F100190B09150C02EC00310B0E101202F2
:1083F000F1004D0B0F101101F1006B0B171019015B
:10840000F100990B0E101001F100B50B0E161001C2
:10841000F100DC0B0D100F01F100F60B091E0A0133
:10842000E900180C021E0903E900200C091E0A00CD
:10843000E900420C0F051101F600000001010600E1
:108440000000010002110702F000060006060A0201
:10845000EE000B000E111001F00029000B160E01AA
:10846000EE00480013111501F00071000F1110010A
:10847000F000910002060602EE00930005170802C4
:10848000EE00A20005170801EE00B10009090C0278
:10849000F000BC000C0C0E01F400CE000307060136
:1084A000FE00D10006020801F900D3000303060113
:1084B000FE00D5000B1709FFEE00F5000C110E01B0
:1084C000F0000F0106110E03F0001C010B110E024B
:1084D000F00034010B110E01F0004C010C110E01E3
:1084E000F00066010A110E02F0007C010B110E0271
:1084F000F00094010B110E01F000AC010C110E0103
:10850000F000C6010B110E01F000DE01030D0601A3
:10851000F400E30103110601F400EA010B0B0E0263
:10852000F400FA010B070E02F60004020B0B0E0119
:10853000F400140208110A01F000250213151702B5
:10854000F00057020F110F00F00077020C110F021C
:10855000F00091020D110F01F000AD020E11110299
:10856000F000CB020B110E02F000E3020A110D0223
:10857000F000F9020D111001F00015030D111102A8
:10858000F000310302110602F00036030A110C005C
:10859000F0004C030D110F02F00068030A110C02E9
:1085A000F0007E0312111401F000A5030D11110259
:1085B000F000C10310111201F000E3030C110F02CF
:1085C000F000FD0311151301F0002A040D110F0234
:1085D000F00046040B110D01F0005E040C110C00BC
:1085E000F00078040D111102F00094041011100035
:1085F000F000B60415111701F000E3040E110F018D
:10860000F00001050E110E00F0001F050C110E0107
:10861000F000390506170802EE004B050B1709FF9D
:10862000EE006B0506170800EE007D050B090E0134
:10863000F0008A050C020C0003008D0505050901F8
:10864000EE0091050A0D0D01F400A2050B120E02B9
:10865000EF00BB050A0D0B01F400CC050B120E0157
:10866000EF00E5050B0D0D01F400F70507120902F7
:10867000EF0007060B110E01F4001F060A120E028E
:10868000EF00360602120602EF003B06061606FE53
:10869000EF004C060B120D02EF00650604120702F4
:1086A000EF006E06120D1602F4008C060A0D0E0283
:1086B000F4009D060C0D0E01F400B1060B110E0224
:1086C000F400C9060B110E01F400E106070D0902C2
:1086D000F400ED06090D0B01F400FC0607110A0277
:1086E000F0000B070A0D0E02F4001C070C0D0C0025
:1086F000F4003007130D1300F4004F070C0D0C00AD
:10870000F40063070B110B00F4007B07090D0B014C
:10871000F4008A0707170801EE009F0702170702F7
:10872000EE00A50707170800EE00BA070B040E01BC
:10873000F80000000101050000000100020E060221
:10874000F300050006050802F10009000B0E0D01FB
:10875000F3001D0009120B01F20032000F0E11018F
:10876000F3004D000C0E0D01F3006200020505023E
:10877000F100640005140602F1007100051406FF03
:10878000F1007E0009080A01F30087000A0A0B01C4
:10879000F600940003050501FF009600050207019D
:1087A000FA00980002030501FE0099000814080071
:1087B000F100AD00090E0B01F300BD00060E0B0128
:1087C000F300C800080E0B01F300D600080E0B01E1
:1087D000F300E400090E0B01F300F400090E0B0195
:1087E000F3000401090E0B01F3001401090E0B0143
:1087F000F3002401090E0B01F3003401090E0B01F3
:10880000F3004401020B0501F6004701030E0501C8
:10881000F6004D010A090B01F700590109070B0188
:10882000F800610109090B01F7006C01060E08014F
:10883000F300770111111301F3009C010D0E0D00DF
:10884000F300B3010A0E0D02F300C5010A0E0C017C
:10885000F300D7010B0E0E02F300EB01080E0B0222
:10886000F300F901080E0B02F30007020A0E0D01D6
:10887000F30019020A0E0E02F3002B02020E06028A
:10888000F3002F02080E0A00F3003D020B0E0D024A
:10889000F3005102080E0A02F3005F02100E1201EB
:1088A000F3007B020B0E0F02F3008F020E0E10017D
:1088B000F300A802090E0C02F300B8020E12100118
:1088C000F300D8020B0E0D02F300EC02090E0B01AF
:1088D000F300FC020A0E0A00F3000E030A0E0E0259
:1088E000F30020030D0E0D00F3003703110E1301EA
:1088F000F30055030D0E0D00F3006C030C0E0C007D
:10890000F3008103090E0B01F30091030514070224
:10891000F1009E0308140800F100B20305140700DB
:10892000F100BF0309080B01F300C8030A020A00A3
:108930000300CB0304040801F100CD03070B0A0177
:10894000F600D703090F0C02F200E803080B0A0136
:10895000F600F303090F0C01F2000404090B0B01EC
:10896000F6001104060F0802F2001D04090F0C01A5
:10897000F6002E04080F0C02F2003D04020F06025E
:10898000F2004104051306FFF2004D04080F0A022D
:10899000F2005C04040F0602F20064040E0B1202E3
:1089A000F6007804080B0C02F60083040A0B0C0195
:1089B000F6009104090F0C02F600A204090F0C0145
:1089C000F600B304060B0802F600BC04070B09010D
:1089D000F600C604050E0802F300CF04080B0C02D3
:1089E000F600DA040A0B0A00F600E8040F0B0F0089
:1089F000F600FD040A0B0A00F6000B05090F09003A
:108A0000F6001C05070B0901F600260506140701F0
:108A1000F100350502140602F1003A0506140700BC
:108A2000F10049050A040B01F900000001010400EE
:108A300000000100010C0502F50003000405080117
:108A4000F30006000A0C0C01F500150008100A01DD
:108A5000F30025000D0C0F01F50039000B0C0C0183
:108A6000F5004A0001050401F3004B000411060162
:108A7000F300540004110601F3005D00070709012B
:108A8000F500640007070A01F8006B000205040006
:108A9000FF006D0004010601FB006E0001020401ED
:108AA000FF006F0007110700F3007E00080C0A01A9
:108AB000F5008A00040C0A02F5009000070C0A0178
:108AC000F5009B00080C0A01F500A700080C0A013C
:108AD000F500B300080C0A01F500BF00080C0A01FC
:108AE000F500CB00080C0A01F500D700080C0A01BC
:108AF000F500E300080C0A01F500EF00010904018C
:108B0000F800F100020C0400F800F40008090A0162
:108B1000F700FD0008040A01F900010108090A0133
:108B2000F7000A01060C0701F50013010D0E1102F2
:108B3000F5002A010B0C0B00F5003B01090C0C029F
:108B4000F50049010A0C0C01F50058010A0C0D0250
:108B5000F5006701070C0A02F5007201070C0A0212
:108B6000F5007D01090C0C01F5008B01090C0D02CB
:108B7000F5009901010C0502F5009B01070C0900A5
:108B8000F500A601090C0B02F500B401070C09025F
:108B9000F500BF010D0C0F01F500D301090C0D020A
:108BA000F500E1010C0C0E01F500F301080C0B02BD
:108BB000F500FF010C0F0E01F5001602090C0B0267
:108BC000F5002402080C0A01F5003002090C090026
:108BD000F5003E02090C0D02F5004C020B0C0B00D7
:108BE000F5005D02110C1100F50077020A0C0A0075
:108BF000F50086020B0C0B00F5009702080C0A0129
:108C0000F500A30204110602F300AC0207110700ED
:108C1000F300BB0204110600F300C40209070A01B5
:108C2000F500CC02090109000300CE02030307018D
:108C3000F400D00207090901F800D802090E0B015F
:108C4000F300E80207090901F800F002090E0B0120
:108C5000F300000308090A01F8000903060E0701E2
:108C6000F3001403080C0A01F8002003080E0A019F
:108C7000F3002E03010D0301F4003003041003FE82
:108C8000F4003803080E0901F3004603030E040143
:108C9000F3004C030D090F01F8005B0308090A01FA
:108CA000F800640309090B01F8006F03090C0B01BC
:108CB000F8007D03090C0B01F8008B03060907017E
:108CC000F800920306090801F8009903050C070152
:108CD000F500A10308090A01F800AA03090909001F
:108CE000F800B5030D090D00F800C40309090900D7
:108CF000F800CF03090C0900F800DD03060908019C
:108D0000F800E40305110600F300EF03011105026A
:108D1000F300F20305110601F300FD0308030A0145
:108D2000FB0000000101040000000100010B040130
:108D3000F600030004040701F4000500090B0B0111
:108D4000F6001200070F0901F40020000C0B0E01C1
:108D5000F60031000A0B0B01F6003F00010404018C
:108D6000F400400004100501F40048000410050060
:108D7000F400500007060801F60056000707090135
:108D8000F9005D0002050400FF005F000401060118
:108D9000FC00600001020401FF00610007100600F2
:108DA000F4006F00070B0901F6007900040B0901BC
:108DB000F6007F00070B0901F6008900070B090187
:108DC000F6009300070B0901F6009D00070B09014F
:108DD000F600A700070B0901F600B100070B090117
:108DE000F600BB00070B0901F600C500070B0901DF
:108DF000F600CF0001080401F900D000020B0400C6
:108E0000F900D30007070901F900DA000704090196
:108E1000FA00DE0008070901F900E500050B06016C
:108E2000F600EC000D0D0F01F60002010B0B0B001C
:108E3000F6001201080B0A01F6001D01090B0B01D7
:108E4000F6002A01090B0B01F6003701070B090197
:108E5000F6004101070B0901F6004B01090B0B015C
:108E6000F6005801090B0B01F6006501010B030127
:108E7000F6006701070B0800F6007101090B0A01F3
:108E8000F6007E01070B0801F60088010B0B0D01AF
:108E9000F6009801090B0B01F600A5010A0B0C0165
:108EA000F600B301080B0A01F600BE010A0E0C0120
:108EB000F600D001090B0A01F600DD01070B0901DC
:108EC000F600E701090B0900F600F401090B0B019C
:108ED000F6000102090B0900F6000E020D0B0D0051
:108EE000F6002002090B0900F6002D02090B09000B
:108EF000F6003A02070B0901F600440203100502CE
:108F0000F4004A0207100600F4005802031005009E
:108F1000F4005E0207060901F60064020801080079
:108F20000300650203030601F50067020608080155
:108F3000F9006D02070C0901F50078020608080126
:108F4000F9007E02070C0901F500890207080901F2
:108F5000F9009002050C0601F5009802070B0901C3
:108F6000F900A202070C0901F500AD02010C030192
:108F7000F500AF02030F03FFF500B502060C080170
:108F8000F500BE02030C0401F500C3020B080D013D
:108F9000F900CE0207080901F900D50208080A0104
:108FA000F900DD02070B0901F900E702070B0901CF
:108FB000F900F10205080601F900F60205080701AB
:108FC000F900FB02040B0601F60001030708090182
:108FD000F900080307080700F9000F030D080D004A
:108FE000F9001C0308080800F9002403070B070018
:108FF000F9002E0306080801F900340305100500E6
:10900000F4003E0301100401F400400305100500C4
:10901000F4004A0307020901FB00000001010300FC
:109020000000010001080301F9000200030305012B
:10903000F800040006080801F9000A00050C070101
:10904000F700120008080A01F9001A0007080801D1
:10905000F900210001030301F8002200030B0401C1
:10906000F8002700030B0400F8002C00050506019A
:10907000F900300005050701FB003400020403007D
:10908000FF00350003010501FD0036000102030168
:10909000FF003700050B0500F8003E00050807013A
:1090A000F900430003080701F9004600050807011D
:1090B000F9004B0005080701F900500005080701F9
:1090C000F900550005080701F9005A0005080701D5
:1090D000F9005F0005080701F900640005080701B1
:1090E000F900690005080701F9006E000107030196
:1090F000FA006F0002090300FA007200050507017B
:10910000FB00760005030701FD0078000505070157
:10911000FB007C0004080501F900800009090B012F
:10912000F9008B0007080700F90092000608080103
:10913000F900980006080801F9009E0007080901D7
:10914000F900A50005080701F900AA0005080601B5
:10915000F900AF0006080801F900B500060808018B
:10916000F900BB0001080301F900BC000508060076
:10917000F900C10006080801F900C700050806014A
:10918000F900CC0009080B01F900D5000708090116
:10919000F900DC0007080901F900E30006080701EF
:1091A000F900E900070A0901F900F20007080801BF
:1091B000F900F90004080601F900FD00070807009E
:1091C000F900040106080801F9000A010708070070
:1091D000F90011010B080B00F9001C01070807003A
:1091E000F900230107080700F9002A010508070113
:1091F000F9002F01030B0401F8003401050B0500F1
:10920000F8003B01030B0400F800400105050701CD
:10921000F9004401060106000200450102020501B1
:10922000F800460104060601FB0049010509070193
:10923000F8004F0105060701FB005301050907016E
:10924000F800590105060701FB005D01040905014D
:10925000F800620105080701FB0067010509070125
:10926000F8006D0101090301F8006F01030B03FF12
:10927000F800740105090601F8007A0102090301EA
:10928000F8007D0109060B01FB00840105060701BA
:10929000FB00880105060701FB008C01050807019A
:1092A000FB00910105080701FB009601040605017A
:1092B000FB00990104060601FB009C01040806015D
:1092C000F900A00105060701FB00A4010506050041
:1092D000FB00A80109060900FB00AF010606060015
:1092E000FB00B40105080500FB00B90104060601F6
:1092F000FB00BC01030B0401F800C101010B0301D9
:10930000F800C301030B0400F800C80106020701BE
:10931000FC00000008010200FB000100080502003B
:10932000FB00060008020400FB000800080504001A
:10933000FB000D0008050400FB00120008050400F6
:10934000FB00170008050400FB001C0008020200D7
:10935000FB001E0008050300FB00230008050300B6
:10936000FB00280008030400FB002B000803040096
:10937000FC002E0008020300FE003000080104007B
:10938000FD00310008010200FF0032000805040062
:10939000FB00370008050400FB003C000805030043
:1093A000FB00410008050400FB004600080504001E
:1093B000FB004B0008050400FB00500008050400FA
:1093C000FB00550008050400FB005A0008050400D6
:1093D000FB005F0008050400FB00640008050400B2
:1093E000FB00690008030200FC006C000804030095
:1093F000FC00700008050400FB0075000803040071
:10940000FC00780008050400FB007D00080504004E
:10941000FB00820008050400FB008700080504002B
:10942000FB008C0008050400FB0091000805040007
:10943000FB00960008050400FB009B0008050400E3
:10944000FB00A00008050400FB00A50008050400BF
:10945000FB00AA0008050400FB00AF00080504009B
:10946000FB00B40008050400FB00B9000805040077
:10947000FB00BE0008050400FB00C3000805040053
:10948000FB00C80008050400FB00CD00080504002F
:10949000FB00D20008050400FB00D700080504000B
:1094A000FB00DC0008050400FB00E10008050400E7
:1094B000FB00E60008050400FB00EB0008050400C3
:1094C000FB00F00008050400FB00F500080504009F
:1094D000FB00FA0008050400FB00FF00080504007B
:1094E000FB00040108050400FB0009010805040055
:1094F000FB000E0108030400FC0011010805040034
:10950000FB00160108020400FB001801080104001A
:10951000FF00190108020300FB001B0108040400FE
:10952000FC001F0108050400FB00240108040400DE
:10953000FC00280108050400FB002D0108040400BC
:10954000FC00310108050400FB0036010805040099
:10955000FC003B0108050400FB0040010805020077
:10956000FB00450108060400FB004B010805040050
:10957000FB00500108050400FB005501080404002D
:10958000FC00590108040400FC005D01080404000B
:10959000FC00610108050400FC00660108050400E8
:1095A000FC006B0108040400FC006F0108040400C7
:1095B000FC00730108050400FB00780108040400A6
:1095C000FC007C0108040400FC0080010804040085
:1095D000FC00840108040400FC0088010805040064
:1095E000FC008D0108040400FC0091010805040042
:1095F000FB00960108050200FB009B010805040022
:10960000FB00A00108020400FB009E02B502CF028D
:10961000E80202031D033903560375039303B403E1
:10962000CE03E8030B04300455047C04A404CE04E8
:10963000F904260555058505B605EA051F063E060B
:10964000560677068F06B106CA06ED0607072B07F2
:1096500046076B078807AE07CB07F30711083B08DF
:109660008508D108F30820097209C709ED0900002F
:1096700035596AB25FEBE13DD4648B8FBED6C27BB5
:10968000F722A8C99D902346161F49F47CAD90018E
:109690000300580203002003030000000000750CC3
:1096A0009F043E09E306C60D130FB90AED01DA0364
:1096B000B407680F4F0AEB083E09970AC60D670307
:1096C000CD06990DDA03B407680F3B06750C000050
:1096D000780000003A000800801001020000C0403D
:1096E0001F0A2E00FF02115B00001E41000000CE89
:1096F00000000000001097310000FF135298000096
:10970000000008000000E151BCA84526E400D81C78
:10971000503AE0EA003000020000446973706C6166
:109720007920696E697400446973706C6179206492
:109730006576696365206E6F742072656164790077
:10974000446973706C617920696E697420646F6E0E
:109750006500726164696F5F656E61626C65547803
:109760003A20656E7465720A00726164696F5F65A4
:109770006E61626C6554783A20646F6E650A00729F
:109780006164696F5F64697361626C655274783A91
:1097900020656E7465720A00726164696F5F646946
:1097A0007361626C655274783A20646F6E650A006A
:1097B000574553545F544F504449522F7A6570684F
:1097C00079722F696E636C7564652F7A657068793C
:1097D000722F647269766572732F6770696F2E6875
:1097E00000286366672D3E706F72745F70696E5FEC
:1097F0006D61736B202620286770696F5F706F72D0
:10980000745F70696E735F74292831554C203C3C3D
:10981000202870696E29292920213D2030550041DA
:109820005353455254494F4E204641494C205B25E5
:10983000735D20402025733A25640A0009556E7334
:109840007570706F727465642070696E0A002866A6
:109850006C616773202620282831203C3C20342965
:10986000207C202831203C3C203529292920213DFD
:1098700020282831203C3C203429207C20283120FD
:109880003C3C20352929000950756C6C205570200E
:10989000616E642050756C6C20446F776E20736825
:1098A0006F756C64206E6F7420626520656E6162F6
:1098B0006C65642073696D756C74616E656F75732A
:1098C0006C790A00212828666C616773202620289D
:1098D0003155203C3C2031362929202626202128BC
:1098E000666C616773202620283155203C3C20316E
:1098F0003729292026262028666C616773202620B8
:109900002831203C3C20312929290009496E7075F5
:10991000742063616E6E6F7420626520656E616293
:109920006C656420666F7220274F70656E204472EC
:1099300061696E272C20274F70656E20536F7572FA
:10994000636527206D6F64657320776974686F7530
:1099500074204F75747075740A0028666C616773A3
:109960002026202831203C3C2031292920213D205F
:1099700030207C7C2028666C61677320262028318B
:10998000203C3C20322929203D3D2030006B657968
:10999000626F6172640028666C61677320262028FC
:1099A000283155203C3C20313829207C2028315555
:1099B000203C3C203139292929203D3D2030207C84
:1099C0007C2028666C616773202620283155203C56
:1099D0003C203137292920213D203000094F757462
:1099E000707574206E6565647320746F20626520E5
:1099F000656E61626C656420746F20626520696EBB
:109A0000697469616C697A6564206C6F77206F7224
:109A100020686967680A004661696C656420746F34
:109A20002073657420646973706C61792050574DA0
:109A30003A2025640A00446973706C61792062726F
:109A4000696768746E6573732073657420746F2022
:109A500025642525202850574D2025642525290AD1
:109A60000052657175657374656420545820706F79
:109A70007765723A20256425250A004661696C6580
:109A80006420746F2073657420545820706F77655C
:109A9000722050574D3A2025640A00545820706FA8
:109AA0007765722073657420746F20256425250AFC
:109AB0000030783439206465204F4533414E4320CF
:109AC00066726F6D204F50454E525458206F6E2075
:109AD000746865204336320A004144432064657649
:109AE000696365206E6F742072656164790A00464F
:109AF00061696C656420746F2073657475702041B2
:109B00004443206368616E6E656C3A2025640A00E8
:109B1000414443207265666572656E636520766FA9
:109B20006C746167653A202564206D560A004144D3
:109B300043207265666572656E636520766F6C742E
:109B4000616765206E6F7420617661696C61626C1B
:109B5000650A004661696C656420746F20726561F6
:109B600064204144433A2025640A000A2A2A2043FB
:109B700068617267696E67207374617274656420CE
:109B80002A2A0A000A2A2A204368617267696E67D6
:109B90002073746F70706564202A2A0A00777261DE
:109BA00070706564206D616C6C6F633A20257A7506
:109BB0002062797465730A006D616C6C6F63206656
:109BC00061696C656420666F722073697A6520250F
:109BD0007A750A006D616C6C6F63207375636365E1
:109BE0006564656420666F722073697A6520257AE2
:109BF0007520617420616464726573732025700A36
:109C0000004144435F50444D5F4741494E5F415FCF
:109C10004C4546543D31363B4144435F50444D5FD3
:109C20004741494E5F445F4C4546543D32303B41CD
:109C300044435F50444D5F4741494E5F415F524945
:109C40004748543D31363B4144435F50444D5F47A4
:109C500041494E5F445F52494748543D32300061AC
:109C60007564696F5F6272696467655F737472655A
:109C7000616D696E670000000000000000000002D6
:109C80007C6204180000000001017C6204180000DE
:109C900000000200000000000000000000026862F6
:109CA00004180000000001016862041800000000B0
:109CB000020025733A204175746F206C6F61642037
:109CC000445350206669726D776172652066726FC9
:109CD0006D20257320286F66667365743A2030788E
:109CE000253038782C2073697A653A20257529004B
:109CF0006473705F6669726D77617265006C73661C
:109D00005F6473705F696E697400647370002573BB
:109D10003A20496E697469616C697A696E67204C92
:109D20005346207365727669636520636F6E747243
:109D30006F6C6C65720025733A2044535020737920
:109D40006E6365640025733A204453502072656148
:109D500064790025733A20496E697469616C697A87
:109D6000696E6720736572766963652025730046A6
:109D700061696C656420746F20696E697469616CD7
:109D8000697A6520736572766963652025733A2068
:109D9000256400434D414B455F534F555243455F4A
:109DA0004449522F706C6174666F726D2F746172CA
:109DB000676574732F6336322F6C73662E6300737E
:109DC000657276696365203C3D205F6C73665F73E6
:109DD0006572766963655F6C6973745F656E640054
:109DE00009756E6578706563746564206C69737459
:109DF00020656E64206C6F636174696F6E0A002564
:109E0000733A20416C6C20736572766963657320C8
:109E1000696E697469616C697A6564006C73665F08
:109E2000636F6E74726F6C6C65725F696E697400DB
:109E30004C5346006C7366004F504E525458004FBE
:109E400050454E525458003CFF06000000000000F0
:109E500000000000000000001000000000000000F2
:109E60000000000001004F70656E52545800000061
:109E700000000000000000000000000000000000E2
:109E800000000000000000000000000000000000D2
:109E900000000000000000000000002B2564002BE3
:109EA0003230000000000000004046032D695D4B89
:109EB0005A6031010000000000000000000FF8406F
:109EC00042FA1550AA85542AA1010FF8000000009B
:109ED00000000000000F800C00A00900880800802E
:109EE0000000000000000000000000008008088062
:109EF0004802801800F8000000000000000038014F
:109F0000C07FC7FF1C70E3871C7FF1FF01C00E00FC
:109F1000000000001003E02082221391BEC4E4225E
:109F2000208203E00400000000001003E020820211
:109F3000101180C40420208203E00400000000000F
:109F40007C02201101FC1FF0FF87BC3DE1FF0FF8F0
:109F50007FC0000000000007F03F81FC0FE07F039E
:109F6000F81FC01001C0FFE0000000007C022004C8
:109F700001FC18301400E00F806C0220110000007A
:109F80000000000FF8C064011010C183F80F803882
:109F90000080000000000000000FF8C064011110F4
:109FA000FF83F80F80380080000000000000000FE1
:109FB000F8C064711FF0FF83F80F80380080000044
:109FC00000000000000FF8FFE7FF1FF0FF83F80F0D
:109FD00080380080000000000000000001024C9367
:109FE000240800000000000FC4097A5294A5290239
:109FF0003F0000000000F00C05024100800000005E
:10A000000000001008240A0300F000000000030311
:10A01000F1FE330CC7F8FC0C000000030330B45E03
:10A0200097A2D0CC0C000000030330844090221093
:10A03000CC0C00000C048120FC3F0FC330FC3F001F
:10A0400000000FC3F0FC3F0FC3F0007F8300000748
:10A0500080C0FC000301E0481200000007861902DE
:10A06000408B41E03000000000078619027F8FC15D
:10A07000E03000000000078619327F8FC1E0300019
:10A080000000000787F9FE7F8FC1E030000000006C
:10A090000000422424420000007E5A6666427E0090
:10A0A0000000040810200000000004081020000038
:10A0B00000187E66667E1800003C425A5A423C00F8
:10A0C000003C424242423C001824247E7E7E7E00B8
:10A0D000003C3C3C3C3C18180000181818182400A0
:10A0E000003C81423C181800003C815A3C18180082
:10A0F000003C817E3C181800003CFF7E3C18180094
:10A1000000739CE739CE739CE7100003BFF700E7AC
:10A11000E7E7E3E3E3E343038E01C700E780E3807F
:10A1200071C038E3FFFFFFFFFFFF871C038E01C7ED
:10A130000FFFFFFFFFFFFE38E01C700E380F3807DF
:10A140001C038E0006003001803FC3FF3C1B801CB7
:10A1500000E007003C00F803F007C00F801E007805
:10A1600001C00E007003F03BFF87F0060030018055
:10A170000C003E0060FE01818C06060C0C0C1830B1
:10A180001830E030618060C600630C00FE3000F8DB
:10A19000E3E0018FE00618C00C60C030C180E183AD
:10A1A00001830606060C0C0630300FE0C00F800756
:10A1B000E000FF801FF803C3C0381C0381C0383C97
:10A1C000018F801FF000FC001F8003F80C7DE1CFA1
:10A1D0000F1CE07B8E01F8E00F0F01F07FFF83FF83
:10A1E0009C0FE0E0FFFFFA040F1E1C3C38787070F3
:10A1F00070E0E0E0E0E0E0E0E0E0E070707078382F
:10A200003C1C1E0F0420F078383C1C1E0E0E0E075E
:10A210000707070707070707070E0E0E1E1C3C3827
:10A2200078F02007003801C08E2F27BFF81C01B03E
:10A230001DC0EE0E38110003000C003000C00300FA
:10A240000C0FFFFFFF03000C003000C003000C00E8
:10A250007777766E40FFFF6FF6000C006001800696
:10A26000003000C0060018006003000C0060018090
:10A2700006003000C0060018006003000C006001FA
:10A280008006003000C006001800600300000F8048
:10A29000FE0FF8F1E707383B80FC07E03F01F80FBD
:10A2A000C07E03F01F80EE0E7073C78FF83F80F8FA
:10A2B000000387CFFFFF3A1C0E070381C0E0703810
:10A2C0001C0E070381C0E070381F83FE3FF8E1E4F5
:10A2D00007003801C00E00E00E00E00E006007002D
:10A2E0007007007003803FFFFFFFFF801F87FF3F65
:10A2F000F8C1E007003801C01C0FC07E03F801E080
:10A3000007801C00E007007E07BFFDFFC3F80000C8
:10A310007001E007C01F807F00EE039C0E381C70A8
:10A3200070E1C1C3838E071FFFFFFFFFFF007000B6
:10A33000E001C0038007003FF1FF8FFC7003801C29
:10A3400000E00FE07FC3FF00FC00F003801C00E092
:10A3500007007E07BFFDFFC3F80000F03F83FC3E0F
:10A3600003C01C01C00DF0FFE7FFBC3DC0FE03F0C1
:10A370001F80FC07707BC78FFC7FC0F800FFFFFFCA
:10A38000FFFE007007007003803801C01C00E00E63
:10A39000007003803801C00E00E007003801C000E3
:10A3A0000F80FE0FF8F1E7073839C1CE0E38E1FF14
:10A3B00007F07FC71F703F80FC07E03F83DFFC7F13
:10A3C000C1FC000F81FF1FF8F1EF07701F80FC0731
:10A3D000E03F83DFFE7FF1FB803801C01E01E03EDD
:10A3E0001FE0FE0780006FF6000000006FF66FF6BA
:10A3F000000000007777766E40000800F01F01F043
:10A400001F03E00E003E001F001F001F000F00088A
:10A41000FFFFFFF00000000000000FFFFFFF400102
:10A42000F000F8007E001F000FC003803F01F01F06
:10A4300080F807C00400003F1FF90700700E01C03C
:10A44000780E0781E0380E01C0380000000003805C
:10A45000700E01C0007F0001FFF001F03C01C00759
:10A4600081C001C1C00070E07E1CE0FF8E70F1C7AA
:10A470007070E1F87070FC38387E1C1C3F0E0E1FA7
:10A4800087070FC38387E1C1C77070E39C3C738E5D
:10A490000FFFC781E781C000007000001E000007A9
:10A4A000C04001FFE0001FE00000700007C0003E58
:10A4B0000003B8001DC001C7000E380071C00707B7
:10A4C0000038380380E01C0700E0380FFFE07FFF12
:10A4D00007FFFC3800E380039C001CE000EE000353
:10A4E00080FFC1FFE3FFE703EE01DC03B807703C28
:10A4F000FFF1FFE3FFE701EE01FC01F803F007E0E5
:10A500001FC07BFFF7FFCFFC0001FC0FFF1FFF3ECA
:10A51000063C0078007000E000E000E000E000E0B1
:10A5200000E000E0007000700078003E061FFF0FA2
:10A53000FF03FCFFC07FF83FFF1C0FCE01E7007B4D
:10A54000801DC007E003F001F800FC007E003F0022
:10A550001F801DC01EE01E703F3FFF1FFE0FFC004E
:10A56000FFFBFFEFFFB800E003800E003800FFF3B1
:10A57000FFCFFF3800E003800E003800E003800FBB
:10A58000FFFFFFFFFCFFFFFFFFFFC00E0070038017
:10A590001C00FFF7FFBFFDC00E007003801C00E031
:10A5A00007003801C00E000001FC0FFF1FFF3E0630
:10A5B000380078007000E000E000E000E000E00714
:10A5C000E007E0077007700778073E071FFF0FFFDF
:10A5D00003FCE007E007E007E007E007E007E0072B
:10A5E000E007FFFFFFFFFFFFE007E007E007E007EE
:10A5F000E007E007E007E007E007E007FFFFFFFFF5
:10A60000FFFFFFFE003801C00E007003801C00E059
:10A6100007003801C00E007003801C00E007007BBB
:10A6200007BFFDFFC1F800E00E700E380E1C0E0EC5
:10A630000E070E038E01CE00EE007E003F801DE06F
:10A640000E78071E0387C1C0F0E038701E38079CE3
:10A6500001EE0078E00E00E00E00E00E00E00E00DB
:10A66000E00E00E00E00E00E00E00E00E00E00FF45
:10A67000FFFFFFF038000E1E000F0F00078FC0070E
:10A68000C7700773980339CE039CE3018E7181C7AD
:10A690003860C39C3061CE1C70E706307783B83BCE
:10A6A00080D80FC07C07E03E03F00E01F80000FCEC
:10A6B00000007E000038E003F801FE00FF007FC0CC
:10A6C0003F701F9C0FCF07E383F0E1F838FC0C7E4E
:10A6D000073F01DF806FC03FE00FF003F800FC0090
:10A6E0007E001801F800FFF01FFF83E07C7801C7AF
:10A6F000801E7000EE0007E0007E0007E0007E0094
:10A7000007E0007E00077000E7001E7801C3E07CD0
:10A710001FFF80FFF001F800FFC1FFE3FFF701EE2C
:10A7200001FC01F803F007E01FC07BFFF7FF8FFC7F
:10A730001C0038007000E001C0038007000E00001C
:10A7400001F800FFF01FFF83E07C7801C7801E70D6
:10A7500000EE0007E0007E0007E0007E0007E0005A
:10A760007E00077000E7001E7801C3E07C1FFF80B9
:10A77000FFE003F800070000780003F0001FE0008E
:10A780007C0001C0FFC0FFF0FFFCE03CE01EE00EDB
:10A79000E00EE00EE01EE03CFFFCFFF0FFE0E0E03A
:10A7A000E070E078E038E03CE01CE01EE00F0FE0F5
:10A7B0007FE3FF9E047001C007001E003E007F0083
:10A7C000FF007E0038007001C007001D81FFFFBF41
:10A7D000FC3FC0FFFFFFFFFFFFE038001C000E0042
:10A7E0000700038001C000E000700038001C000E6C
:10A7F000000700038001C000E000700038001C006A
:10A80000E00FC01F803F007E00FC01F803F007E06E
:10A810000FC01F803F007E00FC01F803F80F701C82
:10A82000F078FFE0FF807C00E000FE003DC00738CC
:10A8300000E7803870070E00E0E0381C070380E076
:10A840003838070700F1E00E3801C7001DC003B813
:10A85000007F0007C000F8000E00E00000FC0000D0
:10A860001F800003B80700E700E01CE03E039C07E0
:10A87000C07380DC0E783B8387077070E1C70E1CC5
:10A8800038E1C3871C3839C1CE073839C0EE03B868
:10A890001DC07701F80FC03E00F807C01F0070010F
:10A8A000C0E0039C01C380E070381C1C038E007361
:10A8B000801DC003E00078001E000F8003F001CE71
:10A8C00000E3C078701C0E0E01C78071C00EE0015D
:10A8D000C0E000EE0039C0071C01C1C070380E0393
:10A8E00083807070071C0077000FE000F8000E00F6
:10A8F00001C0003800070000E0001C000380007069
:10A90000000E007FFF7FFF7FFF0007000E001C008E
:10A9100038007000E001C00380038007000E001CB7
:10A92000001C0038007000FFFFFFFFFFFFFFFF87E4
:10A930000E1C3870E1C3870E1C3870E1C3870E1CF3
:10A940003870E1C3870FFFC0C001800600180030D7
:10A9500000C00180060018003000C0018006001809
:10A96000003000C00180060018003000C0018006E1
:10A970000018003000C001800600180030FFFC38CD
:10A9800070E1C3870E1C3870E1C3870E1C3870E17C
:10A99000C3870E1C387FFFC003800F801F00770124
:10A9A000EF038E0E0E1C1C701CE03B803A0020FF53
:10A9B000FFFFFC43870E1C201FC1FF883C00F003F3
:10A9C000801C00E3FF7FFF81F80FC07E03F81DFFAE
:10A9D000E3FEE001C0038007000E001C0038007099
:10A9E00000EFC1FFE3C1E700EE01DC01F803F0076F
:10A9F000E00FC01F803F00EE03DC0F3FFC1FE007AD
:10AA0000E1FF3C0700700E00E00E00E00E00E007E2
:10AA1000007003C11FF07E000E001C0038007000A3
:10AA2000E001C003800707EE3FFCF07B807700FC6D
:10AA300001F803F007E00FC01F803B807780E781BB
:10AA4000C7FF83FE07E03FF0F0F380E700FC01F86A
:10AA500003FFFFFFFFC0038003800700078087FF1D
:10AA600003FC1FCFF783C0E0380E0380FFBFEE0367
:10AA700080E0380E0380E0380E0380E0380E03805B
:10AA800007F83FFCF03B807700FC01F803F007E09B
:10AA90000FC01FC03B8073C1E3FFC3FB8007000EE4
:10AAA000001C007301E7FF87FC00E003800E003804
:10AAB00000E003800E003800FFC3FFCE07B80EE0B1
:10AAC0001F807E01F807E01F807E01F807E01F80ED
:10AAD0007E01F807FC0007FFFFFFFFFFF8070700F4
:10AAE0000000000007070707070707070707070712
:10AAF000070707070707070EFCF8E003800E00387A
:10AB000000E003800E003800E07B81CE0E3870E359
:10AB1000839C0EE03F00FE039C0E383870E0E3811A
:10AB2000CE07B80FE739CE739CE739CE739CE7396F
:10AB3000CE79E77F87C7FEFF383C1DC1E0FE0703E3
:10AB4000F0381F81C0FC0E07E0703F0381F81C0F36
:10AB5000C0E07E0703F0381F81C0FC0E073FC3FF33
:10AB6000CE07B80EE01F807E01F807E01F807E014F
:10AB7000F807E01F807E01F80707E01FF83C3C70F3
:10AB80000E700EE007E007E007E007E007E007705F
:10AB90000E700E3C3C1FF807E03FC1FFE381E70168
:10ABA000EE01DC01F803F007E00FC01F803F00EE6C
:10ABB00001DE0F3FFC77E0E001C0038007000E00DC
:10ABC0001C000007F83FFCF03BC07700FC01F803D5
:10ABD000F007E00FC01F803B807700E783C7FF834B
:10ABE000F7000E001C0038007000E001C03FFFFEBF
:10ABF0000380E0380E0380E0380E0380E0380E0357
:10AC0000801FC7FE702E00E00F00FC07F81FE03F1A
:10AC100000F007007C0FFFE7F8E070381C0E07FB20
:10AC2000FDC0E070381C0E070381C0E0701C2FF3DC
:10AC3000F0E01F807E01F807E01F807E01F807E04A
:10AC40001F807E01F807701DE073FFC3FEE00FC098
:10AC50001DC07380E701C7070E0E1E3C1C7038E054
:10AC60003B807700FE00F801F001C0E0380FC070B3
:10AC70001DC0E07383E0E707C1CE0D830E1B8E1C61
:10AC8000771C38C638318CE0771DC0EE1B80F83E4B
:10AC900001F07C01C0700380E0E039C1C38E0E3842
:10ACA0001DC03F00F801C007803F01DC0738387144
:10ACB000C1E703B807E01FC077039C0E3838E1C333
:10ACC00087071C1CE07380EE03B80EC01F007C01D8
:10ACD000E003801E007003C0FE03E000FFFFFFC022
:10ACE0000E00E00E00E00E00E007007007007003A9
:10ACF000803803FFFFFF0387C78381C0E070381CE3
:10AD00000E070383C7C3C0701C0E070381C0E07029
:10AD1000381C0E0701C0F81CFFFFFFFFFFFFFFF00C
:10AD2000E07C0F0381C0E070381C0E070381E07CDB
:10AD30001E1C1C0E070381C0E070381C0E07070F95
:10AD400087003C06FE0D8E360FEC078000FFFFFFEC
:10AD50000FC0CF3CF3CF100C183060C1860CFFFF42
:10AD6000FFF183060C3870C183063FFFFFFCC186EC
:10AD70000C183060C00600C0180FE7FDC0B0060018
:10AD8000E00F007803C01C01C01803C0FFF9FE03E8
:10AD900000600C003C030FC0C39C3061860C318105
:10ADA000866030CC073B3C7EEFC79B9C066180CC25
:10ADB0003031860C30C18738607E1807800F003F25
:10ADC00000E70186030C063806600F801E00FE199E
:10ADD0008E360CCC0D180E381C3FEC1F0CFFF00803
:10ADE000CC663198C6318C63186318630C208618C2
:10ADF000C318C318C6318C63318CC662001C0E3672
:10AE00007DF3E0A0D8EE2200060060060060060F89
:10AE1000FFFFF0600600600600606DB5B0FFF0FF58
:10AE200080006018030060180300C0180300C018F9
:10AE30000700C0180600C0180600C0300600C03069
:10AE4000000F03FC70E606E06C03C03C03C03C034B
:10AE5000C03C03E0760670E3FC0F000C77FBCC30BF
:10AE6000C30C30C30C30C30C3F0FF38700600C01E0
:10AE700080601C0701C0701C0300C03007FFFFE0AA
:10AE80003E1FF10700600C018060FC1F80380380CA
:10AE9000300600E077FE7F0001C01C03C07C0EC1BD
:10AEA000CC18C30C70C60CC0CFFFFFF00C00C00C58
:10AEB00000C03F8FE300C0300C07C1FC0780700C5E
:10AEC0000300C0383BFE7E0003C1F870180600C0C6
:10AED00037C7FEC0D80F01E03C06C1DC71FC1F0083
:10AEE000FFFFFC018060180300C0180600C0300698
:10AEF00000C0180600C018001F87FE606C03C03C2D
:10AF0000037067DC1F833E60EC03C03C03E077FE08
:10AF10001F801F0FF187606C0780F01F037FE3EC39
:10AF20000380601C0703C3F07800FF800003FEFF6E
:10AF3000800001B6D6C000403C3E1F0F01803C019E
:10AF4000F00F807C0100FFFFFC00000001FFFFF814
:10AF5000401E00F807C01E00C0787C3E1E010000A5
:10AF60007CFE07030303060C183830300000303035
:10AF70003003F801FFC0781C1C01C7001CC1F99800
:10AF8000FF1E1863C60C78C18F1831E3063C60CFF2
:10AF9000861998FFF307BC7000070000780007FED1
:10AFA000001FC0038007000E0036006C01DC031890
:10AFB000063018303060E0C1FFC3FF8C01980330C9
:10AFC00006C006FF0FFCC1EC06C06C06C0CFF8FF40
:10AFD000CC0EC03C03C03C07C0EFFCFF0007F0FFF5
:10AFE000CE06E006007003001800C006003001C065
:10AFF00006003800E063FF07F0FF03FF8C0F300E00
:10B00000C01B007C00F003C00F003C00F007C01B19
:10B0100000EC0F3FF8FF00FFDFFB00600C01803009
:10B0200007FEFFD80300600C01803007FFFFE0FF40
:10B03000FFFC0300C0300C03FEFFB00C0300C03067
:10B040000C0300C00007F0FFCE04E0060070030010
:10B050001800C00600F007803601B80CE063FF0757
:10B06000F0C01E00F007803C01E00F007FFFFFFEF4
:10B0700000F007803C01E00F007803C018FFFFFFDD
:10B08000FFC000C0300C0300C0300C0300C0300C07
:10B090000300C0341BFE3E00C066063061860C60B3
:10B0A0006603601E00F806F033C18F0C3C60E303BA
:10B0B000980EC038C0300C0300C0300C0300C03004
:10B0C0000C0300C0300C03FFFFC060019C00E700D0
:10B0D00039E01E68059B036E409B1863C610F0CCD8
:10B0E0003C330F0483C1E0F0783C0C0F0003C00038
:10B0F000C0C01F00FC07F03D81E60F3878E3C31E97
:10B100000CF07781BC07E01F00F803C00807E01FC0
:10B11000F8381C700E6006E007C003C003C003C00F
:10B1200003C003E0076006700E381C1FF807E0FF3D
:10B130000FFCC0EC07C03C03C03C07C0EFFCFF0C99
:10B1400000C00C00C00C00C00007F00FFE0F078EFF
:10B1500000E60037001F00078003C001E000F00098
:10B160007C007600338038F0783FF007E000600024
:10B170001E0007C000E0FF07FE3039806C03601B33
:10B1800000D81CFFC7FC3061818C0E603300D807EB
:10B19000C0181F8FFB82600C01C01E01E00F0078F9
:10B1A0000380300600F03FFE3F00FFFFFF06006017
:10B1B000060060060060060060060060060060068B
:10B1C00000600600C01E00F007803C01E00F007820
:10B1D00003C01E00F007803C01B019C1C7FC0F80FE
:10B1E000C003600660066006300C300C381C18186E
:10B1F00018180C300C300660066007E003C003C06E
:10B200000180C0001E0000F80C0EC0E0660703308D
:10B2100038198361CE1B0C30DC618C630C631877AA
:10B220001D81B06C0D8360781F01C0700E0380E03B
:10B230001D8063030E1C18603300FC01E003001E38
:10B2400000FC03301860E1C7031806E01CC00D8045
:10B2500067038C0C18606180CC03F007800C003011
:10B2600000C003000C003000C00300FFFFFF0070AF
:10B270000600C0180300700600C0180380300600E6
:10B28000E00FFFFFF0FFFC30C30C30C30C30C30CE9
:10B2900030C30C30C3FFC0C00C0180300300600617
:10B2A00000C0180180300700600C00C01803003097
:10B2B0000600600C018018FFF0C30C30C30C30C3D3
:10B2C0000C30C30C30C30FFFC00401C06C0D8318D9
:10B2D000631837074040FFFFFF471C71007F1FE0E6
:10B2E0001C0300CFF7FF83C0F03E0DFF3FC0C01826
:10B2F0000300600C01BE3FE70EC0D80F01E03C0721
:10B3000080F0360EFF9FC00FCFF70180C0300C03D6
:10B3100000C0180700FF0FC000600C018030063E1F
:10B32000CFFB8760780F01E03C0780D81B833FE1AB
:10B33000F81F07F9C3303C07FFFFFE00C01C01C126
:10B340001FE1F83EFF860C1FBF60C183060C18305A
:10B3500060C1800FC7FDC1B03C0780F01E03C07CF8
:10B360000DC39FF1F600D033FE3F00C0300C030048
:10B37000C03F8FFB06C0F03C0F03C0F03C0F03C082
:10B38000F030F03FFFFFF00C30000030C30C30C352
:10B390000C30C30C30C7FBC0C0180300600C018127
:10B3A000B06638CE1B03C07C0DE18C30C60CC0D813
:10B3B0000CCCCCCCCCCCCCCCCCF77F3F3FFFEC1C26
:10B3C0001F0303C0C0F0303C0C0F0303C0C0F030BB
:10B3D0003C0C0F0303C0C0C07F3FEC1B03C0F03C1C
:10B3E0000F03C0F03C0F03C0C00F03FC70E606C0A3
:10B3F0003C03C03C03C0360670E3FC1F007E1FF315
:10B4000007606C0780F01E03C0781B877FCDF1803A
:10B41000300600C0000FC7FDC1B03C0780F01E031E
:10B42000C06C0DC39FF1F600C0180300607FFF06DB
:10B430000C183060C183060C003F3FB8580E03C0A3
:10B44000F81E0380E0FFE7E0C183060FFFF060C154
:10B4500083060C1838BF3EC0F03C0F03C0F03C0F11
:10B4600003C0F0360DFF1FC0C03E0760660670E3E4
:10B470000C30C1981981F80F00F00600C040781C0C
:10B480000D83833070661B0C63630C6C619DCC1B59
:10B490001B0363607C7C070700E0E0E0760630C1B8
:10B4A000981F80F00600F01F839C30C606E070C035
:10B4B0007C1983306718630C61D81B036078070020
:10B4C000E0180707C0F000FFFFC0E0E060606070B8
:10B4D0003030381FFFF80E3CE183060C18306186CF
:10B4E0000E0E0C183060C18383C380FFFFFFFFFF87
:10B4F000FCE1E0E0C183060C18303030E3860C1824
:10B500003060C39E3800386F9F9F61C000FFFFC34B
:10B51000F0CF3CB2C80CC198660CCFFFFFC6619853
:10B52000FFFFFCCC198660CC000C060FCFEE160393
:10B5300080F01E038060383FFDF8180C060038309C
:10B54000D8C31986360C6C0DB00E60019C036C0DCF
:10B550008C1B186630C6C307001E07F063063067F1
:10B5600003E03C07C2E66C6CC3CE187FC3E6FFC0A5
:10B57000118CC63318C6318C618C618C20431863E2
:10B58000186318C6318CC63318800804326FE08106
:10B59000B1DC440C0300C030FFFFF0C0300C0300EE
:10B5A0006DACFFC0FC03030606060C0C0C18181843
:10B5B00018303030606060C0C01C3F98DC7C1E0FCB
:10B5C0000783C1E0F8EC67F0E00CFFF30C30C30C2C
:10B5D00030C30C303CFEC7030303060C187060C078
:10B5E000FFFF78FE06060E3C3C0603030387FE7C45
:10B5F00006070787C36331998CFFFFC180C06030A5
:10B600007FBFD80C0603E1FC0E0180C0707FF3E021
:10B61000070F8E0C0607F3FD87C1E0F06C77F1F0A1
:10B62000FFFFC0606060303018180C060603018010
:10B630003E3FB8F83C1B98F8EEC3E0F07C77F1F0A1
:10B640003E3FB8D83C1E0F86FF3F8180C1C7C380F4
:10B65000FC00FC6D80000DB5800081E3F3E0C03E8E
:10B6600003E01E0080FFFFC0000007FFFE403C0F0C
:10B6700080F0183CF8F040007BF8C30C618C30007F
:10B680000C30C007F00FFE0F038E00E63F373F8FF0
:10B6900038C79863CC31E618F38CDCFFE63FE380D3
:10B6A00000F0003FE007F00007003803601B00D8FF
:10B6B0000C6063060C3061FF1FFCC06603600CFE6B
:10B6C0003FCC3B06C3BFCFFB07C0F03C0F07FFBF1B
:10B6D000800F8FF70580C0300C0300C0300601C119
:10B6E0003FC3E0FE1FF307606C0780F01E03C078C5
:10B6F0000F0360EFF9FC00FEFEC0C0C0FEFEC0C03C
:10B70000C0C0C0FFFFFFFFC0C0C0C0FEFEC0C0C0C1
:10B71000C0C0C00F8FF70580C0300C0303C0F036E7
:10B720000DC33FC7F0C0F03C0F03C0F03FFFFFC0A8
:10B73000F03C0F03C0F030FFFFFFF00303030303EF
:10B7400003030303030307FE7CC0D8330C630CC15F
:10B75000B03C06C0CC18C30C60CC1D8180C0C0C0FA
:10B76000C0C0C0C0C0C0C0C0C0FFFF6006700E70C7
:10B770000E781E6816EC36C423C663C663C3C3C303
:10B78000C3C183C003C003C07C0FC1F83D8798F1DB
:10B790009E33C3782F07E07C0780C00FC0FFC787A8
:10B7A0009806E01F003C00F003C00F8076019E1E4B
:10B7B0003FF03F00FC7FB0F83C1E0F0FFEFE6030F4
:10B7C000180C06000FC0FFC7879806E01F003C005A
:10B7D000F003C00F8076019E1C3FE03E00300070F9
:10B7E00000F800E0FE1FF307606C0D81B077FCFEEF
:10B7F00018630E60EC0D80C03E3FB8180C0380F853
:10B800001E0380C0707FF3F0FFFFF0C0300C030018
:10B81000C0300C0300C0300C0300C0F03C0F03C06C
:10B82000F03C0F03C0F03C0D867F8780C01B019861
:10B830000CC06306183063031818C06C03600E0058
:10B84000700100C001E000F0706C38661C330B1909
:10B850008D8CC6C632261B1B0D8D8686C1C1C0E0ED
:10B86000E0C01B018C183180D806C01C00E00D80A0
:10B87000C6063060C603600CC0360660630C1981D2
:10B88000980F0060060060060060060060FFFFC0C1
:10B89000606060603030301818180FFFFCFFF18CCA
:10B8A0006318C6318C6318C63FF0C0C0606060305A
:10B8B0003030181818180C0C0C0606060303FFC6C7
:10B8C000318C6318C6318C6318FFF0080E0506C270
:10B8D000231B0682FFFFF04E317CF81837FFF1E39F
:10B8E000C7FDF8C06030180FE7FB0D83C1E0F078AA
:10B8F0003C37FBF01F7F60C0C0C0C0C0607F1F012D
:10B9000080C06033FBFD8783C1E0F078361BFC7E8E
:10B910001E3F98D83C1FFFFF80603F87C03DFC3032
:10B92000FFFC30C30C30C30C001FBFD8783C1E0F87
:10B93000078361BFCFE0303BF9F8C0C0C0C0FCFE58
:10B94000C7C3C3C3C3C3C3C3C3F0FFFFFC18C00155
:10B950008C6318C6318C631FB8C0C0C0C0C3C6CCCE
:10B96000D8F0F0D8CCC4C6C3CCCCCCCCCCCCCF7027
:10B97000FCF3FFEC71F0C3C30F0C3C30F0C3C30FFA
:10B980000C3C30C0FCFEC7C3C3C3C3C3C3C3C31E88
:10B990001FE61B03C0F03C0F03619FE1E0FC7FB09A
:10B9A000D83C1E0F0783C37FBF980C0603001FBF40
:10B9B000D8783C1E0F078361BFCFE030180C067F9C
:10B9C000FC30C30C30C30C007DFB060E0F878307D1
:10B9D000FFF0C631FFE318C6318FBCC3C3C3C3C376
:10B9E000C3C3C3E37F3FC0F0361986618CC33068A0
:10B9F0001E0780C0C107830D8633146628C4590D05
:10BA0000B61A2C145038602080C0D86330781E03DA
:10BA100001E0FC33186C0CC1E0D8CC6631B0D86CB6
:10BA2000340E07030187C380FFFC1861860C30C108
:10BA3000FFF81CF30C30C30C738F1C30C30C30C3E5
:10BA4000C7FFFFFFFFFFE3C30C30C30C3873CE30DA
:10BA5000C30C30CF3870DE7E7B0E00FF309999909A
:10BA60001084210BFF2108421084FFD0842108108C
:10BA7000103C42808040300C020101827C1010702A
:10BA800024422221110890390009C09108884444B9
:10BA90002240E03C084108210240701214248290A8
:10BAA000210A1E20F81224488888884422108442E3
:10BAB0002111111122448010224BE2851100102027
:10BAC00047F10204005580F0C002081020810208EE
:10BAD00010208102081020803C4281818181818177
:10BAE0008181423C135911111111388A08102082AA
:10BAF00008208207F07C82010106380601010182DC
:10BB00007C02060A1222224282FF0202027F404089
:10BB100040407C02010101827C0E30404080FC826A
:10BB2000818181423CFF020204080810101020208D
:10BB3000203C428181423C42818181423C3C4281A5
:10BB40008181413F0102020C70C180500156010603
:10BB50000830C030080601FF0000FF8060100C03B1
:10BB60000C1060807A10410842080002080F81839F
:10BB700010048F2888C846423211908C4491D88096
:10BB8000030007C004008028050110220821043F9B
:10BB90008809014010FC4120502827F2050180C08F
:10BBA000605FC00F8C140100802008020040100369
:10BBB000043EFC20C80A02806018060180A02833D9
:10BBC000F0FF0204081FA040810207F0FF020408F2
:10BBD0001FA040810204001F10501008040203013E
:10BBE00080A04823F080C06030180FFE030180C0A1
:10BBF000603010FFF002040810204081020613C0DC
:10BC0000814123120A0602813084412050108102B2
:10BC10000408102040810207F0401301940CA0A4F6
:10BC200085244A2230A1850C106003001080E06852
:10BC300032190C46130582C0E030100F030C40246B
:10BC40000280180180180140240230C0F0FC82817B
:10BC500081818182FC808080800F030C40240280DF
:10BC6000180180180140240230C0F002001000E0EA
:10BC7000FC412050281413F1088240A050103C428F
:10BC8000808040300C020101827CFF840201008030
:10BC9000402010080402010080C06030180C060328
:10BCA0000180C05047C0802809012022084104407B
:10BCB000881101402802008000C0405020482824FC
:10BCC00014110B108888444414140A0A020201015A
:10BCD000008050221048120300C0482108440A0185
:10BCE00080280882104110140100200400801002F6
:10BCF00000FF01020408081020204080FFF8888817
:10BD00008888888888F08081020204080810202032
:10BD10004080810202F111111111111111F0080A74
:10BD2000050444120A02FF8088807C040BF830600E
:10BD3000C17E804020100805F3050180C0603018E6
:10BD400017F03E8204081020203E00804020100999
:10BD5000F5070180C060301409FC3C428181FF80FE
:10BD600080403E3D082083F82082082082003F4129
:10BD70008181818181433D01027C8080808080FCC3
:10BD80008281818181818181CFF81100111111118E
:10BD9000111E8080808080828C90A0C0B0888482B8
:10BDA0009249249248C0F9E430A083041820C106C7
:10BDB0000830418208FC82818181818181813E201D
:10BDC000A030180C0602823E00FE40A030180C067F
:10BDD0000382BE402010003FA06030180C06028392
:10BDE0003E80402010FE0820820820807E0810300F
:10BDF0002041F88421F842108420F08181818181E2
:10BE00008181413F80A09048222110502808008263
:10BE10000C1051448A24511450A28208104080A072
:10BE200088828080A08882808080A090444220A068
:10BE300050100804041C00FC1084208420FC190805
:10BE4000421084C10842108418FFFF80C1084210CC
:10BE5000841908421084C061998600FE6099991186
:10BE600008845FF2211089FF442211001021F40898
:10BE70001018080C04081FC2040070488889089034
:10BE80008A074E05109109111120E03C1084210809
:10BE90002C0C048A128320C7C8F012444888888476
:10BEA000442184222111111222481125F142888057
:10BEB000102047F10204005580F0C00208102081D4
:10BEC000020810408104081040388A0C183060C104
:10BED0008288E0135911111110388A08104104109A
:10BEE0004103F8790808104701010309E0041851DB
:10BEF0002248A17F0408107E810207808081030907
:10BF0000E01C41040F90A0C18288E0FE0410408232
:10BF10000408204080388A0C144711418288E03898
:10BF20008A0C18284F810411C0C35005580218C646
:10BF300003018080FE0007F080700C030C70807499
:10BF40004213210002100F818310048FA884C82699
:10BF5000413209884A3D90006000FC0004014028FD
:10BF6000088110410821FC40480A0080F884828240
:10BF700084FC82818182FC1F1050100804020100A1
:10BF8000401047C0FC412050180C06030181413F7E
:10BF900000FF0204081FA0408103F8FF0204081FED
:10BFA000A0408102001F10501008040203014090BD
:10BFB00047E080C06030180FFE030180C06020FFA2
:10BFC000E0020408102040810309E0814123120AA5
:10BFD0000602C1108640A020810204081020408182
:10BFE00003F8404C198328A51514A28C51843006FF
:10BFF000008080E06832190C46130582C0E0201EE4
:10C0000008440A018060180601408841E0FC8281F2
:10C01000818182FC808080801E08440A0180601833
:10C020000601408841E010020060FC4120502814C5
:10C0300013F10C8240A0203C860406030101030991
:10C04000E0FF84020100804020100804020080C04C
:10C050006030180C06030180A08F8080C0504824F7
:10C0600011108828140A0200800C1050848A245170
:10C070002288A2851428A082041080A088844140D0
:10C080004050442220A02080A090444220A02010B4
:10C0900008040200FE0410410208204103F8F2499E
:10C0A0002492492780810202040808101020404091
:10C0B0008101E4924924924F1050A2245040FF88FD
:10C0C0008078105F86185F8102040F90A0C18306FC
:10C0D00017C03D082082040F02040813E860C183E2
:10C0E0000509F0388A0FF810101E7C210FC2108449
:10C0F00021003E860C1830509F020BE08102040F95
:10C1000090A0C183060C10CFF024024924927082C3
:10C1100008208A4A30A248A19249249230F3918A99
:10C1200010C2184308610C21F90A0C183060C13C98
:10C130004281818181423CF90A0C1830617C810284
:10C14000003E860C1830509F020408FC2108421063
:10C150007C20C1043E888F8888887083060C183044
:10C16000509E83051224450A08820C1051448A24EB
:10C17000511450A2820881422418182442818289D5
:10C180001222850408104300FC108421083F19087E
:10C190004210982108421083FFFFC10842108321FA
:10C1A00008421098731800FBB68028AFCA53F514E4
:10C1B000211F0830410F884062949868161929465B
:10C1C0003091218551A33BE02949244880891249B7
:10C1D0004A00255CA500213E420056E0C0088422AA
:10C1E00010884220746318C62E2E9249744222226F
:10C1F0001FF042E1843E1194A97C427A10E0843E13
:10C200003221E8C62EF8444211087462E8C62E7442
:10C210006317844CC65015800BA0E080F83E8382E3
:10C22000E800E11240443E20A7349A4D266C803C41
:10C23000001050A1444F9141FA187E86187E3D08A7
:10C240002082040FF90A0C1830617CFC21E8421F9F
:10C25000FC21E842103D082086144F86187F86187E
:10C2600061FF084210862E862928C2C8A1842108B1
:10C27000421F80E0E8B4594CA6230183868C98B114
:10C2800061C1388A0C1830511CFA1861FA0820383C
:10C290008A0C1830511C1018F90A142F912141787A
:10C2A00086111EFE20408102040886186186185EF1
:10C2B00083051222850A0880308610A524A4A29442
:10C2C00051048288A081051141828911410204082C
:10C2D000F84444221FF24924938082108210821075
:10C2E00082E4924927802294A880FC90E179978487
:10C2F00021E8C631F07C21083C0842F8C631787448
:10C300007F083C788F8888807C6318BC3E8421E855
:10C31000C63188DF80241249270084212A6292884E
:10C32000AAAA40F7446231188C44F46318C47463B9
:10C3300018B8F46318FA107C6318BC21F888887860
:10C34000C31E88F888878C6318BC8C54A51088C4D9
:10C35000554AA5511085230C4A108C54A51098F10C
:10C36000248F2925124880FFE08924524A00666004
:10C37000008080800080A0A0A0E0A0E0A060C0605D
:10C38000C0408020408020C0C0E0A060808040800D
:10C390008080408040404080A040A040E0404080FD
:10C3A000E080202040808060A0A0A0C040C040402D
:10C3B00040C0204080E0C0204020C0A0A0E020205D
:10C3C000E080C020C06080E0A0E0E020408080E00D
:10C3D000A0E0A0E0E0A0E020C0800080400040801D
:10C3E0002040804020E000E08040204080E020406D
:10C3F000004040A0E0806040A0E0A0A0C0A0C0A09D
:10C40000C06080808060C0A0A0A0C0E080E080E02C
:10C41000E080E080806080E0A060A0A0E0A0A0E0DC
:10C42000404040E0202020A040A0A0C0A0A08080EC
:10C430008080E0A0E0E0A0A0A0E0E0E0A040A0A01C
:10C44000A040C0A0C0808040A0A0E060C0A0E0C02C
:10C45000A060804020C0E040404040A0A0A0A0607C
:10C46000A0A0A04040A0A0E0E0A0A0A040A0A0A06C
:10C47000A0404040E0204080E0E0808080E08040BC
:10C4800020E0202020E040A0E08040C060A0E080CC
:10C49000C0A0A0C0608080602060A0A06060A0C03C
:10C4A000602040E0404060A0E0204080C0A0A0A00C
:10C4B000800080808020002020A04080A0C0C0A0FC
:10C4C000C0404040E0E0E0E0A0C0A0A0A040A0A0AC
:10C4D00040C0A0A0C08060A0A0602060808080607C
:10C4E000C060C040E0404060A0A0A060A0A0E040CC
:10C4F000A0E0E0E0A04040A0A0A0602040E060C03C
:10C50000E060408040608080008080C0402040C06B
:10C5100060C0636F646563325F63726561746520D8
:10C520006661696C65640A006D61703A3A61740015
:10C53000252E2B2D2A23212C403A3F28297E2F5BA4
:10C540005D3C3E3D242760267C5F5E7B7D00252E82
:10C550002B2D2A2300686F7473706F7400636C65F1
:10C5600061726E6F64650073686172696E6F646595
:10C57000006D6963726F687562006F70656E7370CD
:10C580006F7400726570656174657200626C696ECB
:10C590006468616D7300616C6C73746172007061CA
:10C5A00072726F74006368616E6E656C00436861DF
:10C5B0006E6E656C25640025642E2530356400257B
:10C5C0006C752E256C7500494E464F004543484F0B
:10C5D00000414C4C00204142434445464748494AAB
:10C5E0004B4C4D4E4F505152535455565758595A23
:10C5F000303132333435363738392D2F2E00494E0D
:10C6000056414C494400414C4C000103FFFD555D2F
:10C6100075FFFF5D55F7FF5D0075FF0055F700D60C
:10C62000B5E23082FF8462BA4E9690D898DD5D0CF8
:10C63000C85243911DF86E682F35DA14EACD761989
:10C640008DD580D133871357182D2978C301010167
:10C6500001010101000101010101010101010101CB
:10C6600000010100010101000101010001010100BF
:10C6700001010100010101000101010001010100AE
:10C68000010101000101010001010100010101009E
:10C6900001010100010101000101010001016269C4
:10C6A000747365743A3A7365740025733A205F5F5A
:10C6B000706F736974696F6E20287768696368208A
:10C6C000697320257A7529203E3D205F4E6220281F
:10C6D000776869636820697320257A7529000101EC
:10C6E000010101010100010101010101010101013B
:10C6F000010001010001010100010101000101012E
:10C70000000101010001010100010101000101011D
:10C71000000101010001010100010101000101010D
:10C72000000101010001010100010101000101D628
:10C73000B5E23082FF8462BA4E9690D898DD5D0CE7
:10C74000C85243911DF86E682F35DA14EACD761978
:10C750008DD580D133871357182D2978C300020255
:10C76000000002020000000000020202024F2050FE
:10C77000204E0A522054205800FAB413FFFFFFFF46
:10C78000FF000000FF07090203020403030606304E
:10C790002000414243320044454633004748493473
:10C7A000004A4B4C35004D4E4F36005051525337D6
:10C7B0000054555638005758595A39002D2F002C1F
:10C7C0002E3F31006162633241424300646566334B
:10C7D0004445460067686934474849006A6B6C35D0
:10C7E0004A4B4C006D6E6F364D4E4F007071727338
:10C7F0003750515253007475763854555600777837
:10C80000797A395758595A002D2F2A004E69636397
:10C810006F6C6F27204955324B494E0053696C7637
:10C82000616E6F204955324B574F00466564657203
:10C8300069636F204955324E554F0046726564203A
:10C840004955324E524F004A6F7365706820564BFF
:10C85000374A53004D6F7267616E204F4E344D4F13
:10C8600044004D6172636F20444D3452434F004287
:10C8700061742E20566F6C74616765004261742E7E
:10C8800020436861726765005253534900557365D0
:10C890006420686561700042616E6400564846001D
:10C8A0005548460048772056657273696F6E004D93
:10C8B0006163726F204C6174636800566F696365D1
:10C8C0000050686F6E65746963004354435353208E
:10C8D000546F6E6500435443535320456E2E0043FE
:10C8E000616C6C7369676E004D6574612054787477
:10C8F0000043414E0043414E205258204368656337
:10C900006B004F6666736574004469726563746991
:10C910006F6E0053746570004272696768746E656B
:10C9200073730054696D6572004261747465727945
:10C930002049636F6E00446973706C6179004163D4
:10C94000636573736962696C6974790044656661D3
:10C95000756C742053657474696E67730042616E00
:10C960006B73004368616E6E656C7300436F6E7429
:10C970006163747300496E666F0041626F75740085
:10C980002564252500253031642D253033643A2077
:10C99000252E3132730054004E464D00257320255C
:10C9A000642E256420257300444D5220544725737E
:10C9B000004D313720232573002530336C752E252B
:10C9C00030356C75003E52783A2530336C752E2523
:10C9D00030346C75003E52783A5F5F5F2E5F5F5F68
:10C9E0005F002054783A2530336C752E2530346C36
:10C9F00075002052783A2530336C752E2530346C12
:10CA000075003E54783A2530336C752E2530346CE1
:10CA100075003E54783A5F5F5F2E5F5F5F5F002571
:10CA2000752E25750025732563487A0025732A0025
:10CA300076302E342E342D39372D6734343163322D
:10CA40006437642D64697274790025642E256456F8
:10CA500000256964426D002564420025732025731A
:10CA6000002564202D20256400202025730020202F
:10CA7000202020202025642E256400202020202036
:10CA80002020542D002020202020202020202000A5
:10CA90003320202020202020200020542B00202084
:10CAA000425731322E350020204257202020323587
:10CAB00000202020202020202020464D0020202063
:10CAC00020202020202020444D5200202020202003
:10CAD00020202020204D313700362020202020200B
:10CAE00020200025642E256457002020422D0020A0
:10CAF00020202020202025356400202020202020F8
:10CB00002020422B003920202020202020200055EA
:10CB10006E6C6B004C636B0031302073003135203C
:10CB200073003230207300323520730033302073AD
:10CB30000031206D696E0032206D696E0033206D0A
:10CB4000696E0034206D696E003135206D696E00AC
:10CB50003330206D696E003435206D696E003120F0
:10CB6000686F757200456E676C697368004F4E00A0
:10CB70004261636B7570202620526573746F726515
:10CB80000054696D652026204461746500436F6E12
:10CB900074726173740047505320456E61626C6516
:10CBA0006400475053205365742054696D650055E7
:10CBB00054432054696D657A6F6E65004C657665E7
:10CBC0006C0042656570004D6F64656C004C4344B9
:10CBD000205479706500416C6C206368616E6E65ED
:10CBE0006C7300475053204F4646004E6F204669F5
:10CBF0007800466978204C6F7374004552524F524A
:10CC000000466C617368204261636B757000436F0E
:10CC10006E6E65637420746F20525458546F6F6C3D
:10CC200000746F206261636B757020666C6173685D
:10CC300020616E64007072657373205054542074C8
:10CC40006F2073746172742E00466C617368205299
:10CC50006573746F726500746F20726573746F72A0
:10CC60006520666C61736820616E64004F70656E4C
:10CC7000525458004750532053657474696E67735B
:10CC8000004D31372053657474696E6773005265C7
:10CC900073657420746F2044656661756C747300ED
:10CCA000546F2072657365743A0050726573732017
:10CCB000456E746572207477696365004D616372B7
:10CCC0006F204D656E7500466F7220656D657267E9
:10CCD000656E63792075736500707265737320618A
:10CCE0006E7920627574746F6E2E00526164696F84
:10CCF0002053657474696E6773004E6F20475053FC
:10CD000000456E636F6465004465636F646500424F
:10CD10006F7468004E6F6E650045737061C3B16FCC
:10CD20006C00456E63656E6469646F0043616E619B
:10CD30006C657300436F6E746163746F7300416A56
:10CD40007573746573004261636B757020262052A1
:10CD5000657374617572617200416365726361200D
:10CD60006465004665636861202620486F72610033
:10CD7000416A75737465732064652066C3A162722D
:10CD8000696361004272696C6C6F00436F6E74720C
:10CD9000617374650043726F6EC3B36D6574726FB7
:10CDA0000047505320686162696C697461646F0068
:10CDB00047505320416A757374617220686F7261C5
:10CDC000005A6F6E6120486F72617269612055541C
:10CDD0004300566F7A004E6976656C00466F6EC3ED
:10CDE000A97469636F00426970005265737461725F
:10CDF0007572617200566F6C746167652042617470
:10CE00002E004361726761204261742E004D6F6491
:10CE1000656C6F0042616E6461005469706F2064DC
:10CE200065204C434400546F646F73206C6F732013
:10CE300063616E616C657300475053204170616798
:10CE400061646F0053696E20706F73696369C3B367
:10CE50006E00506F73696369C3B36E20706572644E
:10CE60006964610047756172646172204261636B3D
:10CE7000757000436F6E656374617220636F6E201E
:10CE8000525458546F6F6C00677561726461722000
:10CE9000666C6173682079004170726574617220FC
:10CEA000505454207061726120696E6963696172C7
:10CEB00000466C61736820726573746F726500411F
:10CEC0006A75737465732064652047505300416A26
:10CED0007573746573206465204D3137004C696348
:10CEE000656E636961005265736561746561722086
:10CEF000612066C3A1627269636100506172612042
:10CF000072657365746561723A004170726574612F
:10CF10007220456E746572203220766563657300F9
:10CF20004D656EC3BA206D6163726F0053C3B36CFD
:10CF30006F20456D657267656E636961730041704E
:10CF40007265746172206375616C717569657220B8
:10CF5000626F74C3B36E2E00416363657369626967
:10CF60006C69646164004D656D6F7269612068650C
:10CF7000617020757361646100544F444F530041E8
:10CF80006A757374657320646520526164696F000B
:10CF90004D6163726F204C61746368696E67004E07
:10CFA000696E67C3BA6E204750530049636F6E20A5
:10CFB000646520626174746572696100546F6E6F9C
:10CFC00020435443535300436F646966696361723D
:10CFD000004465636F6469666963617200416D62F4
:10CFE0006F73004E690044697265636369C3B36E11
:10CFF000005061736F00284673203D3D203830306B
:10D000003029207C7C20284673203D3D203136305D
:10D0100030302900434D414B455F534F55524345F6
:10D020005F4449522F73756270726F6A65637473DF
:10D030002F636F646563322F7372632F6E6C702E73
:10D0400063006D203C3D20504D41585F4D006E6C9B
:10D05000702D3E6666745F63666720213D204E55E5
:10D060004C4C006E6C705F737461746520213D20C0
:10D070004E554C4C006E6C702D3E4673203D3D204D
:10D080003136303030006A203C3D206E006E6C70CE
:10D09000006E6C705F64657374726F79006E6C7093
:10D0A0005F6372656174650065203E20302E30003C
:10D0B000434D414B455F534F555243455F444952A1
:10D0C0002F73756270726F6A656374732F636F6418
:10D0D0006563322F7372632F706F737466696C743B
:10D0E00065722E6300706F737466696C746572008C
:10D0F00063322D3E6270665F62756620213D204E70
:10D10000554C4C00434D414B455F534F55524345A1
:10D110005F4449522F73756270726F6A65637473EE
:10D120002F636F646563322F7372632F636F64655F
:10D1300063322E6300633220213D204E554C4C005B
:10D1400063322D3E656E636F646520213D204E5530
:10D150004C4C0063322D3E6465636F646520213D55
:10D16000204E554C4C207C7C2063322D3E64656300
:10D170006F64655F62657220213D204E554C4C0006
:10D180006E626974203D3D2028756E7369676E6517
:10D190006429636F646563325F626974735F70658D
:10D1A000725F6672616D652863322900636F646522
:10D1B00063325F6465636F64655F33323030006390
:10D1C0006F646563325F656E636F64655F333230D1
:10D1D0003000636F646563325F6465636F64655FCD
:10D1E00062657200636F646563325F656E636F646E
:10D1F0006500636F646563325F64657374726F7931
:10D2000000636F646563325F637265617465006DAE
:10D210006F64656C2D3E576F2A6D6F64656C2D3E93
:10D220004C203C20504900434D414B455F534F55E6
:10D230005243455F4449522F73756270726F6A653D
:10D240006374732F636F646563322F7372632F731C
:10D25000696E652E630074776F5F73746167655FD5
:10D2600070697463685F726566696E656D656E741A
:10D27000005265616C20464654206F7074696D6978
:10D280007A6174696F6E206D7573742062652065B4
:10D2900076656E2E0A0073742D3E73756273746129
:10D2A00074652D3E696E76657273653D3D30004351
:10D2B0004D414B455F534F555243455F4449522FB3
:10D2C00073756270726F6A656374732F636F6465E0
:10D2D00063322F7372632F6B6973735F6666747248
:10D2E0002E630073742D3E73756273746174652DC3
:10D2F0003E696E7665727365203D3D2031006B6935
:10D3000073735F6666747269006B6973735F6666D8
:10D31000747200574553545F544F504449522F7A0A
:10D3200065706879722F6C69622F6F732F636270FA
:10D3300072696E74665F7061636B616765642E63AA
:10D340000009537472696E67207769746820746F7E
:10D350006F206D616E7920617267756D656E747393
:10D360000A00097374725F7074725F706F735B5D33
:10D3700020746F6F20736D616C6C0A0009756E65A7
:10D38000787065637465642073697A652025750A11
:10D390000009746F6F206D616E7920666F726D6128
:10D3A0007420617267730A0063627072696E7466DA
:10D3B0005F7061636B61676500574553545F544FFD
:10D3C000504449522F7A65706879722F6C69622FC8
:10D3D0006F732F686561702E63006368756E6B5F95
:10D3E0007573656428682C2063290009756E65785B
:10D3F000706563746564206865617020737461741E
:10D40000652028646F75626C652D667265653F29BD
:10D4100020666F72206D656D6F72792061742025B2
:10D42000700A006C6566745F6368756E6B28682CA3
:10D430002072696768745F6368756E6B28682C205A
:10D44000632929203D3D20630009636F7272757066
:10D45000746564206865617020626F756E64732006
:10D4600028627566666572206F766572666C6F7786
:10D470003F2920666F72206D656D6F72792061742F
:10D480002025700A0028616C69676E2026202861BB
:10D490006C69676E202D20312929203D3D20300008
:10D4A00009616C69676E206D757374206265206117
:10D4B00020706F776572206F6620320A006279747F
:10D4C0006573202F203855203C3D20307837666624
:10D4D00066550009686561702073697A6520697313
:10D4E00020746F6F206269670A0062797465732027
:10D4F0003E20686561705F666F6F7465725F627908
:10D5000074657328627974657329000968656170B0
:10D510002073697A6520697320746F6F20736D6161
:10D520006C6C0A00686561705F737A203E206368E6
:10D53000756E6B737A2873697A656F662873747277
:10D54000756374207A5F6865617029290063687566
:10D550006E6B305F73697A65202B206D696E5F6337
:10D5600068756E6B5F73697A65286829203C3D2079
:10D57000686561705F737A00574553545F544F502C
:10D580004449522F7A65706879722F6C69622F6FE7
:10D59000732F62697461727261792E63006D6973B1
:10D5A0006D617463685F62756E646C6520213D20F7
:10D5B0003000574553545F544F504449522F7A65B9
:10D5C000706879722F696E636C7564652F7A657007
:10D5D0006879722F7370696E6C6F636B2E68007A56
:10D5E0005F7370696E5F6C6F636B5F76616C6964AB
:10D5F000286C29000952656375727369766520731A
:10D6000070696E6C6F636B2025700A0062697461CB
:10D610007272617920213D202828766F6964202A62
:10D620002930290062697461727261792D3E6E75CC
:10D630006D5F62697473203E2030007A5F73706999
:10D640006E5F756E6C6F636B5F76616C6964286C7E
:10D650002900094E6F74206D79207370696E6C6FAC
:10D66000636B2025700A00286E696C2900464C41C6
:10D6700053485F30005352414D5F3000524F4D438D
:10D680004F444500756E6B6E6F776E00756E686106
:10D690006E646C655F696E746572727570742C204F
:10D6A0006E756D3A25642C206E616D653A257300A8
:10D6B0002A2A2A2043534B20464154414C202A2AEF
:10D6C0002A002530386C780053686F77206D6F72B0
:10D6D000652063616C6C20737461636B20696E6696
:10D6E0006F2062792072756E3A2061646472326CC8
:10D6F000696E65202D65206275696C642F7A65708E
:10D700006879722F7A65706879722E656C66202D43
:10D7100061202D66202D702025730048616C74698E
:10D720006E672073797374656D00646D6100757345
:10D730006263007364696F0063727970746F007163
:10D740007370690065667573650075617274300089
:10D7500075617274310075617274320069720073A0
:10D7600070693000737069310069696330006969FC
:10D77000633100677074006770696F3000677069AB
:10D780006F310067706164630074726E6700636D6F
:10D790006E2D6D61696C626F7800636D6E2D7561C1
:10D7A000727400616F6E2D6B657973656E736500C1
:10D7B000616F6E2D63627574746F6E00616F6E2D94
:10D7C00072746300616F6E2D6977647400616F6EAF
:10D7D0002D74696D657200616F6E2D77616B657573
:10D7E0007000616F6E2D706D756300616F6E2D63DB
:10D7F000703000616F6E2D63703100616F6E2D634C
:10D8000070320063736B365F666174616C00257300
:10D810003A20496E697469616C697A652041756462
:10D82000696F53657276696365006C73665F6175D5
:10D8300064696F5F696E6974006C73665F617564BB
:10D84000696F00574553545F544F504449522F7AE3
:10D8500065706879722F7375627379732F6C6F6757
:10D8600067696E672F6C6F675F636F72652E630009
:10D870006C6F675F6261636B656E645F636F756E2B
:10D88000745F6765742829203C20283332202F20BC
:10D89000335529006261636B656E64203C3D205FF7
:10D8A0006C6F675F6261636B656E645F6C697374F4
:10D8B0005F656E64006C6F6700574553545F544F4B
:10D8C000504449522F7A65706879722F737562736C
:10D8D00079732F6C6F6767696E672F6C6F675F6D09
:10D8E000676D742E63006C696E6B203C3D205F6C2D
:10D8F0006F675F6C696E6B5F6C6973745F656E6494
:10D9000000574553545F544F504449522F7A657025
:10D910006879722F696E636C7564652F7A657068BB
:10D9200079722F6C6F6767696E672F6C6F675F62C4
:10D9300061636B656E642E68006261636B656E6423
:10D9400020213D202828766F6964202A293029006B
:10D950006C6F675F6D676D7400574553545F544F2C
:10D96000504449522F7A65706879722F73756273CB
:10D9700079732F6C6F6767696E672F6C6F675F6D68
:10D9800073672E6300706C656E203E3D2030000D85
:10D990000A001B5B306D00574553545F544F504491
:10D9A00049522F7A65706879722F73756273797333
:10D9B0002F6C6F6767696E672F6C6F675F6F757429
:10D9C0007075742E63006C6576656C203C3D203468
:10D9D0005500257320005B2530386C755D20005B99
:10D9E000253032753A253032753A253032752E257C
:10D9F0003033752C253033755D20003C25733E2077
:10DA00000025732F0025733A2000657272203E3D79
:10DA10002030002530327820007C002563001B5B1D
:10DA2000313B33316D001B5B313B33336D0065722D
:10DA3000720077726E00696E660064626700574517
:10DA400053545F544F504449522F7A65706879722D
:10DA50002F7375627379732F6C6F6767696E672FA9
:10DA60006261636B656E64732F6C6F675F62616385
:10DA70006B656E645F756172742E630064657669B0
:10DA800063655F69735F726561647928756172743B
:10DA90005F64657629006C6F675F6261636B656EBA
:10DAA000645F75617274006C6F675F75617274009A
:10DAB0006630393762376639646600322E302E3070
:10DAC0002E30002A2A2A204C697374656E41492041
:10DAD00043534B2053444B2056657273696F6E3A23
:10DAE0002025732D2573202A2A2A0A0072302F61DF
:10DAF000313A2020307825303878202072312F615B
:10DB0000323A2020307825303878202072322F6148
:10DB1000333A20203078253038780072332F613442
:10DB20003A2020307825303878207231322F6970D1
:10DB30003A2020307825303878207231342F6C72BA
:10DB40003A20203078253038780020787073723A87
:10DB5000202030782530387800735B2532645D3AB8
:10DB600020203078253038782020735B2532645DA2
:10DB70003A20203078253038782020735B253264B5
:10DB80005D3A20203078253038782020735B2532AC
:10DB9000645D3A20203078253038780066707363F1
:10DBA000723A20203078253038780072342F763160
:10DBB0003A2020307825303878202072352F763280
:10DBC0003A2020307825303878202072362F76336E
:10DBD0003A20203078253038780072372F76343A62
:10DBE0002020307825303878202072382F76353A4A
:10DBF0002020307825303878202072392F76363A38
:10DC00002020307825303878007231302F76373A3E
:10DC10002030782530387820207231312F76383A0C
:10DC200020307825303878202020207073703A20FA
:10DC300020307825303878004558435F5245545598
:10DC4000524E3A203078253078004661756C746900
:10DC50006E6720696E737472756374696F6E20618C
:10DC600064647265737320287231352F7063293AAA
:10DC70002030782530387800574553545F544F5042
:10DC80004449522F7A65706879722F617263682FE8
:10DC900061726D2F636F72652F61617263683332D9
:10DCA0002F6972715F6D616E6167652E63007072BE
:10DCB000696F203C3D20282831554C203C3C2028D1
:10DCC000352929202D2031290009696E76616C697A
:10DCD00064207072696F7269747920256420666FA0
:10DCE0007220256420697271212076616C756573DC
:10DCF000206D757374206265206C65737320746881
:10DD0000616E20256C750A0A002A2A2A2A2A204DCB
:10DD10005055204641554C54202A2A2A2A2A0020B0
:10DD200020537461636B696E67206572726F722035
:10DD300028636F6E746578742061726561206D6907
:10DD4000676874206265206E6F742076616C696408
:10DD500029002020556E737461636B696E672065BE
:10DD600072726F72002020446174612041636365A8
:10DD700073732056696F6C6174696F6E0020204D5B
:10DD80004D46415220416464726573733A20307885
:10DD90002578002020496E737472756374696F6E04
:10DDA000204163636573732056696F6C6174696F9A
:10DDB0006E002020466C6F6174696E672D706F690C
:10DDC0006E74206C617A792073746174652070724E
:10DDD00065736572766174696F6E206572726F72B9
:10DDE00000574553545F544F504449522F7A657041
:10DDF0006879722F617263682F61726D2F636F7221
:10DE0000652F616172636833322F636F7274657856
:10DE10005F6D2F6661756C742E630021282828536E
:10DE200043425F54797065202A292028283078459C
:10DE300030303045303030554C29202B2030783070
:10DE4000443030554C2920292D3E4346535220263C
:10DE5000202831554C203C3C20283055202B2034A4
:10DE6000552929290009537461636B696E67206F16
:10DE70007220446174612041636365737320566945
:10DE80006F6C6174696F6E206572726F7220776952
:10DE900074686F757420737461636B206775617249
:10DEA000642C20757365722D6D6F6465206F722010
:10DEB0006E756C6C2D706F696E746572206465741C
:10DEC000656374696F6E0A0A002A2A2A2A2A204288
:10DED0005553204641554C54202A2A2A2A2A0020EC
:10DEE00020537461636B696E67206572726F720094
:10DEF00020205072656369736520646174612062DB
:10DF00007573206572726F72002020424641522064
:10DF1000416464726573733A20307825780020205C
:10DF2000496D707265636973652064617461206214
:10DF30007573206572726F72002020496E7374725F
:10DF4000756374696F6E20627573206572726F728B
:10DF5000002A2A2A2A2A205553414745204641555E
:10DF60004C54202A2A2A2A2A0020204469766973E0
:10DF7000696F6E206279207A65726F002020556E7D
:10DF8000616C69676E6564206D656D6F7279206183
:10DF90006363657373002020537461636B206F7635
:10DFA0006572666C6F772028636F6E746578742075
:10DFB00061726561206E6F742076616C69642900FE
:10DFC00020204E6F20636F70726F636573736F7282
:10DFD00020696E737472756374696F6E73002020AC
:10DFE000496C6C6567616C206C6F6164206F6620A2
:10DFF0004558435F52455455524E20696E746F2008
:10E000005043002020496C6C6567616C2075736516
:10E01000206F6620746865204550535200202041CF
:10E020007474656D707420746F20657865637574A1
:10E030006520756E646566696E656420696E7374CB
:10E0400072756374696F6E0052657365727665648C
:10E0500020457863657074696F6E20280053707571
:10E0600072696F757320696E746572727570742051
:10E07000284952512000535053454C20696E20745A
:10E080006872656164206D6F646520646F657320DC
:10E090006E6F7420696E64696361746520505350BB
:10E0A0000065736620213D202828766F6964202A48
:10E0B000293029000945534620636F756C64206E32
:10E0C0006F7420626520726574726965766564207C
:10E0D0007375636365737366756C6C792E20536812
:10E0E000616C6C206E65766572206F636375722E4D
:10E0F0000A002A2A2A2A2A20484152442046415509
:10E100004C54202A2A2A2A2A00202042757320668D
:10E1100061756C74206F6E20766563746F72207405
:10E1200061626C65207265616400202044656275DF
:10E1300067206576656E740020204661756C7420DA
:10E14000657363616C6174696F6E20287365652007
:10E1500062656C6F772900415243485F45584345DB
:10E160005054207769746820726561736F6E202542
:10E17000780A00094661756C7420657363616C618F
:10E1800074696F6E20776974686F75742046535296
:10E1900020696E666F0A0009486172644661756C99
:10E1A0007420776974686F757420484653522069EB
:10E1B0006E666F205368616C6C206E6576657220A8
:10E1C0006F636375720A002A2A2A2A2A204465622C
:10E1D0007567206D6F6E69746F7220657863657006
:10E1E00074696F6E202A2A2A2A2A002A2A2A2A2AB1
:10E1F00020257320256429202A2A2A2A2A006D70C6
:10E2000075004661696C656420746F20616C6C6F89
:10E2100063617465206E6577204D50552072656787
:10E22000696F6E2025750A00506172746974696F98
:10E230006E2025753A2073616E6974792063686574
:10E24000636B206661696C65642E00496E76616C53
:10E25000696420756E6465726C79696E6720726599
:10E2600067696F6E20696E64657820257500574573
:10E2700053545F544F504449522F7A6570687972F5
:10E280002F617263682F61726D2F636F72652F61EA
:10E290006172636833322F6D70752F61726D5F6DBF
:10E2A00070752E630009436F6E6669677572696EDB
:10E2B0006720257520737461746963204D50552063
:10E2C000726567696F6E73206661696C65640A0ABE
:10E2D00000094D61726B696E67202575206172655A
:10E2E000617320666F722064796E616D696320725C
:10E2F0006567696F6E73206661696C65640A0A0000
:10E30000095265717565737420746F20636F6E6652
:10E3100069677572653A20257520726567696F6E49
:10E32000732028737570706F727465643A20257558
:10E33000290A0A002828284D50555F547970652015
:10E340002A29202828307845303030453030305563
:10E350004C29202B20307830443930554C29202945
:10E360002D3E545950452026202830784646554C9D
:10E37000203C3C2038552929203E3E203855203D60
:10E380003D2031360009496E76616C6964206E75F6
:10E390006D626572206F66204D5055207265676909
:10E3A0006F6E730A0A00574553545F544F504449E7
:10E3B000522F7A65706879722F6C69622F6C69626E
:10E3C000632F6E65776C69622F6C6962632D686F6D
:10E3D0006F6B732E63002828282873697A655F7431
:10E3E0002932353629203C3C20313029202D202867
:10E3F000282875696E747074725F74292028265FEE
:10E40000656E642929202D2030783830303030294D
:10E4100029203E3D203831393200096D656D6F721B
:10E420007920737061636520617661696C61626CEB
:10E430006520666F72206E65776C69622068656121
:10E4400070206973206C657373207468616E20742A
:10E450006865206D696E696D756D2072657175698D
:10E460007265642073697A65207370656369666993
:10E47000656420627920434F4E4649475F4E4557B9
:10E480004C49425F4C4942435F4D494E5F524551B2
:10E4900055495245445F484541505F53495A450AE2
:10E4A000002A6C6F636B20213D202828766F6964F9
:10E4B000202A29302900096E6F6E2D7265637572EE
:10E4C00073697665206C6F636B20616C6C6F636140
:10E4D00074696F6E206661696C65640A0009726513
:10E4E00063757273697665206C6F636B20616C6C09
:10E4F0006F636174696F6E206661696C65640A00A0
:10E500002A20627566666572206F766572666C6F2A
:10E5100077206465746563746564202A0A0061620B
:10E520006F727428290A00574553545F544F504462
:10E5300049522F7A65706879722F6C69622F706FFB
:10E540007369782F707468726561645F636F6E645D
:10E550002E6300726574203D3D203000657272208C
:10E560003D3D203000574553545F544F504449526D
:10E570002F7A65706879722F6C69622F706F73697A
:10E58000782F707468726561645F6D757465782E3C
:10E59000630009696E76616C6964207074687265E5
:10E5A000616420747970652025640A0057455354CE
:10E5B0005F544F504449522F7A65706879722F6CBE
:10E5C00069622F706F7369782F7074687265616407
:10E5D0005F626172726965722E6300574553545FC2
:10E5E000544F504449522F7A65706879722F6C6984
:10E5F000622F706F7369782F707468726561642E12
:10E6000063007072696F72697479203C2031360042
:10E610007072696F72697479203C2031350006018F
:10E6200005010401030105020201030205040101C1
:10E6300001020103010401060108010C0110011887
:10E64000012001400180414443204368616E6E65B2
:10E650006C202564206973206E6F742076616C696C
:10E6600064006163717569736974696F6E5F746961
:10E670006D6520617265206E6F7420737570706FA8
:10E680007274656400446966666572656E7469617A
:10E690006C206368616E6E656C7320617265206EBC
:10E6A0006F7420737570706F7274656400496E7654
:10E6B000616C696420414443206368616E6E656CDF
:10E6C000206761696E00496E76616C69642041441F
:10E6D00043206368616E6E656C2072656665726565
:10E6E0006E636500414443207265736F6C75746995
:10E6F0006F6E206D757374206265202564006164FF
:10E7000063304034356230303030300063736B3604
:10E710005F6164630028666C616773202620282887
:10E720003155203C3C20323129207C202831552095
:10E730003C3C20323229207C20283155203C3C2092
:10E74000323329207C20283155203C3C203234298A
:10E75000207C20283155203C3C20323529207C204B
:10E76000283155203C3C203236292929203D3D20A6
:10E77000300009496E7465727275707420666C6140
:10E78000677320617265206E6F7420737570706F8F
:10E79000727465640A0028666C61677320262028FD
:10E7A000283155203C3C20313829207C2028315507
:10E7B000203C3C20313929292920213D202828319D
:10E7C00055203C3C20313829207C20283155203CE4
:10E7D0003C203139292900094F7574707574206304
:10E7E000616E6E6F7420626520696E697469616C18
:10E7F000697A6564206C6F7720616E642068696750
:10E80000680A00506978656C20666F726D617420CB
:10E810006368616E6765206E6F7420696D706C65EA
:10E820006D656E746564004368616E67696E67202C
:10E83000646973706C6179206F7269656E7461745C
:10E84000696F6E206E6F7420696D706C656D656E9A
:10E8500074656400574553545F544F504449522FD8
:10E860007A65706879722F647269766572732F6445
:10E870006973706C61792F646973706C61795F730F
:10E880007437373335722E6300646573632D3E77BA
:10E8900069647468203C3D20646573632D3E706933
:10E8A0007463680009506974636820697320736D2C
:10E8B000616C6C6572207468616E2077696474683D
:10E8C0000A0028646573632D3E7069746368202AAA
:10E8D000203275202A20646573632D3E6865696760
:10E8E000687429203C3D20646573632D3E62756623
:10E8F0005F73697A650009496E7075742062756688
:10E9000066657220746F6F20736D616C6C0A0053C2
:10E91000504920627573202573206E6F74207265D4
:10E92000616479005265736574204750494F2070C7
:10E930006F727420666F7220646973706C617920E5
:10E940006E6F7420726561647900436F756C646EDC
:10E95000277420636F6E66696775726520726573D0
:10E9600065742070696E00636D642F4441544120CA
:10E970004750494F20706F7274206E6F742072651B
:10E9800061647900436F756C646E277420636F6EE9
:10E9900066696775726520636D642F444154412038
:10E9A00070696E00436F756C646E277420726573B6
:10E9B000657420646973706C617900436F756C6471
:10E9C0006E2774206578697420736C6565700043E8
:10E9D0006F756C646E277420696E6974204C4344B3
:10E9E0000073743737333572403000646973706C6C
:10E9F00061795F7374373733357200574553545F0D
:10EA0000544F504449522F63736B2F64726976657B
:10EA100072732F646D612F646D615F63736B362E4B
:10EA2000630009556E737570706F7274656420624F
:10EA300075727374206C656E677468282564290A82
:10EA400000496E76616C6964206368616E6E656C06
:10EA5000206E756D2E006368616E6E656C20256496
:10EA6000206973206275737920256400446F206EDD
:10EA70006F7420737570706F727420736F7572632A
:10EA8000652F6465737420626C6F636B20636861CB
:10EA9000696E696E672E004F6E6C792073757070A9
:10EAA0006F72742064617461207472616E73666544
:10EAB00072206F6E63652E00446F206E6F7420733A
:10EAC0007570706F72742064657374206461746112
:10EAD000207769647468282564292E00446F206EAD
:10EAE0006F7420737570706F72742073726320641A
:10EAF000617461207769647468282564292E004454
:10EB00006F206E6F7420737570706F7274207265F1
:10EB10006C6F6164206D6F64652E00636F6E666953
:10EB2000672D3E686561645F626C6F636B2D3E624A
:10EB30006C6F636B5F73697A65202520636F6E6607
:10EB400069672D3E646573745F646174615F7369A6
:10EB50007A65203D3D20300009626C6F636B207345
:10EB6000697A6528256429206973206E6F74206D89
:10EB700061746368206461746120776964746828D3
:10EB80002564292E0A00444D4120646F6573206E70
:10EB90006F7420737570706F72742074686973205D
:10EBA000646972656374696F6E2E00496E76616C7C
:10EBB0006964206465737420616464722061646AAE
:10EBC0002E00496E76616C696420736F757263659F
:10EBD00020616464722061646A2E004368616E6E15
:10EBE000656C20627573790073697A6520252063EE
:10EBF000685F696E666F2D3E736F757263655F64E3
:10EC00006174615F73697A65203D3D20300009734E
:10EC100072632073697A6528256429206973206EE0
:10EC20006F74206D6174636820646174612077691A
:10EC3000647468282564292E0A004E4F2066726588
:10EC40006520646D61206368616E6E656C20697318
:10EC500020617661696C61626C6500444D4120639E
:10EC600068616E6E656C205B25645D206973206E43
:10EC70006F7420617661696C61626C652C207472BE
:10EC80007920746F20757365206368616E6E656CA2
:10EC9000205B25645D005468652064657374696E4B
:10ECA0006174696F6E206164647265737328307873
:10ECB000257829206D75737420626520616C696701
:10ECC0006E656420696E20746865206E6F63616391
:10ECD0006865206D656D6F7279206F72206F6E2090
:10ECE000612033322D6279746520616464726573CA
:10ECF000732100536F75726365206164647265737C
:10ED000073206F722064657374696E6174696F6ECD
:10ED10002061646472657373206973206E756C6C16
:10ED20002100556E6B6E6F776E206576656E742070
:10ED3000747970652025642C206368616E6E656C43
:10ED400020256400646D612D636F6E74726F6C6C4E
:10ED5000657240343030303030303000646D615F87
:10ED600063736B360074726E672074696D65206F13
:10ED7000757421200A00574553545F544F5044493D
:10ED8000522F63736B2F647269766572732F656E91
:10ED900074726F70792F656E74726F70795F6373C0
:10EDA0006B362E630062756666657220213D2028F1
:10EDB00028766F6964202A2930290074726E6740B2
:10EDC00034356330303030300063736B365F656EDE
:10EDD00074726F707900206164647265737320616E
:10EDE0006E64206C656E677468206D757374206244
:10EDF0006520616C69676E65642077697468202599
:10EE00006420627974657300666C6173682D636F4A
:10EE10006E74726F6C6C65724034363430303030E2
:10EE20003000666C6173685F63736B3600574553DF
:10EE3000545F544F504449522F7A65706879722F4D
:10EE4000696E636C7564652F7A65706879722F647A
:10EE50007269766572732F6770696F2F6770696F5B
:10EE60005F7574696C732E680063616C6C626163BA
:10EE70006B00094E6F2063616C6C6261636B210AE9
:10EE80000063616C6C6261636B2D3E68616E646CE3
:10EE9000657200094E6F2063616C6C6261636B2068
:10EEA00068616E646C6572210A0063622D3E686160
:10EEB0006E646C6572006770696F40343561303024
:10EEC000303030006770696F403435393030303061
:10EED0003000693263006932635F63736B0070698D
:10EEE0006E6D7578403436323030303830007069AD
:10EEF0006E6D757840343632303030303000496EC7
:10EF000076616C6964206368616E6E656C2028258B
:10EF10006429006770746368616E6E656C330067A6
:10EF200070746368616E6E656C3200677074403433
:10EF3000353830303030300070776D5F63736B364A
:10EF40000001091975617274403435323030303047
:10EF500030005350492052454720414444523A30F2
:10EF60007825780045525220535049205245472079
:10EF7000414444523A307825780A004353204750A0
:10EF8000494F20706F72742025732070696E2025A0
:10EF900064206973206E6F74207265616479005318
:10EFA00050495F5472616E73666572206661696C68
:10EFB00065642E20723A2564005350495F53656E94
:10EFC00064206661696C65642E20723A2564005382
:10EFD00050495F52656365697665206661696C6555
:10EFE000642E20723A256400557064617465206552
:10EFF0007863656564732063757272656E742062F0
:10F00000756666657200556E737570706F727465A3
:10F0100064206461746120776964746828256420C1
:10F02000626974292E00574553545F544F50444928
:10F03000522F63736B2F647269766572732F7370CE
:10F04000692F7370695F63736B362E630062756638
:10F050002D3E6C656E2025206477203D3D203000DC
:10F0600009747820627566666572206C656E282565
:10F070006429206973206E6F74206D617463682049
:10F0800064617461207769647468282564206279FA
:10F090007465290A000972782062756666657220B7
:10F0A0006C656E28256429206973206E6F74206D4D
:10F0B000617463682064617461207769647468288E
:10F0C00025642062797465290A005350495F436FB3
:10F0D0006E74726F6C206661696C65642E20723A82
:10F0E00025642E0054696D656F75742077616974AD
:10F0F000696E6720666F72207472616E73666572E6
:10F1000020636F6D706C6574650073706940343591
:10F110003530303030300073706940343534303041
:10F120003030300063736B365F737069005745533E
:10F13000545F544F504449522F6D6F64756C657322
:10F140002F68616C2F6C697374656E61692F6373CE
:10F150006B365F636D33332F7A65706879722F6811
:10F160006561702F707269765F686561702E6300EB
:10F17000616C69676E203D3D2030207C7C20282812
:10F1800075696E747074725F74296D656D202620C8
:10F1900028616C69676E202D20312929203D3D2092
:10F1A0003000096D6973616C69676E6564206D6517
:10F1B0006D6F72792061742025702028616C6967F9
:10F1C0006E203D20257A75290A00434D414B455F4D
:10F1D000534F555243455F4449522F706C617466DA
:10F1E0006F726D2F746172676574732F6336322F7F
:10F1F0006D6F64756C65732F6C69622F66726565DF
:10F2000072746F735F7368696D732F7372632F63AA
:10F21000736B5F6F735F7468726561642E630074F3
:10F220006964203D3D20267A5F7468726561642DB3
:10F230003E7468726561640009746964206E6F745D
:10F240002076616C69640A00436F756C64206E6F90
:10F25000742067657420617564696F666C696E6798
:10F2600065720A00417564696F466C696E67657204
:10F2700020636F756C64206E6F74206F70656E20F4
:10F280007265636F72642C207361747475733A20B5
:10F2900025640A00436F756C64206E6F7420676587
:10F2A0007420636F6E74726F6C20626C6F636B0A94
:10F2B000005265636F726420616C726561647920CD
:10F2C000696E207573650A00496E76616C69642009
:10F2D000666F726D61743A206F6E6C792050434D89
:10F2E0005F31365F42495420697320737570706FC7
:10F2F000727465640A00556E737570706F72746510
:10F300006420696E707574206368616E6E656C2030
:10F31000636F6E66696775726174696F6E3A2030EB
:10F320007825780A00494353747265616D5F436FB5
:10F330006E73756D65725F61637175697265467232
:10F34000616D65206661696C65643A2025640A0018
:10F35000494353747265616D5F436F6E73756D657C
:10F36000725F72656C656173654672616D6520667A
:10F3700061696C65643A2025640A004943537472DC
:10F3800065616D5F436F6E73756D65725F636F6D01
:10F390006D697452656D6F7465206661696C656432
:10F3A0003A2025640A00417564696F466C696E678E
:10F3B000657220636F756C64206E6F742063726574
:10F3C00061746520747261636B2C20737461747551
:10F3D000733A2025640A00547261636B20616C7279
:10F3E0006561647920696E207573650A00496E76DF
:10F3F000616C696420666F726D61740A00496E7693
:10F40000616C6964206368616E6E656C206D617308
:10F410006B0A00436F756C64206E6F7420676574AF
:10F4200020617564696F206F757470757420666FE4
:10F43000722073747265616D207479706520256423
:10F440000A00496E76616C69642062756666657251
:10F450002073697A653A206D696E4672616D654305
:10F460006F756E742025642C206672616D65436F24
:10F47000756E742025640A007374617274282920E3
:10F480006661696C65640A004E6F7420616374691B
:10F49000766520616E64204E4F5F4D4F52455F424E
:10F4A0005546464552530A00417564696F5472616E
:10F4B000636B5F7772697465286275666665723D15
:10F4C00025702C2073697A653D25752028256429CF
:10F4D0000A007270635F636C69656E7400496E69DF
:10F4E0007469616C697A696E6720424B34383139CE
:10F4F0002064657669636500424B34383139206495
:10F50000657669636520696E697469616C697A659D
:10F5100064207375636365737366756C6C790062E0
:10F520006B3438313900496E697469616C697A6984
:10F530006E6720424B3130383020646576696365F0
:10F5400000424B313038302064657669636520694C
:10F550006E697469616C697A65642073756363654B
:10F56000737366756C6C7900626B3130383000579C
:10F570004553545F544F504449522F7A657068790F
:10F58000722F6B65726E656C2F6465766963652E8C
:10F590006300646576203C3D205F64657669636541
:10F5A0005F6C6973745F656E6400556E6B6E6F7728
:10F5B0006E206572726F72003E3E3E205A45504882
:10F5C000595220464154414C204552524F52202519
:10F5D000643A202573206F6E204350552025640027
:10F5E0004661756C7420647572696E6720696E740B
:10F5F0006572727570742068616E646C696E670AFA
:10F600000043757272656E74207468726561643A45
:10F61000202570202825732900574553545F544FE7
:10F62000504449522F7A65706879722F6B65726EFB
:10F63000656C2F666174616C2E6300726561736F17
:10F640006E20213D204B5F4552525F4B45524E4547
:10F650004C5F50414E49430009417474656D7074AC
:10F66000656420746F207265636F766572206672C0
:10F670006F6D2061206B65726E656C2070616E69C4
:10F680006320636F6E646974696F6E0A004350553E
:10F6900020657863657074696F6E00556E68616E81
:10F6A000646C656420696E74657272757074005361
:10F6B0007461636B206F766572666C6F77004B6563
:10F6C000726E656C206F6F7073004B65726E656C47
:10F6D0002070616E6963006D61696E005745535417
:10F6E0005F544F504449522F7A65706879722F6B7E
:10F6F00065726E656C2F6B686561702E63006820A3
:10F700003C3D205F6B5F686561705F6C6973745F1F
:10F71000656E640021617263685F69735F696E5F23
:10F720006973722829207C7C20282874696D656F94
:10F730007574292E7469636B73203D3D2028282839
:10F740006B5F74696D656F75745F7429207B307DA4
:10F7500029292E7469636B732900090A00574553E0
:10F76000545F544F504449522F7A65706879722F14
:10F770006B65726E656C2F6D656D5F736C61622E6B
:10F780006300736C6162203C3D205F6B5F6D656D53
:10F790005F736C61625F6C6973745F656E64005760
:10F7A0004553545F544F504449522F7A65706879DD
:10F7B000722F6B65726E656C2F7468726561642E52
:10F7C0006300282828287072696F2929203D3D2070
:10F7D0003135202626207A5F69735F69646C655F26
:10F7E0007468726561645F656E7472792828656EED
:10F7F000747279292929207C7C20282828313520F9
:10F800002D203129203E3D2028282D313629292937
:10F810002026262028287072696F2929203E3D2045
:10F8200028282D313629292026262028287072697B
:10F830006F2929203C3D20283135202D20312929D0
:10F84000290009696E76616C6964207072696F7253
:10F8500069747920282564293B20616C6C6F776579
:10F86000642072616E67653A20256420746F2025DC
:10F87000640A0021617263685F69735F696E5F6922
:10F8800073722829000954687265616473206D6180
:10F8900079206E6F7420626520637265617465649F
:10F8A00020696E20495352730A007468726561645E
:10F8B0005F64617461203C3D205F5F7374617469B3
:10F8C000635F7468726561645F646174615F6C69D1
:10F8D00073745F656E6400574553545F544F5044D2
:10F8E00049522F7A65706879722F6B65726E656CFC
:10F8F0002F69646C652E63005F6B65726E656C2E9C
:10F90000637075735B305D2E63757272656E742DF6
:10F910003E626173652E7072696F203E3D2030003B
:10F92000574553545F544F504449522F7A6570687D
:10F9300079722F6B65726E656C2F6D73675F712EB8
:10F9400063006D7367712D3E77726974655F7074C3
:10F9500072203E3D206D7367712D3E62756666654F
:10F96000725F7374617274202626206D7367712D27
:10F970003E77726974655F707472203C206D7367A6
:10F98000712D3E6275666665725F656E64005745EF
:10F9900053545F544F504449522F7A6570687972BE
:10F9A0002F6B65726E656C2F6D757465782E6300B4
:10F9B000096D7574657865732063616E6E6F742070
:10F9C0006265207573656420696E7369646520499A
:10F9D0005352730A006D757465782D3E6C6F636BBE
:10F9E0005F636F756E74203E203055005745535449
:10F9F0005F544F504449522F7A65706879722F6B6B
:10FA000065726E656C2F73656D2E630028286172B8
:10FA100063685F69735F696E5F6973722829203D4F
:10FA20003D203029207C7C20282874696D656F7505
:10FA300074292E7469636B73203D3D202828286B40
:10FA40005F74696D656F75745F7429207B307D29E3
:10FA5000292E7469636B73292900574553545F54E9
:10FA60004F504449522F7A65706879722F6B6572D6
:10FA70006E656C2F776F726B2E630068616E646CBD
:10FA8000657220213D202828766F6964202A29305C
:10FA90002900717565756500737461636B0021667B
:10FAA0006C61675F74657374282671756575652D63
:10FAB0003E666C6167732C204B5F574F524B5F5112
:10FAC000554555455F535441525445445F4249544E
:10FAD000290064776F726B20213D202828766F699A
:10FAE00064202A29302900574553545F544F50440D
:10FAF00049522F7A65706879722F6B65726E656CEA
:10FB00002F73636865642E630028287429202626D5
:10FB100020282875696E747074725F7429202873A8
:10FB20006C6963655F74696D656F757473292920ED
:10FB30003C3D20282875696E747074725F742920AA
:10FB40002874292920262620282875696E74707447
:10FB5000725F74292028742929203C20282875697F
:10FB60006E747074725F742920282628736C696320
:10FB7000655F74696D656F757473295B2828736997
:10FB80007A655F742920282828696E742920736992
:10FB90007A656F6628636861725B31202D203220A0
:10FBA0002A202128215F5F6275696C74696E5F7419
:10FBB000797065735F636F6D70617469626C655FA6
:10FBC00070285F5F747970656F665F5F28736C691A
:10FBD00063655F74696D656F757473292C205F5F51
:10FBE000747970656F665F5F282628736C6963653A
:10FBF0005F74696D656F757473295B305D292929A0
:10FC00005D29202D203129202B202873697A656FEA
:10FC10006628736C6963655F74696D656F7574736D
:10FC200029202F2073697A656F662828736C6963B1
:10FC3000655F74696D656F757473295B305D292923
:10FC400029295D29292026262028282875696E74EF
:10FC50007074725F74292028742929202D20282887
:10FC600075696E747074725F74292028736C69638F
:10FC7000655F74696D656F75747329292920252066
:10FC800073697A656F662828736C6963655F746948
:10FC90006D656F757473295B305D29203D3D2030A3
:10FCA00029005F6B65726E656C2E637075735B30D7
:10FCB0005D2E63757272656E7420213D2028287652
:10FCC0006F6964202A29302900217A5F69735F698E
:10FCD000646C655F7468726561645F6F626A6563B6
:10FCE00074287468726561642900574553545F54E1
:10FCF0004F504449522F7A65706879722F6B657244
:10FD00006E656C2F696E636C7564652F6B736368C9
:10FD100065642E68005F6B65726E656C2E6370752E
:10FD2000735B305D2E63757272656E742D3E626119
:10FD300073652E73636865645F6C6F636B656420C5
:10FD4000213D203155005F6B65726E656C2E6370CE
:10FD500075735B305D2E63757272656E742D3E62D5
:10FD60006173652E73636865645F6C6F636B656454
:10FD700020213D2030550073697A656F66287363D2
:10FD80006865645F7370696E6C6F636B29203D3DBD
:10FD90002030207C7C206C6F636B20213D202673FB
:10FDA000636865645F7370696E6C6F636B00746821
:10FDB000726561642D3E626173652E70656E646567
:10FDC000645F6F6E00282828287072696F292920C7
:10FDD0003D3D203135202626207A5F69735F6964B6
:10FDE0006C655F7468726561645F656E74727928B2
:10FDF000282828766F6964202A2930292929292072
:10FE00007C7C202828283135202D203129203E3D9A
:10FE10002028282D31362929292026262028287017
:10FE200072696F2929203E3D2028282D3136292945
:10FE30002026262028287072696F2929203C3D2021
:10FE4000283135202D203129292900217A5F697335
:10FE50005F7468726561645F73746174655F736514
:10FE600074285F6B65726E656C2E637075735B30A2
:10FE70005D2E63757272656E742C20282831554C86
:10FE8000203C3C20283429292929000961626F720D
:10FE900074696E6720657373656E7469616C207434
:10FEA00068726561642025700A000961626F72746E
:10FEB0006564205F63757272656E74206261636B46
:10FEC0002066726F6D20646561640A000963616E6B
:10FED0006E6F74206A6F696E20696E204953520AF2
:10FEE00000574553545F544F504449522F7A657020
:10FEF0006879722F6B65726E656C2F74696D656FB2
:10FF000075742E6300217379735F646E6F64655F2F
:10FF100069735F6C696E6B65642826746F2D3E6E25
:10FF20006F64652900574553545F544F50444952FC
:10FF30002F7A65706879722F6B65726E656C2F6DA4
:10FF4000656D706F6F6C2E6300616C69676E202F3A
:10FF50002073697A656F6628766F6964202A292084
:10FF60003E3D20312026262028616C69676E2025C1
:10FF70002073697A656F6628766F6964202A29295B
:10FF8000203D3D20300009616C69676E206D7573FE
:10FF9000742062652061206D756C7469706C6520D9
:10FFA0006F662073697A656F6628766F6964202AA8
:10FFB000290A002A2A2A20426F6F74696E67205A24
:10FFC0006570687972204F53206275696C64207A7D
:10FFD00065706879722D76332E342E302D34362D9F
:10FFE00067623866636334376363303435202A2AA6
:10FFF0002A0A00737973776F726B71007374643AB5
:020000041805DD
:100000003A6261645F616C6C6F6300537439626162
:10001000645F616C6C6F63007374643A3A6261642C
:100020005F657863657074696F6E005374396578C5
:1000300063657074696F6E00537431336261645F1D
:10004000657863657074696F6E004E31305F5F6311
:100050007878616269763131355F5F666F726365AA
:10006000645F756E77696E6445004E31305F5F6323
:100070007878616269763131395F5F666F72656980
:10008000676E5F657863657074696F6E45004E31A9
:10009000305F5F637878616269763132305F5F73B9
:1000A000695F636C6173735F747970655F696E66B5
:1000B0006F4500537439747970655F696E666F00BF
:1000C000537431316C6F6769635F6572726F720070
:1000D000537431326C656E6774685F6572726F72EB
:1000E00000537431326F75745F6F665F72616E6753
:1000F000650062617369635F737472696E673A3A2F
:100100005F535F636F6E737472756374206E756C8A
:100110006C206E6F742076616C6964006261736933
:10012000635F737472696E673A3A5F535F637265B7
:10013000617465004E31305F5F6378786162697623
:100140003131375F5F636C6173735F747970655FC2
:10015000696E666F4500000080B58AB002AF7860B6
:100160000B46FB701346BB700023FB617B681B686A
:100170003B617B685B79FB608B4B1B883B81002379
:10018000BB7207F1080301930023009300230022B0
:100190000121786800F060FEF861FB69002B01D056
:1001A000FB69FCE07B6800225A733B7A0B2B0BD077
:1001B0003B7AC82B08D03B7AEF2B05D03B7A202B1B
:1001C00002D03B7A282B02D17B6801225A73BB7A7A
:1001D000182B02D97B6801221A737B681A7B734B38
:1001E0001A707B681B7B002B03D04FF440337B617C
:1001F00002E04FF400337B617B6943F4F0637B6181
:100200007969386900F00DF9386900F01BFA034686
:1002100023F0FF037B617A69FB6813431946386951
:1002200000F01DFA7B681B7B002B04D0012178684D
:1002300001F0A9F9F8617B681B79042B17D1786864
:1002400001F062FDF861FB69002B40F09E807B6845
:100250001B7B002B05D03B6950331A460D231360DE
:100260001CE03B6950331A460523136016E078689A
:1002700001F08FFDF861FB69002B40F088807B68FE
:100280001B7B002B05D03B6950331A4609231360B2
:1002900004E03B6950331A46012313604FF0754365
:1002A000BB61FB78002B02D1BB78002B03D0BB696C
:1002B00043F03003BB61FB78002B26D0BB78002BCA
:1002C00023D007F10B031946786801F02DFEF86181
:1002D000FB69002B5DD13B6980331A46BB69136013
:1002E000FB7A002B08D0BA783B6990331946134645
:1002F0001B0213440B6051E0FA783B6990331946B6
:1003000013461B0213440B6048E0FB78002B17D008
:10031000BB78002B14D1786801F0C3FDF861FB694C
:10032000002B38D13B6980331A46BB691360FA78D9
:100330003B699033194613461B0213440B602DE0B2
:10034000FB78002B17D1BB78002B14D0786801F014
:1003500063FDF861FB69002B1FD13B6980331A46AE
:10036000BB691360BA783B699033194613461B0288
:1003700013440B6012E0786801F093FDF8613B696B
:1003800080331A46BB69136008E000BF06E000BF77
:1003900004E000BF02E000BF00E000BFFB691846B8
:1003A0002037BD4680BD00BF4853031814DA09004A
:1003B00080B586B002AF114B1B78002B01D1002312
:1003C00017E00F4BFB60E923BB6000230193002380
:1003D0000093002301220021002000F050F97860F2
:1003E0007A68B968F86800F071FAF86800F0F7F90F
:1003F000034618461037BD4680BD00BF14DA090019
:100400000000404680B485B000AF78607B68103350
:100410001B68FB60FB6818461437BD465DF8047B1B
:10042000704780B483B000AF786039607B68103368
:100430001A463B68136000BF0C37BD465DF8047B6D
:10044000704780B485B000AF78607B6814331B6858
:10045000FB60FB6818461437BD465DF8047B7047A7
:1004600080B483B000AF786039607B6814331A467B
:100470003B68136000BF0C37BD465DF8047B7047D6
:1004800080B485B000AF78607B6830331B68FB6058
:10049000FB6818461437BD465DF8047B704780B48E
:1004A00083B000AF786039607B6830331A463B68B0
:1004B000136000BF0C37BD465DF8047B704780B405
:1004C00085B000AF78607B6834331B68FB60FB68E5
:1004D00018461437BD465DF8047B704780B485B07C
:1004E00000AF78607B6838331B68FB60FB68184698
:1004F0001437BD465DF8047B704780B483B000AF0D
:10050000786039607B6838331A463B68136000BFF7
:100510000C37BD465DF8047B704780B485B000AFF2
:1005200078607B683C331B68FB60FB6818461437B7
:10053000BD465DF8047B704780B483B000AF78603F
:1005400039607B683C331A463B68136000BF0C3748
:10055000BD465DF8047B704780B485B000AF78601D
:100560007B6820331B68FB60FB6818461437BD4668
:100570005DF8047B704780B483B000AF7860396069
:100580007B6820331A463B68136000BF0C37BD46BA
:100590005DF8047B704780B483B000AF78607B68FF
:1005A00024331B6818460C37BD465DF8047B704742
:1005B00080B483B000AF786039607B6824331A461A
:1005C0003B68136000BF0C37BD465DF8047B704785
:1005D00080B483B000AF78607B6828331B6818460E
:1005E0000C37BD465DF8047B704780B483B000AF24
:1005F000786039607B6828331A463B68136000BF17
:100600000C37BD465DF8047B704780B483B000AF03
:1006100078607B682C331B6818460C37BD465DF844
:10062000047B704780B483B000AF786039607B682A
:100630002C331A463B68136000BF0C37BD465DF88B
:10064000047B704780B483B000AF78607B68403330
:100650001B6818460C37BD465DF8047B704780B4B4
:1006600083B000AF786039607B6840331A463B68DE
:10067000136000BF0C37BD465DF8047B704780B443
:100680008FB000AFF860B9607A603B6000233B63D5
:10069000FB689B0703F080433B61BB685B0703F08B
:1006A00000537B617B681B0603F07063BB613B6892
:1006B0001A03124B1340FB613B6C5B0203F4C063F3
:1006C0003B627B6CC3F308037B6200237B630BE01C
:1006D0007B6B9B0038333B4453F8283C3A6B134305
:1006E0003B637B6B01337B637B6B052BF0D93B6BEF
:1006F00018463C37BD465DF8047B704700F01F008C
:1007000080B491B000AFF860B9607A603B600023BC
:10071000BB63FB689B0703F080437B61BB685B079F
:1007200003F00053BB617B681B0603F07063FB6141
:100730003B681A03194B13403B62BB6C5B0203F42A
:10074000C0637B62FB6CC3F30803BB623B6D1B079A
:1007500003F08053FB627B6D9B0503F440033B6316
:10076000BB6D5B0503F400137B630023FB630BE0AD
:10077000FB6B9B0040333B4453F82C3CBA6B134358
:10078000BB63FB6B0133FB63FB6B082BF0D9BB6BCB
:1007900018464437BD465DF8047B704700F01F00E3
:1007A00080B485B000AF78607B681B68FB60FB6835
:1007B00018461437BD465DF8047B704780B485B099
:1007C00000AF78607B6834331B68FB60FB6803F024
:1007D000010318461437BD465DF8047B704780B5A9
:1007E00084B000AF78604FF47A73BB600123FB6084
:1007F0000AE07868FFF7E2FF0346002B01D10023EF
:1008000008E0FB680133FB60FA68BB689A42F0D3EA
:100810004FF0FF3318461037BD4680BD80B485B019
:1008200000AF78607B6834331B68FB60FB6803F4BF
:10083000804318461437BD465DF8047B704780B589
:1008400084B000AF78604FF47A73BB600123FB6023
:100850000AE07868FFF7E2FF0346002B01D100238E
:1008600008E0FB680133FB60FA68BB689A42F0D38A
:100870004FF0FF3318461037BD4680BD80B485B0B9
:1008800000AF78607B6834331B68FB60FB681B0A31
:1008900003F01F03BB60BB6818461437BD465DF804
:1008A000047B704780B584B000AF78607B683033DC
:1008B0001B68FB60FB6843F00603FB60F96878681F
:1008C000FFF7EDFD00BF1037BD4680BD80B584B099
:1008D00000AFF860B9607A60B968F868FFF7A2FE07
:1008E0007968F868FFF747FE0021F868FFF760FEB7
:1008F00000BF1037BD4680BD80B584B000AFF86042
:10090000B9607A603B603968F868FFF734FE79684F
:10091000F868FFF76AFEB968F868FFF749FE00BF9C
:100920001037BD4680BD80B588B000AFF860B960B3
:100930007A6000237B61BB68BB611BE0F868FFF74E
:100940006DFF0346002B15D1F868FFF797FF78611C
:100950000023FB610AE0FB682C331946BB691A1DB2
:10096000BA610A681A60FB690133FB61FA697B6945
:100970009A42F0D3F868FFF721FF0346002BDDD140
:10098000F868FFF77BFF78610023FB610AE0FB68F2
:100990002C331946BB691A1DBA610A681A60FB69D3
:1009A0000133FB61FA697B699A42F0D300BF00BF53
:1009B0002037BD4680BD80B58AB000AFF860B96011
:1009C0007A607B680333002B00DA03339B107B6172
:1009D000BB68FB614FF4FA533B6100237B6224E068
:1009E00000233B620CE0F868FFF769FD034603F45F
:1009F0000003BB61BB69002B07D03B6A01333B623C
:100A00003A6A3B699A42EED300E000BFBB69002B13
:100A100010D1FB691B681946F868FFF703FEFB69F4
:100A20000433FB617B6A01337B627A6A7B699A4299
:100A3000D6D300E000BF2837BD4680BD80B584B066
:100A400000AF78600023FB6000220021786800F08E
:100A500005F8FB6818461037BD4680BD80B584B0E8
:100A600000AF78600B46FB701346BB707B680122B9
:100A7000DA717B689B68002B02D17B680C4A9A6014
:100A80007B689B79002B01D001F082FABA78FB7861
:100A900019467868FFF760FBF8607B689B79002B4C
:100AA00001D001F069FAFB6818461037BD4680BDD9
:100AB00020BF020080B584B000AF78604FF0FF33F4
:100AC000FB607B68002B11D07B689B79002B01D0E9
:100AD00001F05EFA00220021786801F07AF8F860EF
:100AE0007B689B79002B01D001F046FAFB68184621
:100AF0001037BD4680BD80B586B002AF78607B6898
:100B00005B7B002B01D1002314E00023FB6007F185
:100B10000C03019300230093002300220221786834
:100B200000F09AF9FB6803F03C03002B01D001238D
:100B300000E0002318461037BD4680BD80B584B064
:100B400000AF78600023FB607B68002B0FD07B68D0
:100B50009B79002B01D001F01BFA7868FFF7CBFFDF
:100B6000F8607B689B79002B01D001F005FAFB68E7
:100B700018461037BD4680BD80B584B000AF7860A0
:100B80004FF0FF33FB607B68002B15D07B689B79AF
:100B9000002B01D001F0FCF9786800F00AFCF86045
:100BA00000220021786801F04CF8F8607B689B799E
:100BB000002B01D001F0E0F9FB6818461037BD4664
:100BC00080BD80B586B002AF786007F1080301935D
:100BD00000230093002300220121786800F03CF9F3
:100BE0000346FB60FB68002B04D0064801F0C8F9FF
:100BF000002302E0BB6823F07F4318461037BD4650
:100C000080BD00BF4C53031880B584B000AF78603E
:100C10000023FB607B68002B0FD07B689B79002B47
:100C200001D001F0B5F97868FFF7CBFFF8607B6879
:100C30009B79002B01D001F09FF9FB681846103713
:100C4000BD4680BD80B586B000AFF860B9607A60FF
:100C50003B604FF0FF337B61FB68002B13D0FB68D8
:100C60009B79002B01D001F093F9B9683B687A6851
:100C7000F86800F02CFF7861FB689B79002B03D0AB
:100C800001F07AF900E000BF7B6918461837BD46CD
:100C900080BD80B586B000AFF860B9607A603B6017
:100CA0004FF0FF337B61FB68002B16D0FB68DB79CC
:100CB000002B12D1FB689B79002B01D001F068F961
:100CC000B9683B687A68F86800F042FE7861FB68B2
:100CD0009B79002B01D001F04FF97B69184618373A
:100CE000BD4680BD80B586B000AFF860B9607A605F
:100CF0004FF0FF337B61FB68002B16D0FB68DB797C
:100D0000002B12D1FB689B79002B01D001F040F938
:100D1000BB687A681946F86800F0DDFC7861FB680A
:100D20009B79002B01D001F027F97B691846183711
:100D3000BD4680BD80B586B000AFF860B9607A600E
:100D40004FF0FF337B61FB68002B16D0FB68DB792B
:100D5000002B12D1FB689B79002B01D001F018F910
:100D6000BB687A681946F86800F04BFD7861FB684B
:100D70009B79002B01D001F0FFF87B6918461837EA
:100D8000BD4680BD80B485B000AF78600B46FB7077
:100D90004FF0FF33FB607B68002B04D0FA787B6850
:100DA000DA710023FB60FB6818461437BD465DF816
:100DB000047B704780B483B000AF78604FF0FF339E
:100DC00018460C37BD465DF8047B704780B485B08B
:100DD00000AFF860B9607A60BB68002B01DA03F6F7
:100DE000FF731B131A467B689A607B684FF480522E
:100DF0005A60BB6823F47F6323F00F037A681360A3
:100E0000002318461437BD465DF8047B704780B454
:100E100089B000AF786039607B68DBB2FB613B680A
:100E20001B0C1B029BB2BB613B681B0A1B0403F437
:100E30007F037B613B681B063B61FA69BB691A4310
:100E40007B6913433A691343FB60FB6818462437F8
:100E5000BD465DF8047B704780B592B006AFF86080
:100E6000B9607A603B6000233B620023BB610023D2
:100E7000FB61FB681B687B6100233B627869FFF7BD
:100E8000AEFC0346BB61BB69002B02D04FF0FF33C1
:100E90008BE27869FFF706FDBB68142B00F26982CC
:100EA00001A252F823F000BFA50D0800331008007E
:100EB000731008006F0E0800950E0800BB0E0800A6
:100EC000A70F0800CB100800F71008002311080036
:100ED000671108001B120800A5110800CB110800BB
:100EE00073100800CB110800FB0E08003B0F080030
:100EF00073100800CB1108007B0F0800FB681B79FA
:100F0000042B1AD13B68013B012204920222039276
:100F1000012202920193012300930023092201215F
:100F20000120FFF7EDFBF862FB681B7B002B01D073
:100F3000EC2300E0EB237B6238E0FB681B79022B9B
:100F40001AD13B68013B0022049201220392012244
:100F50000292019300230093002309220121012022
:100F6000FFF7CEFBF862FB681B7B002B01D0BC2394
:100F700000E0BB237B6219E03B68013B0022049246
:100F80000022039200220292019300230093002387
:100F9000092201210120FFF7B3FBF862FB681B7BEC
:100FA000002B01D00C2300E00B237B62FB6A7A68E4
:100FB000796A7869FFF7A0FC3B681A46B96B7869D3
:100FC000FFF7B1FCDFE10623BB620023019300239E
:100FD00000930023012200210020FFF750FBF8625C
:100FE000FA6AB96A7869FFF771FCCCE10423BB6245
:100FF00000230193002300930023012200210020FD
:10100000FFF73DFBF862FA6AB96A7869FFF75EFCA0
:10101000B9E1FB681B7B002B01D0212300E02023DA
:101020007B62002304930023039300230293002395
:101030000193002300930023072201210120FFF7E1
:101040005FFBF862FB6A7A68796A7869FFF754FC9B
:1010500099E1FB681B7B002B01D05C2300E052234D
:101060007B62002304930023039300230293002355
:101070000193002300930023072201210120FFF7A1
:101080003FFBF862FB6A7A68796A7869FFF734FC9B
:1010900079E1FB681B7B002B01D0DC2300E0D82327
:1010A0007B62002304930023039300230293002315
:1010B0000193002300930023072201210120FFF761
:1010C0001FFBF862FB6A7A68796A7869FFF714FC9B
:1010D00059E179688120FFF79AFEB86200230193F5
:1010E000002300930323012200210020FFF7C7FA09
:1010F000F862FA6AB96A7869FFF7E8FB43E1FB68CE
:101100001B79042B1AD1FB681B7B002B01D03423E5
:1011100000E032237B623B68013B00220492022202
:1011200003920022029200220192002200920122E8
:1011300001210120FFF7E4FAF86219E0FB681B7B4C
:10114000002B01D0122300E002237B623B68013BAD
:1011500000220492002203920022029200220192B5
:1011600000220092012201210120FFF7C9FAF86252
:10117000FB6A7A68796A7869FFF7BEFB3B681A46B2
:10118000B96B7869FFF717FCFDE09F23BB62022370
:101190000193002300930023032200210020FFF786
:1011A0006EFAF862FA6AB96A7869FFF78FFB7869B4
:1011B000FFF745FB0346FB61FB69002B40F0DC8039
:1011C0007869FFF722FA3862D6E0BB68022B02D1B9
:1011D0000523BB6207E0BB680E2B02D13523BB623F
:1011E00001E01523BB620023019300230093002339
:1011F000032200210020FFF742FAF862FA6AB96A76
:101200007869FFF763FB7869FFF719FB0346FB6119
:10121000FB69002B40F0B2807869FFF7F6F938627D
:10122000ACE079683620FFF7F2FDB8620023019345
:10123000002300930323012200210020FFF71FFA5F
:10124000F862FA6AB96A7869FFF740FB9BE079684F
:101250003920FFF7DCFDB8620023019300230093DF
:101260000323012200210020FFF709FAF862FA6A3D
:10127000B96A7869FFF72AFB85E079683C20FFF7B7
:10128000C6FDB862002301930023009303230322C9
:1012900000210020FFF7F3F9F862FA6AB96A786969
:1012A000FFF714FB7869FFF7CAFA0346FB61FB6995
:1012B000002B65D17869FFF7A8F9386260E02B232D
:1012C000BB6200230193002300930023032200212B
:1012D0000020FFF7D4F9F862FA6AB96A7869FFF773
:1012E000F5FA7869FFF7ABFA0346FB61FB69002B5F
:1012F00048D17869FFF789F9386243E09823BB62E7
:1013000000230193002300930023012200210020E9
:10131000FFF7B5F9F862FA6AB96A7869FFF7D6FAA1
:1013200031E0BB680D2B05D17B681B0243F0010344
:10133000BB620DE0BB680F2B05D17B681B0243F03D
:101340003103BB6204E07B681B0243F01103BB6204
:101350000023019300230093012301220021002098
:10136000FFF78DF9F862FA6AB96A7869FFF7AEFAA1
:1013700009E04FF0FF3318E000BF04E000BF02E0D7
:1013800000BF00E000BF7869FFF729FA0346BB61A0
:10139000BB69002B02D1FB69002B02D04FF0FF3359
:1013A00003E0FB6B3A6A1A60002318463037BD46EB
:1013B00080BD80B588B002AF786007F10C0301935F
:1013C000002300930023002203217868FFF744FDE7
:1013D00003467B617B69002B06D07969204800F0C9
:1013E000C7FD4FF0FF3337E001233B611EE007F1FB
:1013F0000C0301930023009300230022022178684C
:10140000FFF72AFD03467B617B69002B06D07969D3
:10141000144800F0ADFD4FF0FF331DE0FB6803F012
:101420000203002B08D13B6901333B617B689B6859
:101430003A699A42DBD300E000BFFB6803F0020385
:10144000002B08D1FB681A467969074800F090FD27
:101450004FF0FF3300E0002318461837BD4680BD2B
:10146000685303189C530318DC53031880B588B0E5
:1014700002AF78600023FB6001237B611AE007F173
:101480000C030193002300930023002202217868BB
:10149000FFF7E2FC03463B613B69002B02D04FF0B3
:1014A000FF3317E0FB6803F00303002B08D07B69D0
:1014B00001337B617B689B687A699A42DFD300E0E5
:1014C00000BFFB6803F00303002B02D04FF0FF3393
:1014D00000E0002318461837BD4680BD80B58AB0AD
:1014E00002AF786039600023FB617B681B687B6119
:1014F00000230193002300930023032200210020F6
:10150000FFF7BDF838613A69C8217869FFF7DEF95D
:101510007869FFF794F9F861FB69002B03D17869CA
:10152000FFF773F8B8613B681B0EBA699A4225D081
:101530007868FFF73EFFF861FB69002B1DD13B681F
:101540001B0C03F47F433B603B6843F0C503FB6027
:101550000023019300230093012301220021002096
:10156000FFF78DF838613A69F9687869FFF7AEF9E5
:101570007869FFF734F9F86100E000BFFB691846AD
:101580002037BD4680BD80B588B002AF7860396035
:101590007B681B683B613B68002B02D0B7237B61F3
:1015A00001E0E9237B6100230193002300930023E2
:1015B000012200210020FFF762F8F860FA687969DB
:1015C0003869FFF783F93869FFF709F903461846C8
:1015D0001837BD4680BD80B586B002AF7860002365
:1015E000FB607868FFF7E5FEF860FB68002B2CD104
:1015F00007F10803019300230093002300220C212C
:101600007868FFF729FCF860FB68002B1FD1786829
:10161000FFF72CFFF860FB68002B1AD107F10803D5
:101620000193002300930023002209217868FFF72B
:1016300013FCF860FB68002B0DD1BB68DBB2FF2BFD
:101640000AD14FF0FF33FB6006E000BF04E000BFAB
:1016500002E000BF00E000BFFB6818461037BD463F
:1016600080BD80B58AB002AF78607B681B68FB6183
:10167000FF23BB61F869FEF7E5FF034623F0FF0394
:101680007B617A69BB6913431946F869FEF7E7FF86
:10169000F869FEF7D7FFB86107F10803019300234B
:1016A00000930023002201217868FFF7D5FB034651
:1016B0003B613B69002B08D13B7A1A047B7A1B0201
:1016C0001343BA7A1343FB6000E000BF3B6918463E
:1016D0002037BD4680BD80B58CB002AFF860B960E0
:1016E0007A60F868FFF707FAF861FB69002B01D010
:1016F000FB6982E0BB6823F47F6323F00F037B6206
:10170000BA687B6AD31A7A681344BB61BB6903F673
:10171000FF731B0B7B6100233B6263E0F868FFF7FC
:1017200048FEF861FB69002B61D17B6A9BB2002BFC
:1017300018D13B6A10337A699A4213D307F1100328
:1017400001930023009300237A6A1121F868FFF7C0
:1017500083FBF8617B6A03F580337B623B6A10335D
:101760003B6235E07B6AC3F30E03002B18D13B6A62
:1017700008337A699A4213D307F1100301930023C7
:10178000009300237A6A1021F868FFF765FBF8617F
:101790007B6A03F500437B623B6A08333B6217E0D8
:1017A0003B6A01337A699A4212D307F1100301931D
:1017B0000023009300237A6A0521F868FFF74CFBA9
:1017C000F8617B6A03F580537B623B6A01333B62BD
:1017D000FB69002B0DD1F868FFF748FEF861FB6943
:1017E000002B08D13A6A7B699A4297D304E000BF84
:1017F00002E000BF00E000BFFB6918462837BD4685
:1018000080BD80B58CB002AFF860B9607A60F868CE
:10181000FFF771F90346FB61FB69002B01D0FB69FF
:1018200042E0BB6823F0FF037B62BA687B6AD31A8D
:101830007A681344BB61BB69FF331B0A7B610023D9
:101840003B6226E0F868FFF7B4FD0346FB61FB69E5
:10185000002B23D107F110030193002300930023F1
:101860007A6A1421F868FFF7F7FA0346FB617B6A8E
:1018700003F580737B623B6A01333B62FB69002B9B
:101880000ED1F868FFF7F2FD0346FB61FB69002B00
:1018900008D13A6A7B699A42D4D304E000BF02E0DF
:1018A00000BF00E000BFFB6918462837BD4680BD79
:1018B00080B58CB002AFF860B9607A603B607B683D
:1018C0003B623B68FB61BB68DBB2C3F58073BB6105
:1018D000BA69FB69934228BF1346BB61F868FFF7FA
:1018E00068FD03467B627B6A002B27D107F1140356
:1018F00001933B6A0093BB69BA680621F868FFF759
:10190000ABFA03467B627B6A002B19D1F868FFF7BC
:10191000ADFD03467B627B6A002B13D1BA68BB69BD
:101920001344BB603A6ABB6913443B62FA69BB6902
:10193000D31AFB61FB69002BC5D104E000BF02E0B4
:1019400000BF00E000BF7B6A18462837BD4680BD57
:1019500080B58CB000AFF860B9607A603B607B689E
:10196000BB61F868FFF7C7F80346FB62FB6A002B10
:1019700001D0FB6A6FE07B6803F00303C3F104034B
:10198000BB62BB6A042B01D10023BB623A68BB6A0D
:101990009A420CD93A68BB6AD31A03F003033B623C
:1019A0003A68BB6AD21A3B6AD31A7B6205E03B688D
:1019B000BB6200237B6200233B62BB68FB61BB6AA6
:1019C000002B1AD0BA6A07F11403B969184600F05F
:1019D000DBFA07F11402BB6AF969F868FFF768FFE0
:1019E0000346FB62FB6A002B31D1BA69BB6A134420
:1019F000BB61FA69BB6A1344FB617B6A002B12D09E
:101A00007B6ABA69F969F868FFF752FF0346FB621F
:101A1000FB6A002B1DD1BA697B6A1344BB61FA696A
:101A20007B6A1344FB613B6A002B13D03A6A07F1CF
:101A30001403B969184600F0A7FA07F114023B6ACB
:101A4000F969F868FFF734FF0346FB6202E000BF64
:101A500000E000BFFB6A18463037BD4680BD80B548
:101A60008AB002AFF860B9607A603B6025E03B68FD
:101A7000B3F5007F03D34FF40073BB6101E03B6813
:101A8000BB617B6807F1140201920093BB69BA68DD
:101A90000021F868FFF7E0F90346FB61FB69002BC2
:101AA0000FD1BA68BB691344BB607A68BB69134441
:101AB0007B603A68BB69D31A3B603B68002BD6D188
:101AC00000E000BFFB6918462037BD4680BD80B5E9
:101AD0008CB000AFF860B9607A603B607B68BB6136
:101AE0007B6803F00303C3F10403BB62BB6A042BEE
:101AF00001D10023BB623A68BB6A9A420CD93A68AA
:101B0000BB6AD31A03F003033B623A68BB6AD21A7A
:101B10003B6AD31A7B6205E03B68BB6200237B62B1
:101B200000233B62BB68FB61BB6A002B1AD007F144
:101B30001402BB6AF969F868FFF791FF0346FB627C
:101B4000FB6A002B3BD1BA6A07F114031946B86946
:101B500000F01AFABA69BB6A1344BB61FA69BB6A3E
:101B60001344FB617B6A002B12D0BA697B6AF96966
:101B7000F868FFF774FF0346FB62FB6A002B20D175
:101B8000BA697B6A1344BB61FA697B6A1344FB61DF
:101B90003B6A002B18D007F114023B6AF969F86818
:101BA000FFF75DFF0346FB62FB6A002B0BD13A6A2D
:101BB00007F114031946B86900F0E6F904E000BF24
:101BC00002E000BF00E000BFFB6A18463037BD46A8
:101BD00080BD80B588B002AFF860B9607A60FB68FC
:101BE0005B7B002B02D14FF0FF3326E000237B61AB
:101BF00007F1140301930023009300230022022124
:101C0000F868FFF729F97B6903F03C03002B01D04A
:101C1000002312E07B6943F03C031946F86800F0AA
:101C200048F807F1140301930023009300230022D6
:101C30000221F868FFF710F9002318461837BD464F
:101C400080BD80B588B002AFF860B9607A60FB688B
:101C50005B7B002B02D14FF0FF3326E000237B613A
:101C600007F11403019300230093002300220221B3
:101C7000F868FFF7F1F87B6903F03C03002B01D112
:101C8000002312E07B6923F03C031946F86800F05A
:101C900010F807F11403019300230093002300229E
:101CA0000221F868FFF7D8F8002318461837BD4618
:101CB00080BD80B586B002AF786039607868FFF784
:101CC00078FB0346FB60FB68002B15D107F1080386
:101CD00001930023009300233A680D217868FFF7F1
:101CE000BBF80346FB60FB68002B07D17868FFF761
:101CF000BDFB0346FB6002E000BF00E000BFFB68E5
:101D000018461037BD4680BD80B588B002AF7860F8
:101D100000237B6107F10C03019300230093002350
:101D200000220E217868FFF797F878617B69002B15
:101D300023D1FB6803F00203002B20D1FB6843F0A2
:101D40000203FB607868FFF734FB78617B69002B46
:101D500017D1FA6807F110030193002300930023C1
:101D60000F217868FFF778F878617B69002B0AD13A
:101D70007868FFF77BFB786106E000BF04E000BFF6
:101D800002E000BF00E000BF7B6918461837BD467F
:101D900080BD80B588B002AF786000237B6107F119
:101DA0000C03019300230093002300220E21786886
:101DB000FFF752F878617B69002B23D1FB6803F0B1
:101DC0000203002B23D0FB6823F00203FB6078683A
:101DD000FFF7EFFA78617B69002B15D1FA6807F1FC
:101DE000100301930023009300230F217868FFF76D
:101DF00033F878617B69002B08D17868FFF736FBF0
:101E0000786104E000BF02E000BF00E000BF7B6932
:101E100018461837BD4680BD80B588B002AF7860DF
:101E200000237B6107F10C0301930023009300233F
:101E3000002212217868FFF70FF878617B69002B88
:101E400023D1FB6803F00103002B20D1FB6843F092
:101E50000103FB607868FFF7ACFA78617B69002BBF
:101E600017D1FA6807F110030193002300930023B0
:101E700013217868FEF7F0FF78617B69002B0AD1A7
:101E80007868FFF7F3FA786106E000BF04E000BF6E
:101E900002E000BF00E000BF7B6918461837BD466E
:101EA00080BD80B588B002AF786000237B6107F108
:101EB0000C03019300230093002300221221786871
:101EC000FEF7CAFF78617B69002B23D1FB6803F022
:101ED0000103002B23D0FB6823F00103FB6078682B
:101EE000FFF767FA78617B69002B15D1FA6807F173
:101EF0001003019300230093002313217868FEF759
:101F0000ABFF78617B69002B08D17868FFF7AEFAE8
:101F1000786104E000BF02E000BF00E000BF7B6921
:101F200018461837BD4680BD80B586B002AF7860D0
:101F3000396007F108030193002300930023002276
:101F400012217868FEF788FFF860FB68002B07D144
:101F5000BB68DBB203F00103DAB23B681A7000E041
:101F600000BFFB6818461037BD4680BD000000006A
:101F70005FF800F0118102185FF800F037150318C0
:101F80005FF800F0B98102185FF800F055150318EA
:101F90005FF800F0191503180000000000000000B1
:101FA0000000000000000000000000000000000031
:101FB000D94A0218000000000000000000000000E4
:101FC000681E0800681E080003E5021800000000F3
:101FD0000000000000000000000000000000000001
:101FE000881E0800881E0800000000000100000094
:101FF000981E0800981E0800000000000100000064
:1020000000000000000000000000000000000000D0
:1020100000000000000000000000000000000000C0
:1020200000000000000000000000000000000000B0
:1020300000000000000000000000000000000000A0
:102040000000000040200800A8200800102108001F
:102050000000000000000000000000000000000080
:102060000000000000000000000000000000000070
:102070000000000000000000000000000000000060
:102080000000000000000000000000000000000050
:102090000000000000000000000000000000000040
:1020A0000000000000000000000000000000000030
:1020B0000000000000000000000000000000000020
:1020C0000000000000000000000000000000000010
:1020D0000000000000000000000000000000000000
:1020E00000000000000000000100000000000000EF
:1020F0000E33CDAB34126DE6ECDE05000B000000B4
:1021000000000000000000000000000000000000CF
:1021100000000000000000000000000000000000BF
:1021200000000000000000000000000000000000AF
:10213000000000000000000000000000000000009F
:10214000000000000000000000000000000000008F
:10215000000000000000000000000000000000007F
:10216000000000000000000000000000000000006F
:10217000000000000000000000000000000000005F
:10218000000000000000000000000000000000004F
:10219000000000000000000000000000000000003F
:1021A000000000000000000000000000000000002F
:1021B000000000000000000000000000000000001F
:1021C000000000000000000000000000000000000F
:1021D00000000000000000000000000000000000FF
:1021E00000000000000000000000000000000000EF
:1021F00000000000000000000000000000000000DF
:1022000000000000000000000000000000000000CE
:1022100000000000000000000000000000000000BE
:1022200000000000000000000000000000000000AE
:10223000000000000000000000000000000000009E
:10224000000000000000000000000000000000008E
:10225000000000000000000000000000000000007E
:10226000000000000000000000000000000000006E
:10227000000000000000000000000000000000005E
:10228000000000000000000000000000000000004E
:10229000000000000000000000000000000000003E
:1022A000000000000000000000000000000000002E
:1022B000000000000000000000000000000000001E
:1022C000000000000000000000000000000000000E
:1022D00000000000000000007821080078210800BC
:1022E000802108008021080088210800882108003A
:1022F00090210800902108009821080098210800EA
:10230000A0210800A0210800A8210800A821080099
:10231000B0210800B0210800B8210800B821080049
:10232000C0210800C0210800C8210800C8210800F9
:10233000D0210800D0210800D8210800D8210800A9
:10234000E0210800E0210800E8210800E821080059
:10235000F0210800F0210800F8210800F821080009
:1023600000220800002208000822080008220800B5
:102370001022080010220800182208001822080065
:102380002022080020220800282208002822080015
:1023900030220800302208003822080038220800C5
:1023A0004022080040220800482208004822080075
:1023B0005022080050220800582208005822080025
:1023C00060220800602208006822080068220800D5
:1023D0007022080070220800782208007822080085
:1023E0008022080080220800882208008822080035
:1023F00090220800902208009822080098220800E5
:10240000A0220800A0220800A8220800A822080094
:10241000B0220800B0220800B8220800B822080044
:10242000C0220800C0220800C8220800C8220800F4
:10243000D0220800D0220800D8220800D8220800A4
:10244000E0220800E0220800E8220800E822080054
:10245000F0220800F0220800F8220800F822080004
:1024600000230800002308000823080008230800B0
:102470001023080010230800182308001823080060
:102480002023080020230800282308002823080010
:1024900030230800302308003823080038230800C0
:1024A0004023080040230800482308004823080070
:1024B0005023080050230800582308005823080020
:1024C00060230800602308006823080068230800D0
:1024D0007023080070230800782308007823080080
:1024E0008023080080230800882308008823080030
:1024F00090230800902308009823080098230800E0
:10250000A0230800A0230800A8230800A82308008F
:10251000B0230800B0230800B8230800B82308003F
:10252000C0230800C0230800C8230800C8230800EF
:10253000D0230800D0230800D8230800D82308009F
:10254000E0230800E0230800E8230800E82308004F
:10255000F0230800F0230800F8230800F8230800FF
:1025600000240800002408000824080008240800AB
:10257000102408001024080018240800182408005B
:10258000202408002024080028240800282408000B
:1025900030240800302408003824080038240800BB
:1025A000402408004024080048240800482408006B
:1025B000502408005024080058240800582408001B
:1025C00060240800602408006824080068240800CB
:1025D000702408007024080078240800782408007B
:1025E000802408008024080088240800882408002B
:1025F00090240800902408009824080098240800DB
:10260000A0240800A0240800A8240800A82408008A
:10261000B0240800B0240800B8240800B82408003A
:10262000C0240800C0240800C8240800C8240800EA
:10263000D0240800D0240800D8240800D82408009A
:10264000E0240800E0240800E8240800E82408004A
:10265000F0240800F0240800F8240800F8240800FA
:1026600000250800002508000825080008250800A6
:102670001025080010250800182508001825080056
:102680002025080020250800282508002825080006
:1026900030250800302508003825080038250800B6
:1026A0004025080040250800482508004825080066
:1026B0005025080050250800582508005825080016
:1026C00060250800602508006825080068250800C6
:1026D000702508007025080000A00000A000800000
:1026E000A00000000000000004000000A47B08001F
:1026F000040000000B000000F04D0318FFFFFFFF77
:10270000FFFFFFFFFFFFFFFF010000002A55031836
:102710000CC804181CC804182BC804183BC804189B
:1027200047C8041854C8041862C804185CF7041891
:102730006FC804187CC8041888C804188DC8041809
:1027400097C804189CC80418A0C80418A4C8041882
:1027500007CC041879CB0418AFC80418BBC80418F8
:10276000C1C80418CAC80418D5C80418DFC804189A
:10277000E8C80418F1C80418F5C8041802C90418F8
:1027800009C9041813C9041818C9041823C904185E
:1027900029C9041836C904188ACF0418D5CA0418E0
:1027A000BACA04183EC904184CC904185DC90418F3
:1027B00063C904186CC9041885CC041875C90418B9
:1027C0007AC90418E7CB04181ECB041818CB0418D8
:1027D0001DCB041822CB041827CB04182CCB0418CB
:1027E00031CB041837CB04183DCB041843CB041865
:1027F0004ACB041849CB041850CB041857CB041803
:102800005ECB04189866041801000000C1DD0218B0
:10281000C5E10218BFE30218B9E302180500000081
:1028200001000000C84F0800000000000500000083
:1028300001000000F44F080000000000E42608003A
:10284000E4260800EC260800EC260800F426080020
:10285000F42608000000404604FF000080841E00AB
:10286000000000000000000000000000F4740418E4
:10287000000000001C2708001C27080000000000C2
:10288000010000002C2708002C2708000000000091
:102890000100000000000000000000000000000037
:1028A0000000000000000000000000000000000028
:1028B0000000000000000000000000000000000018
:1028C000000000000000000038750418000000003F
:1028D00078270800782708000000000001000000A9
:1028E0008827080088270800000000000100000079
:1028F00000000000000000000000000000000000D8
:1029000000000000000000000000000000000000C7
:102910000000000000000000000000000000004077
:1029200000000000000000005455080000000000F6
:1029300000000000B45508000300000031C1011878
:102940000100010155C10118030002028DC10118E7
:1029500001000303B1C1011803000404E9C1011817
:10296000010005050DC201180800000000008045A7
:10297000100000001F180318B0560800F856080091
:1029800060570800C8570800000000001028080021
:10299000D057080030580800000000000000000078
:1029A00000001046000000000000000000000000D1
:1029B0000000404544000046080008000C000000EC
:1029C00049180100030800001923031858280800BB
:1029D000020900005F240318582808005C5808000A
:1029E0000000504546000046080008000D000100A8
:1029F0005D180100030A0000192303188828080045
:102A0000020B00005F240318882808009058080073
:102A10000000F0460000000000000000010000007F
:102A200001000000000000000100000002000000A2
:102A30000000000001000000030000000000000092
:102A40000100000004000000000000000100000080
:102A500049300318006570335F6500000000000016
:102A600071030218086570335F3100000000000038
:102A70004F300318006570335F3200000000000023
:102A8000753003180070726F705F30000000000036
:102A9000953003180070726F705F31000000000005
:102AA000293103180070726F705F3200000000005F
:102AB000973003180070726F705F330000000000E1
:102AC000D33103180870726F705F3400000000008B
:102AD000933003180070726F705F350000000000C3
:102AE00069320318006570315F6500000000000066
:102AF00063320318006570315F3000000000000091
:102B00004D080218006570325F650000000000008B
:102B1000A9080218086570325F300000000000004C
:102B200035330318006570325F310000000000008B
:102B30006D080218086570325F3200000000000066
:102B40005D080218006570325F330000000000006D
:102B5000002A08000E0000000000000000637472EC
:102B60006C5F730000000000000000000070726FD6
:102B70007879000000000000302B080005696373BD
:102B8000747265616D000000002B080003696366C4
:102B9000656E636500000000E02A08000270726F35
:102BA00070000000000000000000000000000000B5
:102BB0000000000000000000000000000000000015
:102BC0000000000000000000000000000000000005
:102BD00000000000000000000000000000000000F5
:102BE00000000000000000000000000000000000E5
:102BF00000000000000000000000000000000000D5
:102C000000000000000000000000000000000000C4
:102C100000000000000000000000000000000000B4
:102C200000000000000000000000000000000000A4
:102C300000000000000000000D3503180070726FE6
:102C4000705F6500000000000B3503180070726FA4
:102C5000705F3100000000000D350318006570330F
:102C60005F650000000000000B3503180865703335
:102C70005F300000000000000B3503180065703362
:102C80005F310000000000000D3503180065703250
:102C90005F650000000000000B3503180865703206
:102CA0005F300000000000000B3503180065703233
:102CB0005F310000000000000B350318086570321A
:102CC0005F320000000000000B3503180065703211
:102CD0005F33000000000000F50F0218C73803182A
:102CE000BD3803181D1002186D100218942B08002F
:102CF000942B0800614503183D7E0118E81E08006A
:102D0000FFFFFFFF00000200430000000000000082
:102D100000000000000000000000000000000000B3
:102D20000000000000000000430000000000000060
:102D30000000000000000000000000000000000093
:102D40000000000000000000430000000000000040
:102D50000000000000000000000000000000000073
:102D60000000000000000000430000000000000020
:102D70000000000000000000000000000000000053
:102D80000000000000000000430000000000000000
:102D90000000000000000000000000000000000033
:102DA00000000000000000004300000000000000E0
:102DB0000000000000000000000000000000000013
:102DC00000000000000000004300000000000000C0
:102DD00000000000000000000000000000000000F3
:102DE0000000000000000000B1B5021885B502180F
:102DF00000000000F07C0418A87F0418BC7C0418B4
:102E0000BC7C0418BC7C0418BC7C0418BC7C041872
:102E1000BC7C0418BC7C0418BC7C0418BC7C041862
:102E2000FFFFFFFFFFFFFFFFFFFFFFFFFFFF0000B0
:102E30000100415343494900000000000000000028
:102E40000000000000000000000000000000000082
:102E50000000415343494900000000000000000009
:102E60000000000000000000000000000000000062
:102E70000000000063363200000000000000000087
:102E80000000C000E0019001AE00890001FF0000D9
:102E90000000000000000000000000000000000032
:102EA0000000000000000000000000000000000022
:102EB0000000FFFF000000000000000000002030C4
:102EC00000FC030000000000000000000000000003
:102ED0000000000070130A0000FC00000000000069
:102EE0000000000000000000902D0800902D080058
:102EF00000000000000000000E000000A42D0800EB
:102F0000A42D080000000000000000000E000000DA
:102F1000B82D0800B82D08000000000000000000D7
:102F20000E00000039D8041851640118034610B58A
:102F300010461169C3F30722DBB2012B86B00FD014
:102F4000042B1FD0CDE90332134B0122029300233F
:102F500012491846CDE9003302F066F806B010BDFC
:102F60003424002304FB021484F83C30342404FB92
:102F70000211CC68002CF1D0A446096906B0BDE866
:102F8000104060473423002403FB021383F83C40C5
:102F90006FF00403EAE700BF22ED04187051031834
:102FA00080B584B000AF0346FB7102F031F8B86021
:102FB000FB7901229A400D4B1B681340002B03D074
:102FC0004FF0FF33FB6009E0FB7901229A40074B89
:102FD0001B681343054A13600023FB60B86802F0C6
:102FE00003F8FB6818461037BD4680BDAC53080097
:102FF00080B584B000AF0346FB71FB79012202FA71
:1030000003F3FB6002F004F8B8600A4B1A68FB682F
:103010001340002B06D1FB68DA43074B1B681340B3
:10302000054A1360B86801F0DFFF00BF1037BD46E6
:1030300080BD00BFB0530800AC53080080B584B019
:1030400000AF78600023BB737B68002B02D14FF088
:10305000FF3323E001F0DCFFB8600023FB7310E0D6
:10306000FB7B01229A400F4B1B681340002B05D1BC
:103070007B68FA7B1A700123BB7305E0FB7B01338D
:10308000FB73FB7B072BEBD9B86801F0ADFFBB7B73
:10309000002B01D0002301E04FF0FF33184610371A
:1030A000BD4680BDAC53080080B588B000AFF86065
:1030B000B9607A60FB700023FB77FB68002B03D0BC
:1030C000FB681B78FF2B0BD10123FB7707F117035C
:1030D0001846FFF7B3FF0346002B0CD0FF2350E048
:1030E000FB681B78FB75FB68FF221A70FB7D072BC2
:1030F00001D9FF2345E0FB7D1846FFF751FF03464A
:10310000B3F1FF3F1AD1FB7F002B01D0FF2338E042
:103110000123FB7707F117031846FFF78FFF0346DC
:10312000002B01D0FF232CE0FB7D1846FFF738FF72
:103130000346B3F1FF3F01D1FF2322E0FB68002BE0
:1031400002D0FA7DFB681A70FB78042B01D90423A6
:10315000FB70FB7D1A4613465B0013441B010B4AB0
:103160001344BB6130220021B86901F045FFBB69FF
:10317000BA681A60BB697A685A60BB69FA781A72D1
:10318000FB7D18462037BD4680BD00BFB453080004
:1031900080B588B000AFF860B9607A603B60FB68CA
:1031A00003F4C0637B617B69002B06D1BB68FB61C4
:1031B000BA687B681344BB612CE07B69B3F5007F80
:1031C00034D13B68002B0DD1FB681B0903F00703CA
:1031D0003B6101223B6902FA03F31A46BB681344C0
:1031E000BB6108E03B685B7A1A46012393401A46AC
:1031F000BB681344BB61BA697B689A4206D20E4B26
:103200000E4A4FF4FC710E4801F0EAFEBA697B6881
:10321000D31AFB617968F86901F00AFF0346002BB5
:1032200006D0B969F86901F007F902E000BF00E0D3
:1032300000BF2037BD4680BD3452031864750418A2
:103240004452031880B58AB000AFF860B9607A6064
:103250003B60FB6803F4C073FB61FB69002B06D184
:10326000BB687B62BA687B6813443B622BE0FB69F6
:10327000802B56D13B68002B0DD1FB685B0803F017
:103280000703BB610122BB6902FA03F31A46BB685C
:1032900013443B6208E03B689B7A1A460123934043
:1032A0001A46BB6813443B623A6A7B689A4206D26C
:1032B0001F4B204A40F219211F4801F091FE3A6A43
:1032C0007B68D31A7B627968786A01F0B1FE0346A5
:1032D000002B28D03B68002B15D0012001F07CFE8C
:1032E0000346013B7B617A6A7B691340002B04D162
:1032F0007A687B691340002B05D03B687A6A9A6232
:103300003B687A68DA623B681B69002B04D1396A32
:10331000786A01F0D5F807E0396A786A01F068FE4A
:1033200002E000BF00E000BF2837BD4680BD00BFFF
:1033300034520318747504184452031880B489B0C9
:1033400000AFF860B9607A60BB6803F40033002B0B
:103350001FD0FB68DB681B0DBB61FB68DB68C3F338
:1033600013037B617A68BB69B2FBF3F3B9697A69CD
:103370000A4403FB02F27B68B969B3FBF1F1B86957
:1033800000FB01F15B1A1344FA68527A9340FB6127
:1033900005E0FB685B7A1A467B689340FB61FB693A
:1033A00018462437BD465DF8047B704780B489B069
:1033B00000AFF860B9607A60BB6803F48023002B2B
:1033C00028D0FB685B7A1A467B689340FA68927A49
:1033D000D340BB61FB681B691B0D7B61FB681B69EC
:1033E000C3F313033B61BA697B69B2FBF3F37969F9
:1033F0003A690A4403FB02F2BB697969B3FBF1F154
:10340000786900FB01F15B1A1344FA68927A9340E1
:10341000FB6105E0FB685B7A1A467B689340FB61C1
:10342000FB6918462437BD465DF8047B704780B5BC
:1034300086B000AFF860B9607A603B60FB68002B33
:1034400002D03B6A002B06D1404B414A4FF4187121
:10345000404801F0C5FDFB68002B72D03B6A002B91
:103460006FD0FB6800229A62FB680022DA62FB6878
:103470001B7A032B20D0032B37DC012B02D0022B2D
:103480000DD032E03A6AB968F868FFF757FF786103
:10349000FB687A697968B868FFF77AFE26E03A6ACD
:1034A000B968F868FFF782FF3861FB683A693968E4
:1034B000B868FFF7C7FE19E03A6AB968F868FFF71D
:1034C0003DFF7861FB687A697968B868FFF760FE4C
:1034D0003A6AB968F868FFF769FF3861FB683A69CA
:1034E0003968B868FFF7AEFE00E000BFBB6803F4C0
:1034F0008063002B0FD1FB681B7A042B0BD13A6A37
:10350000B968F868FFF71AFF7861FB687A6979682B
:10351000B868FFF73DFEBB6803F48073002B11D140
:10352000FB681B7A042B0DD13A6AB968F868FFF77B
:103530003DFF3861FB683A693968B868FFF782FE79
:1035400000E000BF1837BD4680BD00BF7C520318A5
:10355000847504184452031880B586B000AFF86033
:10356000B9607A603B60FB68002B02D03B6A002B9D
:1035700006D1254B254A4FF42471254801F030FD32
:10358000FB68002B3BD03B6A002B38D0BB6803F4B0
:103590008063002B13D13A6AB968F868FFF7CEFE52
:1035A0007861BB6803F40073002B04D07A687B69F0
:1035B000D31A7B6003E07A687B6913447B60BB6845
:1035C00003F48073002B13D13A6AB968F868FFF7E7
:1035D000EDFE7861BB6803F08003002B04D03A68ED
:1035E0007B69D31A3B6003E03A687B6913443B6014
:1035F000FB687A681A62FB683A685A6200E000BFAA
:103600001837BD4680BD00BF7C520318947504185E
:103610004452031880B483B000AF78604FF080420A
:103620007B68C2F838334FF080427B68C2F8403381
:103630004FF080427B68C2F848334FF080427B688D
:10364000C2F850334FF080427B68C2F8583300BF55
:103650000C37BD465DF8047B704780B483B000AF83
:1036600078604FF080427B68C2F8383300BF0C3777
:10367000BD465DF8047B704780B483B000AF7860CE
:103680004FF080427B68C2F8403300BF0C37BD4624
:103690005DF8047B704780B483B000AF78604FF072
:1036A00080427B68C2F8583300BF0C37BD465DF8D6
:1036B000047B704780B483B000AF78604FF08042E5
:1036C0007B681B02C2F810334FF080427B681B02FC
:1036D000C2F818334FF080427B681B02C2F82033D7
:1036E0004FF080427B681B02C2F828334FF08042C3
:1036F0007B681B02C2F8303300BF0C37BD465DF853
:10370000047B704780B483B000AF78607B681A0296
:103710004FF080417B681343C1F8103300BF0C3772
:10372000BD465DF8047B704780B483B000AF78601D
:103730007B681A024FF080417B681343C1F8303335
:1037400000BF0C37BD465DF8047B704780B483B082
:1037500000AF78604FF080427B681B02C2F81033E4
:1037600000BF0C37BD465DF8047B704780B483B062
:1037700000AF78604FF080427B681B02C2F83033A4
:1037800000BF0C37BD465DF8047B704780B586B03E
:1037900000AFB9607A603B600346FB73FB7B582245
:1037A00002FB03F303F180437B61FB7B012202FAFE
:1037B00003F33B61FB7B072B0DD84FF08043D3F81D
:1037C000A0233B691340002B05D1184B1A683B69B5
:1037D0001340002B02D14FF0FF3322E03869FFF78E
:1037E00069FF3B68C3F30B027B69DA617B69BA68E6
:1037F0001A607B697A689A607B699B6943F0010271
:103800007B699A613869FFF77DFF3869FFF78CFFA4
:103810003B691A024FF080413B691343C1F8A03362
:10382000002318461837BD4680BD00BFAC530800C2
:1038300080B588B000AFBA607B600346FB730B466F
:10384000BB73FB7B012202FA03F3FB61FB7B582273
:1038500002FB03F303F18043BB61FA7B13465B0079
:1038600013441B013A4A13447B61BB7B002B0BD1F1
:103870007B69DB7A43F00203DAB27B69DA72FB6AB6
:1038800023F00103FB620AE07B69DB7A23F0020389
:10389000DAB27B69DA72FB6A43F00103FB62F86912
:1038A000FFF708FFBB6AB3F5805F06D3294B2A4AAE
:1038B00040F27331294801F093FBBB6AC3F30B025A
:1038C000BB69DA61BB69BA681A60BB697A689A60D9
:1038D000BB69FA6A9A61BB693A6B1A64BB697A6B15
:1038E0005A64BB6900221A61FB6A03F40033002B9F
:1038F00002D07B69DB6800E00023BA699364FB6A4D
:1039000003F48023002B02D07B691B6900E00023B5
:10391000BA691365BB7B002B06D1F869FFF716FF68
:10392000F869FFF723FF05E0F869FFF7EBFEF86998
:10393000FFF7FAFEFB691A024FF08041FB6913435F
:10394000C1F8A033002318462037BD4680BD00BF14
:10395000B4530800B8520318AC7504184452031845
:1039600080B58CB004AFBA607B600346FB730B4636
:10397000BB73FB7B072B02D94FF0FF339BE0FB7B34
:10398000012202FA03F3FB614FF08043D3F8A02336
:10399000FB691340002B05D1494B1A68FB691340A2
:1039A000002B02D14FF0FF3385E0FB6A03F40033B4
:1039B000002B06D0BB6B1B0D002B02D14FF0FF3349
:1039C00079E0FB6A03F48023002B06D0FB6B1B0D10
:1039D000002B02D14FF0FF336DE0FA7B13465B0002
:1039E00013441B01374A1344BB61FB6A5B0803F0B5
:1039F00007037B617B69022B02D94FF0FF335AE04A
:103A00007B69DAB2BB699A72FB6A1B0903F0070390
:103A10007B617B69022B02D94FF0FF334BE07B695E
:103A2000DAB2BB695A72BB69BA6BDA60BB69FA6B0E
:103A30001A61BB69BA6A9A61BB6900225A61BB69A3
:103A40000022DA61BB6900221A62BB6900225A6255
:103A5000BB6900229A62BB690022DA62BB6A40F647
:103A6000FF72934228BF13463B613B6900937B681A
:103A7000BA68F96AB869FFF76FFDBB6A00937B68A3
:103A8000BA68F96AB869FFF7D2FCF869FFF7C2FDB6
:103A9000FB6A23F0C053FB62B97BF87B7B6B03931B
:103AA0003B6B0293FB6A01933B6900937B68BA68A6
:103AB000FFF7BEFE034618462037BD4680BD00BF57
:103AC000AC530800B453080080B58AB006AFB960A3
:103AD0007A603B600346FB733B68B3F5805F02D3BB
:103AE0004FF0FF3312E0F87BBB6A05937B6A0493C7
:103AF0003B6A0393FB690293BB6901933B680093A4
:103B00007B68BA680021FFF72BFF03461846103781
:103B1000BD4680BD90B591B004AFB9607A603B609E
:103B20000346FB73BB68002B03D07B68B3F1804F67
:103B300002D34FF0FF33E4E0BB681B6903F00303DB
:103B4000BB62BB689B6923F0C052BB689A61BB6AC9
:103B5000002B02D04FF0FF33D3E0BB681B6923F08A
:103B60000303FB6230E0FB6A1B6903F00303BA6ADC
:103B70009A4202D04FF0FF33C3E0FB6A9B6903F423
:103B80000033002B06D03B6C1B0D002B02D14FF0F5
:103B9000FF33B6E0FB6A9B6903F48023002B06D059
:103BA0007B6C1B0D002B02D14FF0FF33A9E0FB6AA9
:103BB0001B6923F003037B61FB6A9B6923F0C052FE
:103BC000FB6A9A617B69FB62FB6A002BCBD1FB7BB2
:103BD000072B02D94FF0FF3393E0FB7B012202FA5F
:103BE00003F37B624FF08043D3F8A0237B6A13403A
:103BF000002B05D1454B1A687B6A1340002B02D17C
:103C00004FF0FF337DE0FA7B13465B0013441B014A
:103C10003F4A13443B62BB689B695B0803F00703A0
:103C2000FB61FB69022B02D94FF0FF3369E0FB69AE
:103C3000DAB23B6A9A72BB689B691B0903F00703FF
:103C4000FB61FB69022B02D94FF0FF3359E0FB699E
:103C5000DAB23B6A5A723B6A3A6CDA603B6A7A6C57
:103C60001A61BB68DA693B6A9A613B6A00225A6151
:103C7000BB681B691A463B6ADA613B6A00221A621A
:103C80003B6A00225A623B6A00229A623B6A002227
:103C9000DA62BB68DB6940F6FF72934228BF1346C5
:103CA000BB61BB689969BB681A68BB689868BB69E7
:103CB00000930346386AFFF74FFCBB689969BB68FD
:103CC0001A68BB689868BB68DB6900930346386A6A
:103CD000FFF7ADFB786AFFF79DFCBB681968BB680E
:103CE0009C68BB689B69F87B3A6803927A68029289
:103CF0000193BB69009323460A460121FFF798FD13
:103D0000034618463437BD4690BD00BFAC5308008B
:103D1000B453080080B584B000AF0346FB71FB7953
:103D2000072B01D900231CE001F072F9F860FA7941
:103D30000E4913465B0013441B010B4414331B68EC
:103D4000BB60FB79582202FB03F303F18043DB697C
:103D5000C3F30B03BA681344BB60F86801F044F97D
:103D6000BB6818461037BD4680BD00BFB45308007D
:103D700090B591B004AF0023FB625EE1FB6A58226C
:103D800002FB03F303F180437B620122FB6A02FA28
:103D900003F33B62FA6A13465B0013441B01924A29
:103DA0001344FB614FF08043D3F808233B6A134070
:103DB000002B5BD0386AFFF76EFC4FF08043D3F8DE
:103DC000E8223B6A1340002B02D0386AFFF745FC1B
:103DD0004FF08043D3F8F0223B6A1340002B02D00F
:103DE000386AFFF749FC7B6ADB69C3F30B03BB61ED
:103DF000FB695A69BB691A44FB695A61FB699B6993
:103E0000BA699A4206D2FB699A69BB69D21AFB6900
:103E10009A6102E0FB6900229A617B6A00229A6142
:103E20007B6A0022DA617B6A00221A647B6A0022C4
:103E30005A647B6A00221A61FB6ADBB21846FFF7FC
:103E4000D7F8FB691B68002B00F0F480FB691B6846
:103E5000FA6A120242F00400FA695269F969497A71
:103E600002FA01F1FA6952689847E3E04FF08043A3
:103E7000D3F8E8223B6A1340002B00F0D780386A61
:103E8000FFF7EBFB002387F82B307B6ADB69C3F37A
:103E90000B03BB61FB695A69BB691A44FB695A6130
:103EA0007B6ADB6923F47F6323F00F037A6AD361B3
:103EB000FB699B69BA699A4206D2FB699A69BB6938
:103EC000D21AFB699A6102E0FB6900229A617B6A5F
:103ED0009B697B617B6A1B6C3B617B6A5B6CFB60F3
:103EE000FB699B6940F6FF72934228BF1346BB6192
:103EF000BB69002B1DD0FB691B6A7B60FB695B6A99
:103F00003B60BB6900933B687A687969F869FFF7A1
:103F100023FBFB6AD8B2FB6803933B6902937B697E
:103F20000193BB6900933B687A680121FFF780FC2D
:103F30005FE0FB69DB6A002B0FD0FB69986AFB69C5
:103F40009A6AFB69DB6A1344194600F05FFBFB6960
:103F500000229A62FB690022DA62FB69DB69002BAE
:103F600044D0FB69DB69BB60BB681B691A46FB690F
:103F7000DA61BB68DA69FB699A61BB68DB6940F6A4
:103F8000FF72934228BF1346BB61BB689969BB6847
:103F90001A68BB689868BB6900930346F869FFF725
:103FA000DBFABB689969BB681A68BB689868BB682C
:103FB000DB6900930346F869FFF739FAFB6AD8B268
:103FC000BB681968BB689C68BB689B69FA68039208
:103FD0003A6902920193BB69009323460A46012184
:103FE000FFF726FC05E000BFB4530800012387F863
:103FF0002B3097F82B30002B1CD0FB6ADBB2184615
:10400000FEF7F6FFFB691B68002B13D0FB691B68EA
:10401000FA6A120242F00100FA695269F969497AB2
:1040200002FA01F1FA695268984703E04FF08043C1
:10403000D3F8F032FB6A0133FB62FB6A072B7FF691
:104040009DAE00BF00BF3437BD4690BD80B598B06F
:1040500004AFB9607A603B600346FB733B687B64E6
:10406000BB6803F00303FB64FB6C002B21D0FB6CEB
:10407000C3F10403FB64FA6C7B6C9A4201D97B6C3C
:10408000FB640023BB640CE0BA687B6812781A708A
:10409000BB680133BB607B6801337B60BB6C013361
:1040A000BB64BA6CFB6C9A42EED37A6CFB6CD31A8D
:1040B0007B647B6C03F00303FB647B6C23F00303E2
:1040C0007B64FB6C002B1BD0BA687B6C13443B6495
:1040D0007A687B6C1344FB630023BB640CE03A6C8E
:1040E000FB6B12781A703B6C01333B64FB6B013342
:1040F000FB63BB6C0133BB64BA6CFB6C9A42EED3BE
:10410000FB7B012202FA03F37B634FF08043D3F879
:10411000A0237B6B1340002B05D1564B1A687B6B99
:104120001340002B02D14FF0FF339FE0FA7B134680
:104130005B0013441B01504A13443B637B6C002B10
:1041400014D1FB7B1846FEF753FF3B6B1B68002B1B
:1041500000F08B803B6B1B68FA7B120242F001027D
:1041600010463A6B5268396898477EE03B6B0222F2
:104170005A727B6C9A083B6B9A610223FB620023A4
:10418000BB62FB7B3D4AD35C9B08DBB2184600F068
:104190001FFFB86200237B627B6803F00303002BE0
:1041A00005D10223BB633B6B02229A720FE07B684E
:1041B00003F00103002B05D10123BB633B6B0122FC
:1041C0009A7204E00023BB633B6B00229A72FB7B74
:1041D0002A4AD35C1A463B6B9B7A42FA03F3184691
:1041E00000F0F6FE7862BB6B5A00FB6A1B011A43B3
:1041F0007B6ADB021A43BB6A9B03134343F0010350
:104200003B620023FB610223BB613B6B9B6940F671
:10421000FF72934228BF13467B617B6900937B68E2
:10422000BA68396A386BFFF797F93B6B9B69009363
:104230007B68BA68396A386BFFF7F9F8786BFFF773
:10424000E9F9F87BBB690393FB6902933B6A01932D
:104250007B6900937B68BA680121FFF7E9FA38614E
:104260003B69002B01DA3B6900E000231846503718
:10427000BD4680BDAC530800B45308005C750418FB
:1042800080B594B004AFB9607A603B600346FB73BD
:10429000FB7B012202FA03F3BB634FF08043D3F8A8
:1042A000A023BB6B1340002B05D1604B1A68BB6B7E
:1042B0001340002B02D14FF0FF33B3E097F850309A
:1042C000022B03D897F85430022B02D94FF0FF335A
:1042D000A8E097F85030012202FA03F37B6397F8C5
:1042E0005430012202FA03F33B637B6B5A1EBB6816
:1042F0001340002B05D13B6B5A1E7B681340002BEB
:1043000002D04FF0FF338DE07B6B5A1E3B681340A9
:10431000002B05D13B6B5A1E3B681340002B02D08B
:104320004FF0FF337EE0FA7B13465B0013441B0122
:104330003F4A1344FB62FB6A97F850205A72FB6AAB
:1043400097F854209A723B689A08FB6A9A61FB6A54
:10435000BA6CDA60FB6AFA6C1A61FB7B354AD35C93
:104360001A467B6BB2FBF3F3184600F031FEB862DD
:10437000FB7B304AD35C1A463B6BB2FBF3F3184627
:1043800000F026FE786297F854305B0043F001029B
:1043900097F850301B0113431A467B6ADB021A431D
:1043A000BB6A9B031343FB63BB6C002B03D0FB6B0B
:1043B00043F40033FB63FB6C002B03D0FB6B43F433
:1043C0008023FB6300233B620223FB61FB6A9B6942
:1043D00040F6FF72934228BF1346BB61BB6900934E
:1043E0007B68BA68F96BF86AFFF7B6F8FB6A9B69F5
:1043F00000937B68BA68F96BF86AFFF718F8B86B36
:10440000FFF708F9F87BFB6903933B6A0293FB6BA8
:104410000193BB6900937B68BA680121FFF708FA32
:1044200078617B6918464037BD4680BDAC530800B3
:10443000B45308005C75041880B489B000AF78608C
:1044400039601F23FB61FB69DB437A6813407B60A3
:104450003A68FB691A44FB69DB4313403B607B68A5
:1044600039687A688A1ABB617A617B69002B1DDD25
:10447000BB6903F01F027B6913443B61BB69FB60AE
:10448000BFF34F8F00BF0D4AFB68C2F86832FB686C
:104490002033FB603B69203B3B613B69002BF2DC36
:1044A000BFF34F8F00BFBFF36F8F00BF00BF00BFD0
:1044B0002437BD465DF8047B704700BF00ED00E087
:1044C00080B493B000AF786039607B687B643B68F0
:1044D0003B642023FB63FB6B5B427A6813407B6089
:1044E0003A68FB6B13445A1EFB6B5B4213403B6004
:1044F0007A683B689A427ED07A687B6C9A4225D073
:104500007A68FB6BBA637B637B6B002B1DDDBB6B37
:1045100003F01F027B6B13443B63BB6BFB62BFF377
:104520004F8F00BF384AFB6AC2F86832FB6A2033FB
:10453000FB623B6B203B3B633B6B002BF2DCBFF32E
:104540004F8F00BFBFF36F8F00BF00BF3A683B6C57
:104550009A4228D03A68FB6BD31A1A46FB6BBA62B0
:104560007B627B6A002B1DDDBB6A03F01F027B6A46
:1045700013443B62BB6AFB61BFF34F8F00BF224A0B
:10458000FB69C2F86832FB692033FB613B6A203B60
:104590003B623B6A002BF2DCBFF34F8F00BFBFF3DF
:1045A0006F8F00BF00BF7B6839687A688A1ABB6169
:1045B0007A617B69002B20DDBB6903F01F027B69F8
:1045C00013443B61BB69FB60BFF34F8F00BF0E4AD2
:1045D000FB68C2F85C32FB682033FB603B69203B20
:1045E0003B613B69002BF2DCBFF34F8F00BFBFF391
:1045F0006F8F00BF01E000BF00E000BF4C37BD4639
:104600005DF8047B704700BF00ED00E080B58EB020
:1046100000AF786039607B683B633B68FB622023B6
:10462000BB62BB6A5B427A6813407B603A68BB6AD4
:1046300013445A1EBB6A5B4213403B607A683B6876
:104640009A4200F08E8000237B637A683B6B9A422B
:1046500003D13A68FB6A9A4201D001237B637B6BEA
:10466000002B01D000F0DCFC7A683B6B9A4235D01D
:1046700078683A6B7B68D31A1A463C4900F0DCFC38
:104680007A68BB6A7A623B623B6A002B1DDD7B6AFB
:1046900003F01F023B6A1344FB617B6ABB61BFF3FB
:1046A0004F8F00BF324ABB69C2F85C32BB6920330E
:1046B000BB61FB69203BFB61FB69002BF2DCBFF3B4
:1046C0004F8F00BFBFF36F8F00BF00BF79683A6B99
:1046D0007B68D31A1A46254800F0AEFC3A68FB6A9C
:1046E0009A4238D0F86A3A68FB6AD31A1A461F49C8
:1046F00000F0A2FC3A68BB6AD31A1A46BB6A7A6118
:104700003B613B69002B1DDD7B6903F01F023B69A8
:104710001344FB607B69BB60BFF34F8F00BF144A3B
:10472000BB68C2F85C32BB682033BB60FB68203BCF
:10473000FB60FB68002BF2DCBFF34F8F00BFBFF3C1
:104740006F8F00BF00BFF96A3A68FB6AD31A1A4636
:10475000064800F071FC7B6B002B03D000F050FC8E
:1047600000E000BF3837BD4680BD00BF34550800AB
:1047700000ED00E080B500AF024800F0AFF800BFE8
:1047800080BD00BF5828080080B500AF024800F087
:10479000A5F800BF80BD00BF8828080080B483B0A2
:1047A00000AF78607B68134A93420AD1114B1B68B3
:1047B000114A934203D10F4B9B890C2B12D000233B
:1047C00011E07B680D4A93420AD10C4B1B680C4ADE
:1047D000934203D1094B9B890D2B03D0002302E0A8
:1047E000002300E07B6818460C37BD465DF8047B6B
:1047F000704700BF5828080000004045882808007E
:104800000000504580B48BB000AF786039607B68A1
:104810001B685B6B1B0C03F01F037B6200233B6276
:104820007B681B89BB6144E00023FB617B68DB6A1A
:104830001B7C082B0DD87B68DB6ADB69FB607B681F
:10484000DA6A536A591C5162FA6813441B78FB6197
:1048500021E07B68DB6A1B7C102B0ED87B68DB6A4F
:10486000DB693B617B68DA6A536A591C51625B0001
:104870003A6913441B88FB610DE07B68DB6ADB69E6
:104880007B617B68DA6A536A591C51629B007A69C2
:1048900013441B68FB617B681B68FA69DA627B6AF8
:1048A00001337B623B6A01333B623A6A3B689A425E
:1048B0000CD27A6ABB699A4209D27B68DB6A5A6A6F
:1048C0007B68DB6ADB6A9A42AED300E000BF3B6ADA
:1048D00018462C37BD465DF8047B704780B592B012
:1048E00000AF78600023FB630023BB6300233B64BD
:1048F0007B68DB6A5B7B03F00F03022B0CBF012399
:10490000002387F837307B68DB6A1B7B03F00103E9
:10491000002B14BF0123002387F836307B681B6807
:10492000DB6B3B633B6B03F00103002B09D07B681F
:10493000DA6A938A43F0040393823B6C43F00203E8
:104940003B643B6B03F00203002B09D07B68DA6AFF
:10495000938A43F0080393823B6C43F002033B6469
:104960003B6B03F02003002B66D07B681B685B6AFF
:10497000542B5BD0542B5ED8252B49D8052B5AD30A
:10498000053B202B57D801A252F823F0ED1A010065
:104990000B1B01000B1B01000B1B01000B1B01007B
:1049A0000B1B0100F71A0100F71A01000B1B010095
:1049B000F71A01000B1B01000B1B01000B1B010070
:1049C0000B1B01000B1B01000B1B0100ED1A01006A
:1049D0000B1B01000B1B01000B1B01000B1B01003B
:1049E0000B1B01000B1B01000B1B01000B1B01002B
:1049F0000B1B01000B1B01000B1B01000B1B01001B
:104A00000B1B01000B1B01000B1B0100ED1A010029
:104A1000513B012B0FD809E03B6C43F020033B6472
:104A20000AE03B6C43F008033B6405E03B6C43F059
:104A300010033B6400E000BF3B6B03F00803002B56
:104A40005DD07B681B895B089BB219467868FFF7CD
:104A5000D9FE7B68DB6A5A6A7B68DB6ADB6A9A424A
:104A60004DD17B681B689A6B7B681B6822F00A0239
:104A70009A637B68DA6A938A6FF3051393827B6883
:104A8000DB6A5B69C3F34003DBB2002B37D07B6882
:104A9000DB6A93F83230012B0DD07B68DB6A93F828
:104AA0003230032B2BD17B68DB6A5B69C3F3811344
:104AB000DBB2002B23D17B681B6800229A637B68E2
:104AC000DA6A938A6FF30003938297F83730002BEA
:104AD00011D097F83630002B0DD07B68DB6A9B68CD
:104AE000002B08D07B68DB6A9B687A68D289D2B2D7
:104AF0000121104698473B6C43F001033B643B6B3C
:104B000003F00403002B00F0EA807B681B685B6BFA
:104B10001B0A03F01F037B647B68DB6A1A6A7B68ED
:104B2000DB6A9B6A9A42C0F0B98006E07B681B682A
:104B3000DB6AFB637B6C013B7B647B6C002BF5D1F8
:104B4000CDE07B681B68DB6AFB637B68DB6A5B69C3
:104B5000C3F30023DBB2002B09D07B68DB6AFA6B5E
:104B60009A617B68DB6A1A6A01321A6236E07B68F6
:104B7000DB6A1B7C082B0ED87B68DB6A9B697B6237
:104B80007B68DA6A136A591C11627A6A1344FA6BF9
:104B9000D2B21A7022E07B68DB6A1B7C102B0FD824
:104BA0007B68DB6A9B69BB627B68DA6A136A591CA3
:104BB00011625B00BA6A1344FA6B92B21A800DE07C
:104BC0007B68DB6A9B69FB627B68DA6A136A591C43
:104BD00011629B00FA6A1344FA6B1A607B68DB6A05
:104BE0001A6A7B68DB6A9B6A9A4254D37B681B68AB
:104BF0009A6B7B681B6822F005029A637B68DA6A0D
:104C0000938A6FF3871393827B68DA6A938A6FF3D0
:104C1000082393827B68DB6A5B69C3F34003DBB2E2
:104C2000002B40D07B68DB6A93F83230022B0DD02A
:104C30007B68DB6A93F83230032B34D17B68DB6A04
:104C40005B69C3F30113DBB2002B2CD17B681B68BB
:104C500000229A637B68DA6A938A6FF30003938277
:104C600097F83730002B11D097F83630002B0DD045
:104C70007B68DB6A9B68002B08D07B68DB6A9B68DB
:104C80007A68D289D2B20121104698473B6C43F032
:104C900001033B6407E07B6C013B7B647B6C002B76
:104CA0007FF44FAF00E000BF7B685B895B089BB27D
:104CB0003B623B6A012B12DD7B68DB6A9A6A7B6888
:104CC000DB6A1B6AD31AFB61FB69002B07DDFA69FB
:104CD0003B6A9A4203DA0121786800F095F93B6B50
:104CE00003F01003002B00F04E817B681B6800224C
:104CF0009A637B68DB6A5B7B03F00F03022B07D1AF
:104D00007B681B681A6E7B681B6822F480321A6607
:104D10007B68DB6A93F83230022B51D07B68DB6A08
:104D20005B69C3F30113DBB2012B1DD17B68DB6A26
:104D300093F83030002B17D17B68DB6A9B7B002116
:104D4000184600F069F97B68DB6A9B7B1846FEF722
:104D5000E1FF0346FB607B68DB6AFA685A627B68A6
:104D6000DB6A012283F830207B681B685B6B1B0CBD
:104D700003F01F037B647B6C002B07D07B68DB6A2E
:104D8000596A7B68DB6A7A6C8A1A5A627B68DB6ACA
:104D90005B7B03F00F03022B12D17B681B685B6EF9
:104DA0001B0CC3F30903FB607B681B685A6E7B68AE
:104DB0001B6842F000425A667B68DB6AFA685A62F6
:104DC0007B68DB6A93F83230012B00F0B0807B689F
:104DD000DB6A5B69C3F38113DBB2012B1DD17B68F6
:104DE000DB6A93F83130002B17D17B68DB6ADB7B01
:104DF0000121184600F010F97B68DB6ADB7B18465E
:104E0000FEF788FF0346FB607B68DB6AFA681A627C
:104E10007B68DB6A012283F831207B681B685B6B4F
:104E20001B0A03F01F03BB63BB6B7B6463E07B68FF
:104E3000DB6A1A6A7B68DB6A9B6A9A4206D37B68E4
:104E4000DA6A7B68DB6A926A1A6257E07B681B68E1
:104E5000DB6AFB637B68DB6A5B69C3F30023DBB25D
:104E6000002B09D07B68DB6AFA6B9A617B68DB6A8E
:104E70001A6A01321A623BE07B68DB6A1B7C082BF2
:104E80000ED87B68DB6A9B693B617B68DA6A136AD0
:104E9000591C11623A691344FA6BD2B21A7027E0B6
:104EA0007B68DB6A1B7C102B0FD87B68DB6A9B69F5
:104EB0007B617B68DA6A136A591C11625B007A694C
:104EC0001344FA6B92B21A8012E07B68DB6A1B7C97
:104ED000202B0DD87B68DB6A9B69BB617B68DA6A33
:104EE000136A591C11629B00BA691344FA6B1A6069
:104EF0007B6C013B7B647B6C002B98D17B68DB6A0D
:104F00005B7B03F00F03022B11D17B681B685B6E88
:104F1000C3F30903FB607B681B685A6E7B681B68E0
:104F200042F400425A667B68DB6AFA681A627B6860
:104F30001B681A6B7B681B6822F018021A637B6877
:104F40001B681A6B7B681B6842F006021A637B6859
:104F5000DA6A938A6FF3000393827B68DA6A938A32
:104F60006FF3082393827B68DA6A938A6FF30513E1
:104F700093827B68DA6A938A6FF3871393823B6C20
:104F800043F001033B647B681B683A6BDA637B6820
:104F90001B68DB6B7B68DB6A1B68002B14D03B6CE7
:104FA000002B11D03B6C03F00103002B03D07B6876
:104FB0001B6800229A637B68DB6A1B687A68D26A86
:104FC00052681146386C984700BF4837BD4680BDCF
:104FD0005FF800F061F202185FF800F015F20218B5
:104FE0005FF800F0957402185FF800F0F1F1021814
:104FF0005FF800F021B001185FF800F0518002184E
:105000005FF800F0CFF202185FF800F0E51D03181A
:105010005FF800F0C9F102185FF800F011AE011856
:105020005FF800F0B1F202185FF800F097E602189E
:105030005FF800F0DDAE01185FF800F0EDF2021845
:0450400015E015E082
:00000001FF
